Geo,Year,D3bpo4
1,2005,105.5690838
2,2005,46.6358081
3,2005,99.09258505
4,2005,87.22734595
5,2005,110.8386357
6,2005,74.20800686
7,2005,87.40886913
8,2005,81.9449186
9,2005,70.92618807
10,2005,51.44516396
11,2005,61.4360391
12,2005,57.05570257
13,2005,70.17095239
14,2005,60.14082485
15,2005,87.22567117
16,2005,58.1584593
17,2005,105.4307076
18,2005,99.91596832
19,2005,122.8544854
20,2005,141.9640536
21,2005,110.5277574
22,2005,134.0957663
23,2005,104.5074054
24,2005,83.26209779
25,2005,53.2537025
26,2005,67.5369201
27,2005,35.25484575
28,2005,71.14185121
29,2005,48.27866902
30,2005,48.4207193
31,2005,63.83825983
32,2005,86.82404127
33,2005,133.8387082
34,2005,95.62143921
35,2005,69.63470606
36,2005,55.32738994
37,2005,98.31631465
38,2005,91.66562492
39,2005,132.7259622
40,2005,95.72442141
41,2005,119.2126007
42,2005,160.3498962
43,2005,113.6600009
44,2005,134.0752184
45,2005,97.98102323
46,2005,97.97761597
47,2005,63.52569084
48,2005,33.22136513
49,2005,80.27562908
50,2005,141.3563658
51,2005,158.7937832
52,2005,155.6987189
53,2005,139.2461168
54,2005,137.2040869
55,2005,119.7997807
56,2005,90.88534894
57,2005,83.00615172
58,2005,101.549892
59,2005,87.67112799
60,2005,42.45201928
61,2005,106.7957761
62,2005,106.064107
63,2005,79.14781568
64,2005,90.45509825
65,2005,92.22764225
66,2005,82.04050703
67,2005,61.47611329
68,2005,77.44160506
69,2005,55.33287686
70,2005,56.66582509
71,2005,57.07090112
72,2005,48.5512464
73,2005,40.47200843
74,2005,76.91795371
75,2005,72.28546874
76,2005,23.3588075
77,2005,95.67024845
78,2005,115.1517935
79,2005,140.5486793
80,2005,127.146452
81,2005,110.5478256
82,2005,111.6235536
83,2005,98.64677848
84,2005,117.0676391
85,2005,69.64681814
86,2005,25.8148037
87,2005,57.74588536
88,2005,17.92465294
89,2005,29.57859899
90,2005,13.04359428
91,2005,31.43615666
92,2005,20.88608196
93,2005,11.76285783
94,2005,25.6278418
95,2005,23.07810045
96,2005,22.88097532
97,2005,29.36263412
98,2005,28.59347356
99,2005,30.61451837
100,2005,22.33890255
101,2005,25.02605097
102,2005,5.568198062
103,2005,13.98972224
104,2005,10.2710371
105,2005,15.14686825
106,2005,1.896646112
107,2005,6.996772962
108,2005,56.03553813
109,2005,20.03179522
110,2005,25.00365476
111,2005,71.18439479
112,2005,75.02279428
113,2005,27.54641448
114,2005,23.71872947
115,2005,21.83648209
116,2005,25.63768752
117,2005,18.09718102
118,2005,24.57329012
119,2005,21.9992127
120,2005,18.69353718
121,2005,40.86381937
122,2005,26.02603765
123,2005,12.37318115
124,2005,19.77448271
125,2005,41.05497959
126,2005,79.76288398
127,2005,34.13287444
128,2005,5.484530297
129,2005,6.098932402
130,2005,7.126714371
131,2005,10.53953635
132,2005,11.66566747
133,2005,11.21371053
134,2005,9.774409338
135,2005,8.636898782
136,2005,12.143713
137,2005,16.41216349
138,2005,16.23364086
139,2005,15.69136018
140,2005,7.215965709
141,2005,9.205038946
142,2005,12.84066175
143,2005,13.84259136
144,2005,13.52262935
145,2005,13.90717402
146,2005,12.50881804
147,2005,15.25594741
148,2005,19.00820717
149,2005,9.313485752
150,2005,12.17089859
151,2005,13.68573198
152,2005,16.44028113
153,2005,9.580967279
154,2005,25.34275789
155,2005,14.83096137
156,2005,25.70496681
157,2005,7.225079633
158,2005,9.476934417
159,2005,5.577852259
160,2005,10.64748756
161,2005,8.545503602
162,2005,2.070676292
163,2005,23.01335355
164,2005,8.354188909
165,2005,10.28708541
166,2005,8.706422475
167,2005,9.035817797
168,2005,14.26484437
169,2005,3.530075234
170,2005,145.1050362
171,2005,43.7681884
172,2005,45.20823972
173,2005,29.00317038
174,2005,6.559873718
175,2005,10.98486929
176,2005,16.89268495
177,2005,5.675881866
178,2005,3.006515304
179,2005,9.861724398
180,2005,9.730113287
181,2005,12.77802828
182,2005,10.69611246
183,2005,9.316714758
184,2005,29.13954975
185,2005,11.23900114
186,2005,15.44093261
187,2005,27.48802045
188,2005,30.66137023
189,2005,22.0147782
190,2005,20.74489172
191,2005,12.52065106
192,2005,9.20233756
193,2005,5.585861411
194,2005,19.56790269
195,2005,9.119468415
196,2005,19.23807305
197,2005,8.445503751
198,2005,13.38072601
199,2005,51.94580763
200,2005,19.54006254
201,2005,18.18330791
202,2005,11.22606461
203,2005,10.37633741
204,2005,10.6124262
205,2005,3.563712372
206,2005,8.484190767
207,2005,8.919629242
208,2005,9.04048953
209,2005,11.93533747
210,2005,7.496722095
211,2005,20.94664944
212,2005,6.495344256
213,2005,58.49675665
214,2005,33.41211474
215,2005,8.651564976
216,2005,6.520356929
217,2005,7.150889263
218,2005,9.509944917
219,2005,6.390599403
220,2005,3.98519532
221,2005,6.871998987
222,2005,12.30502242
223,2005,10.32961012
224,2005,0.609207425
225,2005,25.47713337
226,2005,16.7663509
227,2005,10.16254563
228,2005,10.85369209
229,2005,1.650566673
230,2005,1.261001981
231,2005,0.612179284
232,2005,0.500316759
233,2005,0.894099101
234,2005,0.217945264
235,2005,2.49921524
236,2005,5.993092282
237,2005,4.932249712
238,2005,1.456513725
239,2005,1.080011916
240,2005,0.308630316
241,2005,0.944399056
242,2005,3.608731272
243,2005,1.86002596
244,2005,0.828496087
245,2005,0.659803265
246,2005,1.515843097
247,2005,2.430332536
248,2005,1.350876495
249,2005,1.036841809
250,2005,6.651798036
251,2005,0.051918168
252,2005,6.012907717
253,2005,6.751368553
254,2005,7.814922593
255,2005,9.065627818
256,2005,8.219823929
257,2005,9.355486768
258,2005,7.126108311
259,2005,15.33224304
260,2005,28.99490211
261,2005,8.261866193
262,2005,13.90712821
263,2005,19.33960176
264,2005,3.896460453
265,2005,4.117247487
266,2005,16.1078834
267,2005,25.47768954
268,2005,19.11631073
269,2005,10.74705146
270,2005,9.335413971
271,2005,28.63026508
272,2005,29.50451968
273,2005,21.38442364
274,2005,16.42714906
275,2005,17.31327127
276,2005,16.97309083
277,2005,7.515587871
278,2005,10.45689374
279,2005,12.00986525
280,2005,9.117791299
281,2005,8.067207586
282,2005,15.36042873
283,2005,17.012975
284,2005,13.6154652
285,2005,22.16175671
286,2005,13.4671632
287,2005,18.49440958
288,2005,17.20303407
289,2005,12.69676011
290,2005,11.16232134
291,2005,14.06248712
292,2005,20.92205887
293,2005,14.43569914
294,2005,10.34997284
295,2005,26.98372745
296,2005,10.41419105
297,2005,12.57734525
298,2005,11.25912422
299,2005,9.214571734
300,2005,7.919629455
301,2005,17.24997763
302,2005,18.02701643
303,2005,19.28450453
304,2005,21.88114835
305,2005,16.01517637
306,2005,18.17029065
307,2005,19.52443386
308,2005,8.450347018
309,2005,13.98625656
310,2005,13.52944577
311,2005,19.48128615
312,2005,15.57772721
313,2005,10.58845455
314,2005,7.108601682
315,2005,5.729353313
316,2005,8.679678577
317,2005,12.95222927
318,2005,8.24459478
319,2005,7.622114355
320,2005,8.807055751
321,2005,8.940433999
322,2005,9.581441474
323,2005,7.222489607
324,2005,2.662243081
325,2005,4.101536005
326,2005,9.923336726
327,2005,11.93947896
328,2005,11.62948864
329,2005,10.53401835
330,2005,12.03521442
331,2005,17.51677683
332,2005,14.73795793
333,2005,10.61301862
334,2005,13.12265991
335,2005,4.187245769
336,2005,21.8559733
337,2005,21.74638131
338,2005,21.83094804
339,2005,12.01622566
340,2005,14.02023926
341,2005,18.7050215
342,2005,25.71278139
343,2005,2.820551907
344,2005,10.14374772
345,2005,10.47151045
346,2005,18.7763363
347,2005,3.165202994
348,2005,6.478604472
349,2005,7.590707301
350,2005,8.648261314
351,2005,19.99623522
352,2005,12.68808204
353,2005,0.093531557
354,2005,0.128209465
355,2005,2.003687653
356,2005,0.50843658
357,2005,0.700379346
358,2005,1.366352201
359,2005,0.249733734
360,2005,0.860078525
361,2005,0.8229894
362,2005,0.607687163
363,2005,2.589554216
364,2005,22.62540128
365,2005,0.672161089
366,2005,5.288279689
367,2005,13.79531487
368,2005,10.79658225
369,2005,10.40106738
370,2005,11.58884007
371,2005,24.89132532
372,2005,6.340520572
373,2005,0.659837456
374,2005,0.74427746
375,2005,16.08000446
376,2005,24.51406484
377,2005,18.96187814
378,2005,7.32969814
379,2005,0.243804157
380,2005,0.476459744
381,2005,4.216796356
382,2005,15.48625166
383,2005,7.282025989
384,2005,12.49151014
385,2005,18.71000724
386,2005,18.11777112
387,2005,17.06953113
388,2005,23.94847542
389,2005,9.586084548
390,2005,9.436331879
391,2005,21.99272156
392,2005,19.12482895
393,2005,13.82952525
394,2005,8.223557327
395,2005,17.0676279
396,2005,9.413465998
397,2005,11.32770125
398,2005,6.864312089
399,2005,14.00794007
400,2005,3.215457686
401,2005,10.97393815
402,2005,18.96522261
403,2005,7.989677598
404,2005,7.826196422
405,2005,44.00120427
406,2005,24.54028251
407,2005,5.721647492
408,2005,15.58550498
409,2005,10.57244482
410,2005,5.575392785
411,2005,47.52666017
412,2005,19.30063929
413,2005,19.30122408
414,2005,20.494978
415,2005,14.30055039
416,2005,22.6582257
417,2005,3.636212179
418,2005,12.2543324
419,2005,19.58236067
420,2005,13.68137078
421,2005,24.33406615
422,2005,24.55760262
423,2005,18.90512924
424,2005,17.37465406
425,2005,13.98145253
426,2005,6.091700746
427,2005,18.2277295
428,2005,21.39604053
429,2005,31.12483729
430,2005,26.9050057
431,2005,7.811355651
432,2005,26.69427284
433,2005,25.5681243
434,2005,5.854531275
435,2005,26.05753432
436,2005,13.48522364
437,2005,9.903217223
438,2005,6.309270661
439,2005,22.69178086
440,2005,20.24127644
441,2005,23.84743838
442,2005,25.2494246
443,2005,18.51448528
444,2005,23.9796022
445,2005,13.81158394
446,2005,27.98702892
447,2005,74.81484701
448,2005,108.3740697
449,2005,101.6529523
450,2005,131.4454695
451,2005,133.589875
452,2005,59.08245292
453,2005,76.69990187
454,2005,21.74084527
455,2005,12.0657221
456,2005,13.49539384
457,2005,20.09072292
458,2005,20.85299781
459,2005,19.87483009
1,2010,109.3963702
2,2010,48.32653602
3,2010,102.6850735
4,2010,90.38967367
5,2010,114.8569637
6,2010,76.89833333
7,2010,90.57777778
8,2010,84.91573796
9,2010,73.49753595
10,2010,53.31024958
11,2010,63.66333248
12,2010,59.12419185
13,2010,72.71492006
14,2010,62.32116172
15,2010,90.38793818
16,2010,60.26692777
17,2010,109.2529774
18,2010,103.5383075
19,2010,127.3084343
20,2010,147.1107981
21,2010,114.5348149
22,2010,138.957255
23,2010,108.2962019
24,2010,86.28066998
25,2010,55.18435462
26,2010,69.98539394
27,2010,36.53296989
28,2010,73.72101772
29,2010,50.02895698
30,2010,50.17615713
31,2010,66.15264298
32,2010,89.97174764
33,2010,138.6908775
34,2010,99.08808519
35,2010,72.15923273
36,2010,57.33322122
37,2010,101.8806603
38,2010,94.98885738
39,2010,137.5377902
40,2010,99.1948009
41,2010,123.5345173
42,2010,166.1631984
43,2010,117.7806143
44,2010,138.9359622
45,2010,101.5332132
46,2010,101.5296824
47,2010,65.82874216
48,2010,34.42576775
49,2010,83.18593026
50,2010,146.4810793
51,2010,164.5506703
52,2010,161.343398
53,2010,144.2943256
54,2010,142.1782643
55,2010,124.1429849
56,2010,94.18029339
57,2010,86.01544488
58,2010,105.2314673
59,2010,90.84954453
60,2010,43.99106872
61,2010,110.6675349
62,2010,109.90934
63,2010,82.01722927
64,2010,93.73444444
65,2010,95.57125
66,2010,85.01479185
67,2010,63.70485951
68,2010,80.24916193
69,2010,57.33890706
70,2010,58.72017981
71,2010,59.13994141
72,2010,50.31141634
73,2010,41.93927484
74,2010,79.70652621
75,2010,74.90609579
76,2010,24.20565437
77,2010,99.13866396
78,2010,119.3264901
79,2010,145.6441111
80,2010,131.7560013
81,2010,114.5556106
82,2010,115.670338
83,2010,102.2231047
84,2010,121.3117926
85,2010,72.17178392
86,2010,26.7506899
87,2010,59.83939643
88,2010,18.57449075
89,2010,30.65093729
90,2010,13.51647488
91,2010,32.57583859
92,2010,21.64328299
93,2010,12.1893068
94,2010,26.55694992
95,2010,23.91477061
96,2010,23.71049892
97,2010,30.42714286
98,2010,29.63009726
99,2010,31.72441274
100,2010,23.14877393
101,2010,25.93334184
102,2010,5.770066719
103,2010,14.49690363
104,2010,10.64340181
105,2010,15.69600065
106,2010,1.965406849
107,2010,7.250432968
108,2010,58.06704252
109,2010,20.75802506
110,2010,25.91013368
111,2010,73.76510366
112,2010,77.74265993
113,2010,28.54507825
114,2010,24.57862489
115,2010,22.62813879
116,2010,26.56715257
117,2010,18.75327363
118,2010,25.46416667
119,2010,22.79676902
120,2010,19.37125
121,2010,42.34529043
122,2010,26.9695819
123,2010,12.82175669
124,2010,20.49138397
125,2010,42.54338095
126,2010,82.65459617
127,2010,35.37032279
128,2010,5.683365674
129,2010,6.320042225
130,2010,7.385085255
131,2010,10.9216352
132,2010,12.08859292
133,2010,11.62025079
134,2010,10.12876938
135,2010,8.950019675
136,2010,12.58396944
137,2010,17.00716771
138,2010,16.82217296
139,2010,16.2602325
140,2010,7.477572298
141,2010,9.538757112
142,2010,13.30618527
143,2010,14.34443869
144,2010,14.01287682
145,2010,14.41136272
146,2010,12.96231094
147,2010,15.80903435
148,2010,19.697328
149,2010,9.651135533
150,2010,12.6121406
151,2010,14.18189255
152,2010,17.03630473
153,2010,9.928314297
154,2010,26.26153061
155,2010,15.36864092
156,2010,26.636871
157,2010,7.487016637
158,2010,9.820509842
159,2010,5.780070917
160,2010,11.03350005
161,2010,8.855311067
162,2010,2.145746294
163,2010,23.84767638
164,2010,8.657060479
165,2010,10.66003194
166,2010,9.022063871
167,2010,9.363401044
168,2010,14.782
169,2010,3.658054076
170,2010,150.3656534
171,2010,45.35495405
172,2010,46.84721278
173,2010,30.05464717
174,2010,6.797694442
175,2010,11.38311317
176,2010,17.50510993
177,2010,5.881654475
178,2010,3.11551308
179,2010,10.21924994
180,2010,10.08286742
181,2010,13.24128109
182,2010,11.08388779
183,2010,9.654481602
184,2010,30.19597082
185,2010,11.64645828
186,2010,16.00072597
187,2010,28.48456721
188,2010,31.77296316
189,2010,22.81289882
190,2010,21.49697406
191,2010,12.97457295
192,2010,9.53595779
193,2010,5.788370432
194,2010,20.27731464
195,2010,9.450084319
196,2010,19.9355274
197,2010,8.751685836
198,2010,13.86582893
199,2010,53.82904352
200,2010,20.24846517
201,2010,18.84252295
202,2010,11.63305275
203,2010,10.75251966
204,2010,10.99716759
205,2010,3.692910691
206,2010,8.791775406
207,2010,9.243000205
208,2010,9.368242144
209,2010,12.36803949
210,2010,7.768507186
211,2010,21.70604627
212,2010,6.730825538
213,2010,60.6174897
214,2010,34.62343277
215,2010,8.965217576
216,2010,6.756745017
217,2010,7.41013658
218,2010,9.8547171
219,2010,6.62228328
220,2010,4.129674022
221,2010,7.121135456
222,2010,12.75112695
223,2010,10.70409833
224,2010,0.631293544
225,2010,26.40077772
226,2010,17.37419579
227,2010,10.53097711
228,2010,11.24718029
229,2010,1.710406081
230,2010,1.306718166
231,2010,0.634373144
232,2010,0.518455172
233,2010,0.926513642
234,2010,0.22584662
235,2010,2.589821432
236,2010,6.210364993
237,2010,5.111062788
238,2010,1.509317965
239,2010,1.119166514
240,2010,0.319819356
241,2010,0.978637164
242,2010,3.7395617
243,2010,1.927459075
244,2010,0.858532265
245,2010,0.683723678
246,2010,1.570798256
247,2010,2.518441464
248,2010,1.399850978
249,2010,1.074431324
250,2010,6.892951371
251,2010,0.053800402
252,2010,6.230898814
253,2010,6.996131703
254,2010,8.098243679
255,2010,9.394291792
256,2010,8.517824251
257,2010,9.694659247
258,2010,7.384457223
259,2010,15.88809599
260,2010,30.04607915
261,2010,8.561390708
262,2010,14.41131524
263,2010,20.04073692
264,2010,4.037722173
265,2010,4.266513589
266,2010,16.6918563
267,2010,26.40135406
268,2010,19.80935072
269,2010,11.13667352
270,2010,9.673858734
271,2010,29.66822262
272,2010,30.57417231
273,2010,22.15969148
274,2010,17.02269658
275,2010,17.94094413
276,2010,17.58843084
277,2010,7.788056919
278,2010,10.83599647
279,2010,12.44526919
280,2010,9.448346401
281,2010,8.359674977
282,2010,15.91730351
283,2010,17.62976096
284,2010,14.10907833
285,2010,22.96520587
286,2010,13.95539981
287,2010,19.16490326
288,2010,17.82671041
289,2010,13.15706663
290,2010,11.56699854
291,2010,14.57230652
292,2010,21.6805642
293,2010,14.95904891
294,2010,10.72519928
295,2010,27.96199164
296,2010,10.79174564
297,2010,13.03332253
298,2010,11.6673109
299,2010,9.5486355
300,2010,8.206746569
301,2010,17.87535586
302,2010,18.6805653
303,2010,19.9836422
304,2010,22.67442437
305,2010,16.59578828
306,2010,18.82903377
307,2010,20.23226989
308,2010,8.756704691
309,2010,14.4933123
310,2010,14.01994036
311,2010,20.18755791
312,2010,16.1424799
313,2010,10.97232687
314,2010,7.366315911
315,2010,5.937064468
316,2010,8.994350403
317,2010,13.42179754
318,2010,8.54349314
319,2010,7.898445399
320,2010,9.126345491
321,2010,9.264559214
322,2010,9.928805683
323,2010,7.484332713
324,2010,2.758759661
325,2010,4.250232505
326,2010,10.28309596
327,2010,12.37233113
328,2010,12.05110246
329,2010,10.91591714
330,2010,12.47153737
331,2010,18.15182755
332,2010,15.27226575
333,2010,10.99778148
334,2010,13.59840694
335,2010,4.339049579
336,2010,22.64833663
337,2010,22.53477151
338,2010,22.62240411
339,2010,12.45186018
340,2010,14.528527
341,2010,19.38315068
342,2010,26.64496889
343,2010,2.922807793
344,2010,10.5114977
345,2010,10.8511431
346,2010,19.45705091
347,2010,3.27995381
348,2010,6.713478872
349,2010,7.865899718
350,2010,8.961794143
351,2010,20.72117587
352,2010,13.14807396
353,2010,0.096922436
354,2010,0.132857552
355,2010,2.076329059
356,2010,0.526869367
357,2010,0.725770798
358,2010,1.415887738
359,2010,0.258787545
360,2010,0.891259689
361,2010,0.85282594
362,2010,0.629718167
363,2010,2.683435544
364,2010,23.44565934
365,2010,0.696529521
366,2010,5.480000225
367,2010,14.29544824
368,2010,11.188
369,2010,10.77814619
370,2010,12.00898022
371,2010,25.79373187
372,2010,6.570388899
373,2010,0.683759109
374,2010,0.771260389
375,2010,16.66296665
376,2010,25.40279425
377,2010,19.64931936
378,2010,7.595427968
379,2010,0.252642998
380,2010,0.493733247
381,2010,4.369671488
382,2010,16.04768801
383,2010,7.546027518
384,2010,12.94437556
385,2010,19.38831716
386,2010,18.7746102
387,2010,17.68836747
388,2010,24.81670003
389,2010,9.933617087
390,2010,9.778435306
391,2010,22.79004254
392,2010,19.81817776
393,2010,14.33089889
394,2010,8.521692999
395,2010,17.68639524
396,2010,9.754740448
397,2010,11.73837412
398,2010,7.113169878
399,2010,14.51578193
400,2010,3.332030429
401,2010,11.37178573
402,2010,19.65278508
403,2010,8.279334227
404,2010,8.109926228
405,2010,45.59641764
406,2010,25.4299624
407,2010,5.929079282
408,2010,16.15053965
409,2010,10.95573673
410,2010,5.777522278
411,2010,49.24968491
412,2010,20.00036191
413,2010,20.0009679
414,2010,21.238
415,2010,14.8190005
416,2010,23.47967377
417,2010,3.768038895
418,2010,12.69859921
419,2010,20.29229677
420,2010,14.17737324
421,2010,25.21626991
422,2010,25.44791043
423,2010,19.5905131
424,2010,18.00455229
425,2010,14.48833411
426,2010,6.312548394
427,2010,18.888555
428,2010,22.17172953
429,2010,32.25323269
430,2010,27.88041593
431,2010,8.094547422
432,2010,27.66204319
433,2010,26.49506743
434,2010,6.066780615
435,2010,27.00222044
436,2010,13.97411501
437,2010,10.26224704
438,2010,6.538006058
439,2010,23.51444544
440,2010,20.97510079
441,2010,24.712
442,2010,26.16481363
443,2010,19.18570678
444,2010,24.84895527
445,2010,14.31230713
446,2010,29.00166667
447,2010,77.52717377
448,2010,112.3030478
449,2010,105.3382639
450,2010,136.2108748
451,2010,138.4330232
452,2010,61.22441972
453,2010,79.48056915
454,2010,22.52903477
455,2010,12.50315107
456,2010,13.98465392
457,2010,20.81908911
458,2010,21.60899941
459,2010,20.59536934
1,2020,115.0470114
2,2020,50.82274238
3,2020,107.9890566
4,2020,95.05856363
5,2020,120.7896605
6,2020,80.87035626
7,2020,95.25638385
8,2020,89.30188318
9,2020,77.29389778
10,2020,56.06387926
11,2020,66.95172905
12,2020,62.17812859
13,2020,76.4708575
14,2020,65.54023126
15,2020,95.05673849
16,2020,63.37989014
17,2020,114.8962119
18,2020,108.8863627
19,2020,133.8842858
20,2020,154.7094994
21,2020,120.4508717
22,2020,146.134802
23,2020,113.8900162
24,2020,90.73731792
25,2020,58.03478729
26,2020,73.60034341
27,2020,38.42000421
28,2020,77.52892303
29,2020,52.61309834
30,2020,52.76790181
31,2020,69.56961969
32,2020,94.6190505
33,2020,145.8546654
34,2020,104.2062734
35,2020,75.88646731
36,2020,60.29464911
37,2020,107.1430932
38,2020,99.89530857
39,2020,144.6420177
40,2020,104.3185013
41,2020,129.915435
42,2020,174.7460116
43,2020,123.8643261
44,2020,146.1124094
45,2020,106.7776995
46,2020,106.7739863
47,2020,69.22898845
48,2020,36.20395894
49,2020,87.48272588
50,2020,154.0472538
51,2020,173.0501917
52,2020,169.6772545
53,2020,151.7475479
54,2020,149.5221858
55,2020,130.5553317
56,2020,99.04497989
57,2020,90.45839317
58,2020,110.6669791
59,2020,95.54218815
60,2020,46.26333556
61,2020,116.3838354
62,2020,115.5864775
63,2020,86.25365808
64,2020,98.57610155
65,2020,100.5077835
66,2020,89.40605349
67,2020,66.99540107
68,2020,84.39426491
69,2020,60.30062864
70,2020,61.75324815
71,2020,62.19469165
72,2020,52.91014755
73,2020,44.10556055
74,2020,83.82360047
75,2020,78.77521384
76,2020,25.45594693
77,2020,104.2594647
78,2020,125.4900509
79,2020,153.1670537
80,2020,138.5615826
81,2020,120.4727416
82,2020,121.6450479
83,2020,107.5032258
84,2020,127.5779001
85,2020,75.8996668
86,2020,28.13244096
87,2020,62.93027557
88,2020,19.5339173
89,2020,32.23414749
90,2020,14.21464019
91,2020,34.25847555
92,2020,22.7612216
93,2020,12.81892
94,2020,27.92869374
95,2020,25.15003817
96,2020,24.93521526
97,2020,31.99879342
98,2020,31.16057809
99,2020,33.36307107
100,2020,24.34447554
101,2020,27.27287449
102,2020,6.068107473
103,2020,15.24571093
104,2020,11.19316451
105,2020,16.5067448
106,2020,2.066925838
107,2020,7.624938952
108,2020,61.06637442
109,2020,21.83023752
110,2020,27.24846756
111,2020,77.57528614
112,2020,81.75829479
113,2020,30.0195147
114,2020,25.84818247
115,2020,23.79694808
116,2020,27.93942339
117,2020,19.72193485
118,2020,26.77946505
119,2020,23.97428854
120,2020,20.37183149
121,2020,44.53254803
122,2020,28.36263937
123,2020,13.48403777
124,2020,21.54982365
125,2020,44.7408705
126,2020,86.92394683
127,2020,37.197303
128,2020,5.976928067
129,2020,6.646490817
130,2020,7.766546421
131,2020,11.48576947
132,2020,12.71300395
133,2020,12.22047059
134,2020,10.65194982
135,2020,9.412314263
136,2020,13.23396812
137,2020,17.88563747
138,2020,17.69108719
139,2020,17.10012088
140,2020,7.863810689
141,2020,10.0314617
142,2020,13.9934885
143,2020,15.08537073
144,2020,14.73668273
145,2020,15.15575159
146,2020,13.63185206
147,2020,16.62561703
148,2020,20.71475236
149,2020,10.1496448
150,2020,13.26359441
151,2020,14.91442862
152,2020,17.9162795
153,2020,10.44114065
154,2020,27.61801517
155,2020,16.162476
156,2020,28.01274298
157,2020,7.873742856
158,2020,10.32776778
159,2020,6.078628417
160,2020,11.60341247
161,2020,9.31271368
162,2020,2.256580341
163,2020,25.07947833
164,2020,9.104222871
165,2020,11.21065364
166,2020,9.488079751
167,2020,9.847047983
168,2020,15.54553336
169,2020,3.847003225
170,2020,158.1324775
171,2020,47.69766954
172,2020,49.26700779
173,2020,31.60705725
174,2020,7.148815162
175,2020,11.97108413
176,2020,18.40929985
177,2020,6.185459062
178,2020,3.276438406
179,2020,10.74710397
180,2020,10.6036769
181,2020,13.92523183
182,2020,11.65640288
183,2020,10.1531637
184,2020,31.75568068
185,2020,12.24803178
186,2020,16.82721008
187,2020,29.95587808
188,2020,33.41412927
189,2020,23.9912515
190,2020,22.60735539
191,2020,13.64474744
192,2020,10.02851779
193,2020,6.087356626
194,2020,21.32469701
195,2020,9.938208702
196,2020,20.96525546
197,2020,9.203735904
198,2020,14.58203939
199,2020,56.60947042
200,2020,21.29435738
201,2020,19.81579415
202,2020,12.23393381
203,2020,11.30791862
204,2020,11.56520333
205,2020,3.883660285
206,2020,9.245896217
207,2020,9.720428091
208,2020,9.852139141
209,2020,13.00688476
210,2020,8.169773212
211,2020,22.82722679
212,2020,7.078492284
213,2020,63.74855963
214,2020,36.41183393
215,2020,9.42829718
216,2020,7.10575058
217,2020,7.79289172
218,2020,10.36374194
219,2020,6.964343502
220,2020,4.342983715
221,2020,7.488962846
222,2020,13.4097598
223,2020,11.25699619
224,2020,0.663901695
225,2020,27.76445479
226,2020,18.27162361
227,2020,11.07493276
228,2020,11.82812992
229,2020,1.798753537
230,2020,1.374213966
231,2020,0.667140365
232,2020,0.545234891
233,2020,0.974370771
234,2020,0.237512256
235,2020,2.723593253
236,2020,6.531148436
237,2020,5.37506407
238,2020,1.587278634
239,2020,1.176974724
240,2020,0.336338957
241,2020,1.029186625
242,2020,3.932720955
243,2020,2.027017951
244,2020,0.902877958
245,2020,0.719039998
246,2020,1.651934562
247,2020,2.648526302
248,2020,1.472157359
249,2020,1.129928832
250,2020,7.248992388
251,2020,0.05657935
252,2020,6.552742888
253,2020,7.357502285
254,2020,8.516541555
255,2020,9.879534329
256,2020,8.957794686
257,2020,10.19541664
258,2020,7.76588595
259,2020,16.70876243
260,2020,31.59804666
261,2020,9.003611478
262,2020,15.15570166
263,2020,21.07589936
264,2020,4.246282285
265,2020,4.486891444
266,2020,17.5540393
267,2020,27.7650609
268,2020,20.83256139
269,2020,11.71191515
270,2020,10.17354172
271,2020,31.20067274
272,2020,32.15341738
273,2020,23.3043041
274,2020,17.90196844
275,2020,18.86764615
276,2020,18.49692452
277,2020,8.190332745
278,2020,11.39570726
279,2020,13.0881036
280,2020,9.936381016
281,2020,8.791476541
282,2020,16.73947861
283,2020,18.54038947
284,2020,14.83785332
285,2020,24.15142565
286,2020,14.67623686
287,2020,20.15482635
288,2020,18.74751193
289,2020,13.83666745
290,2020,12.16446771
291,2020,15.3250086
292,2020,22.8004285
293,2020,15.73172736
294,2020,11.27918707
295,2020,29.40630997
296,2020,11.34917074
297,2020,13.70653161
298,2020,12.2699615
299,2020,10.04185034
300,2020,8.630648935
301,2020,18.79867006
302,2020,19.64547092
303,2020,21.01585553
304,2020,23.84562444
305,2020,17.45300909
306,2020,19.80160822
307,2020,21.27732557
308,2020,9.209013996
309,2020,15.2419341
310,2020,14.74411112
311,2020,21.23030409
312,2020,16.97628601
313,2020,11.53907952
314,2020,7.746807586
315,2020,6.243731143
316,2020,9.458934802
317,2020,14.11507248
318,2020,8.984789448
319,2020,8.306423112
320,2020,9.59774782
321,2020,9.743100686
322,2020,10.44165742
323,2020,7.870920299
324,2020,2.901257634
325,2020,4.469769395
326,2020,10.81424782
327,2020,13.01139807
328,2020,12.67357701
329,2020,11.47975606
330,2020,13.1157286
331,2020,19.08942232
332,2020,16.06112277
333,2020,11.56584893
334,2020,14.30080428
335,2020,4.563174129
336,2020,23.8181892
337,2020,23.6987581
338,2020,23.79091718
339,2020,13.09503503
340,2020,15.27896775
341,2020,20.38434688
342,2020,28.02125915
343,2020,3.07377933
344,2020,11.05444718
345,2020,11.41163625
346,2020,20.46206427
347,2020,3.449372979
348,2020,7.060249613
349,2020,8.272196352
350,2020,9.424696916
351,2020,21.79148497
352,2020,13.82721028
353,2020,0.101928763
354,2020,0.139720032
355,2020,2.183577503
356,2020,0.554083705
357,2020,0.763258974
358,2020,1.489022464
359,2020,0.272154676
360,2020,0.937295848
361,2020,0.896876884
362,2020,0.662244944
363,2020,2.822042807
364,2020,24.65669594
365,2020,0.7325073
366,2020,5.7630582
367,2020,15.03384979
368,2020,11.76589279
369,2020,11.33486883
370,2020,12.62927903
371,2020,27.12605325
372,2020,6.909768625
373,2020,0.719077258
374,2020,0.811098234
375,2020,17.52365741
376,2020,26.71492257
377,2020,20.66426394
378,2020,7.987753948
379,2020,0.265692745
380,2020,0.519236008
381,2020,4.59537775
382,2020,16.87659785
383,2020,7.935801821
384,2020,13.61299026
385,2020,20.38978022
386,2020,19.74437351
387,2020,18.60202318
388,2020,26.09855487
389,2020,10.44671735
390,2020,10.28351997
391,2020,23.96721463
392,2020,20.84184437
393,2020,15.07113156
394,2020,8.961863266
395,2020,18.59994908
396,2020,10.25860121
397,2020,12.34469533
398,2020,7.480585823
399,2020,15.26556435
400,2020,3.504139507
401,2020,11.95917159
402,2020,20.66790868
403,2020,8.706985957
404,2020,8.528827542
405,2020,47.95160543
406,2020,26.74349404
407,2020,6.235333498
408,2020,16.98476207
409,2020,11.52163244
410,2020,6.075948133
411,2020,51.7935746
412,2020,21.03343886
413,2020,21.03407615
414,2020,22.33500457
415,2020,15.58444505
416,2020,24.69246732
417,2020,3.96266908
418,2020,13.35451885
419,2020,21.34045301
420,2020,14.90967586
421,2020,26.5187637
422,2020,26.76236913
423,2020,20.60242017
424,2020,18.93453986
425,2020,15.23669877
426,2020,6.638609907
427,2020,19.86420389
428,2020,23.31696394
429,2020,33.91920611
430,2020,29.32052063
431,2020,8.512654376
432,2020,29.0908683
433,2020,27.86361484
434,2020,6.380147506
435,2020,28.39696378
436,2020,14.69591875
437,2020,10.792322
438,2020,6.875713116
439,2020,24.72903505
440,2020,22.05852584
441,2020,25.98844679
442,2020,27.51630247
443,2020,20.17670442
444,2020,26.1324762
445,2020,15.05157949
446,2020,30.49968723
447,2020,81.53167814
448,2020,118.1038273
449,2020,110.7792921
450,2020,143.2465633
451,2020,145.5834921
452,2020,64.38683935
453,2020,83.58597207
454,2020,23.69272504
455,2020,13.14897524
456,2020,14.70700204
457,2020,21.89445571
458,2020,22.72516718
459,2020,21.65918016
1,2025,116.8246605
2,2025,51.60803007
3,2025,109.6576497
4,2025,96.52736117
5,2025,122.6560421
6,2025,82.11992469
7,2025,96.72823802
8,2025,90.68173137
9,2025,78.48820457
10,2025,56.93015038
11,2025,67.9862338
12,2025,63.13887404
13,2025,77.65244708
14,2025,66.55292625
15,2025,96.52550784
16,2025,64.35920462
17,2025,116.6715309
18,2025,110.5688205
19,2025,135.9529991
20,2025,157.0999934
21,2025,122.3120186
22,2025,148.3928042
23,2025,115.649788
24,2025,92.13934573
25,2025,58.9315119
26,2025,74.73757923
27,2025,39.01365096
28,2025,78.72686131
29,2025,53.42604972
30,2025,53.58324513
31,2025,70.64457478
32,2025,96.08105691
33,2025,148.108339
34,2025,105.8164168
35,2025,77.05902718
36,2025,61.22629197
37,2025,108.7986148
38,2025,101.4388411
39,2025,146.8769541
40,2025,105.9303788
41,2025,131.9228235
42,2025,177.4460999
43,2025,125.778216
44,2025,148.3700655
45,2025,108.4275753
46,2025,108.4238047
47,2025,70.29868027
48,2025,36.76336447
49,2025,88.83446536
50,2025,156.4275152
51,2025,175.724077
52,2025,172.2990229
53,2025,154.0922753
54,2025,151.8325281
55,2025,132.5726076
56,2025,100.5753736
57,2025,91.85611118
58,2025,112.3769501
59,2025,97.01845842
60,2025,46.97817356
61,2025,118.1821404
62,2025,117.3724622
63,2025,87.58640661
64,2025,100.0992503
65,2025,102.0607796
66,2025,90.78751127
67,2025,68.03058062
68,2025,85.69828303
69,2025,61.2323639
70,2025,62.70742857
71,2025,63.15569303
72,2025,53.72768878
73,2025,44.78705769
74,2025,85.11880097
75,2025,79.99240918
76,2025,25.84927953
77,2025,105.87043
78,2025,127.4290607
79,2025,155.5337146
80,2025,140.7025671
81,2025,122.3342264
82,2025,123.5246465
83,2025,109.1643121
84,2025,129.5491702
85,2025,77.07243062
86,2025,28.56712942
87,2025,63.90264282
88,2025,19.83574566
89,2025,32.73221347
90,2025,14.43427772
91,2025,34.78782044
92,2025,23.11291666
93,2025,13.01699156
94,2025,28.360234
95,2025,25.53864403
96,2025,25.32050178
97,2025,32.49322283
98,2025,31.64205582
99,2025,33.87858061
100,2025,24.72063424
101,2025,27.69428136
102,2025,6.161868845
103,2025,15.48128006
104,2025,11.36611571
105,2025,16.7617988
106,2025,2.098862946
107,2025,7.742755708
108,2025,62.0099416
109,2025,22.16754747
110,2025,27.6694973
111,2025,78.7739408
112,2025,83.02158321
113,2025,30.48336127
114,2025,26.2475757
115,2025,24.16464666
116,2025,28.37112944
117,2025,20.02666835
118,2025,27.193248
119,2025,24.3447273
120,2025,20.68660688
121,2025,45.22064277
122,2025,28.80088473
123,2025,13.6923864
124,2025,21.88280078
125,2025,45.43218414
126,2025,88.26705233
127,2025,37.77205719
128,2025,6.06928058
129,2025,6.74918908
130,2025,7.886551225
131,2025,11.66324185
132,2025,12.90943895
133,2025,12.40929521
134,2025,10.81653844
135,2025,9.557748652
136,2025,13.4384528
137,2025,18.16199742
138,2025,17.96444105
139,2025,17.36434342
140,2025,7.985318372
141,2025,10.18646285
142,2025,14.20970891
143,2025,15.31846236
144,2025,14.9643866
145,2025,15.38993071
146,2025,13.84248465
147,2025,16.88250777
148,2025,21.03482639
149,2025,10.30647205
150,2025,13.46853686
151,2025,15.14487893
152,2025,18.19311292
153,2025,10.60247195
154,2025,28.04475498
155,2025,16.41221052
156,2025,28.44558192
157,2025,7.995404007
158,2025,10.4873473
159,2025,6.172552354
160,2025,11.78270261
161,2025,9.45660909
162,2025,2.291447895
163,2025,25.46699393
164,2025,9.244896785
165,2025,11.38387507
166,2025,9.634684831
167,2025,9.999199661
168,2025,15.78573519
169,2025,3.906445202
170,2025,160.5758617
171,2025,48.43467016
172,2025,50.02825704
173,2025,32.09543374
174,2025,7.259275091
175,2025,12.15605535
176,2025,18.69375118
177,2025,6.281033693
178,2025,3.327064299
179,2025,10.91316287
180,2025,10.76751963
181,2025,14.14039757
182,2025,11.83651181
183,2025,10.31004533
184,2025,32.24635363
185,2025,12.43728226
186,2025,17.08721574
187,2025,30.41874138
188,2025,33.93042774
189,2025,24.36195236
190,2025,22.95667298
191,2025,13.85557928
192,2025,10.18347345
193,2025,6.181415427
194,2025,21.6541956
195,2025,10.09176895
196,2025,21.28920014
197,2025,9.345947443
198,2025,14.80735379
199,2025,57.48417174
200,2025,21.62338718
201,2025,20.12197792
202,2025,12.42296646
203,2025,11.48264295
204,2025,11.74390308
205,2025,3.943668668
206,2025,9.388759197
207,2025,9.870623301
208,2025,10.00436948
209,2025,13.20786066
210,2025,8.296008476
211,2025,23.17994172
212,2025,7.187865619
213,2025,64.7335706
214,2025,36.97445144
215,2025,9.573978528
216,2025,7.215545096
217,2025,7.913303599
218,2025,10.52387732
219,2025,7.071953067
220,2025,4.410089334
221,2025,7.604678568
222,2025,13.61696072
223,2025,11.43093368
224,2025,0.674159973
225,2025,28.19345731
226,2025,18.55394763
227,2025,11.2460571
228,2025,12.01089229
229,2025,1.826546981
230,2025,1.395447635
231,2025,0.677448686
232,2025,0.553659589
233,2025,0.989426262
234,2025,0.241182177
235,2025,2.765676859
236,2025,6.632064486
237,2025,5.458116881
238,2025,1.611804473
239,2025,1.195160751
240,2025,0.341535899
241,2025,1.045089103
242,2025,3.993487399
243,2025,2.058338423
244,2025,0.916828778
245,2025,0.730150245
246,2025,1.677459431
247,2025,2.68945001
248,2025,1.494904401
249,2025,1.147387929
250,2025,7.361000206
251,2025,0.057453586
252,2025,6.653992605
253,2025,7.471186743
254,2025,8.648134911
255,2025,10.03218797
256,2025,9.096206064
257,2025,10.35295113
258,2025,7.885880549
259,2025,16.9669379
260,2025,32.08628393
261,2025,9.142730795
262,2025,15.38988
263,2025,21.40155365
264,2025,4.311893723
265,2025,4.556220654
266,2025,17.82527557
267,2025,28.19407278
268,2025,21.15445575
269,2025,11.89288183
270,2025,10.33073821
271,2025,31.68276998
272,2025,32.65023596
273,2025,23.66439059
274,2025,18.17858074
275,2025,19.15917962
276,2025,18.78272978
277,2025,8.316885685
278,2025,11.57178804
279,2025,13.29033445
280,2025,10.08991302
281,2025,8.927318055
282,2025,16.99812869
283,2025,18.82686633
284,2025,15.06712044
285,2025,24.52460145
286,2025,14.90300676
287,2025,20.46624868
288,2025,19.03718914
289,2025,14.05046474
290,2025,12.352427
291,2025,15.561803
292,2025,23.15272935
293,2025,15.97480617
294,2025,11.45346744
295,2025,29.86068161
296,2025,11.52453247
297,2025,13.9183181
298,2025,12.45955083
299,2025,10.19701201
300,2025,8.764005421
301,2025,19.08913774
302,2025,19.94902294
303,2025,21.34058206
304,2025,24.21407515
305,2025,17.72268429
306,2025,20.1075728
307,2025,21.6060922
308,2025,9.351307091
309,2025,15.47744487
310,2025,14.97192978
311,2025,21.55834416
312,2025,17.23859512
313,2025,11.71737562
314,2025,7.866507396
315,2025,6.340206165
316,2025,9.605089548
317,2025,14.33317154
318,2025,9.123617936
319,2025,8.434769822
320,2025,9.746047436
321,2025,9.893646221
322,2025,10.60299671
323,2025,7.992537837
324,2025,2.946086421
325,2025,4.538834044
326,2025,10.98134418
327,2025,13.21244371
328,2025,12.8694028
329,2025,11.65713553
330,2025,13.3183863
331,2025,19.38438256
332,2025,16.30929123
333,2025,11.74455866
334,2025,14.52177318
335,2025,4.633682022
336,2025,24.18621598
337,2025,24.0649395
338,2025,24.15852258
339,2025,13.29737299
340,2025,15.51505074
341,2025,20.69931564
342,2025,28.45422968
343,2025,3.121273836
344,2025,11.22525499
345,2025,11.58796316
346,2025,20.77823388
347,2025,3.502670971
348,2025,7.169341071
349,2025,8.400014207
350,2025,9.570322636
351,2025,22.12819613
352,2025,14.04086144
353,2025,0.103503715
354,2025,0.141878916
355,2025,2.217317054
356,2025,0.56264513
357,2025,0.775052472
358,2025,1.512030097
359,2025,0.276359874
360,2025,0.951778476
361,2025,0.910734979
362,2025,0.672477623
363,2025,2.865647606
364,2025,25.03767892
365,2025,0.743825637
366,2025,5.852106103
367,2025,15.26614534
368,2025,11.9476935
369,2025,11.51000958
370,2025,12.82442035
371,2025,27.54519151
372,2025,7.016534926
373,2025,0.730188082
374,2025,0.82363092
375,2025,17.79442423
376,2025,27.12770824
377,2025,20.98355785
378,2025,8.111176741
379,2025,0.269798097
380,2025,0.527258984
381,2025,4.666383236
382,2025,17.13736663
383,2025,8.058421876
384,2025,13.8233314
385,2025,20.70483295
386,2025,20.04945373
387,2025,18.88945237
388,2025,26.50181674
389,2025,10.60813482
390,2025,10.4424158
391,2025,24.33754408
392,2025,21.16388217
393,2025,15.30400317
394,2025,9.10033751
395,2025,18.88734622
396,2025,10.417112
397,2025,12.53543941
398,2025,7.596172107
399,2025,15.50144024
400,2025,3.558283724
401,2025,12.14395875
402,2025,20.98725891
403,2025,8.841521965
404,2025,8.660610735
405,2025,48.69252974
406,2025,27.15672118
407,2025,6.331678764
408,2025,17.24720214
409,2025,11.69965896
410,2025,6.169830656
411,2025,52.5938631
412,2025,21.35843708
413,2025,21.35908422
414,2025,22.68011393
415,2025,15.82524812
416,2025,25.07400302
417,2025,4.023898268
418,2025,13.56086622
419,2025,21.67019506
420,2025,15.14005274
421,2025,26.92851842
422,2025,27.17588792
423,2025,20.92075849
424,2025,19.22710693
425,2025,15.47212865
426,2025,6.741186399
427,2025,20.17113567
428,2025,23.67724605
429,2025,34.44330878
430,2025,29.7735667
431,2025,8.644187668
432,2025,29.5403659
433,2025,28.29414953
434,2025,6.478730366
435,2025,28.83573951
436,2025,14.92299276
437,2025,10.95907958
438,2025,6.981953208
439,2025,25.11113577
440,2025,22.39936319
441,2025,26.39000731
442,2025,27.94147066
443,2025,20.4884648
444,2025,26.5362622
445,2025,15.28414899
446,2025,30.9709532
447,2025,82.79146499
448,2025,119.9287088
449,2025,112.4909985
450,2025,145.4599378
451,2025,147.8329757
452,2025,65.3817127
453,2025,84.87750085
454,2025,24.05881322
455,2025,13.35214665
456,2025,14.9342473
457,2025,22.23275793
458,2025,23.07630513
459,2025,21.99384702
1,2030,118.6023096
2,2030,52.39331775
3,2030,111.3262428
4,2030,97.99615872
5,2030,124.5224237
6,2030,83.36949313
7,2030,98.20009219
8,2030,92.06157956
9,2030,79.68251135
10,2030,57.7964215
11,2030,69.02073855
12,2030,64.0996195
13,2030,78.83403665
14,2030,67.56562124
15,2030,97.99427718
16,2030,65.33851909
17,2030,118.4468499
18,2030,112.2512784
19,2030,138.0217123
20,2030,159.4904875
21,2030,124.1731654
22,2030,150.6508063
23,2030,117.4095597
24,2030,93.54137354
25,2030,59.8282365
26,2030,75.87481505
27,2030,39.60729772
28,2030,79.92479959
29,2030,54.23900109
30,2030,54.39858845
31,2030,71.71952987
32,2030,97.54306332
33,2030,150.3620126
34,2030,107.4265602
35,2030,78.23158705
36,2030,62.15793484
37,2030,110.4541365
38,2030,102.9823736
39,2030,149.1118905
40,2030,107.5422563
41,2030,133.9302121
42,2030,180.1461882
43,2030,127.6921058
44,2030,150.6277216
45,2030,110.077451
46,2030,110.0736231
47,2030,71.3683721
48,2030,37.32276999
49,2030,90.18620484
50,2030,158.8077765
51,2030,178.3979624
52,2030,174.9207912
53,2030,156.4370028
54,2030,154.1428704
55,2030,134.5898835
56,2030,102.1057672
57,2030,93.25382918
58,2030,114.0869211
59,2030,98.49472869
60,2030,47.69301157
61,2030,119.9804455
62,2030,119.1584468
63,2030,88.91915515
64,2030,101.6223991
65,2030,103.6137758
66,2030,92.16896905
67,2030,69.06576016
68,2030,87.00230115
69,2030,62.16409916
70,2030,63.66160898
71,2030,64.11669441
72,2030,54.54523001
73,2030,45.46855483
74,2030,86.41400146
75,2030,81.20960452
76,2030,26.24261213
77,2030,107.4813953
78,2030,129.3680704
79,2030,157.9003756
80,2030,142.8435516
81,2030,124.1957111
82,2030,125.4042452
83,2030,110.8253983
84,2030,131.5204403
85,2030,78.24519444
86,2030,29.00181787
87,2030,64.87501008
88,2030,20.13757401
89,2030,33.23027945
90,2030,14.65391526
91,2030,35.31716533
92,2030,23.46461171
93,2030,13.21506313
94,2030,28.79177425
95,2030,25.92724988
96,2030,25.7057883
97,2030,32.98765224
98,2030,32.12353354
99,2030,34.39409016
100,2030,25.09679294
101,2030,28.11568822
102,2030,6.255630217
103,2030,15.71684919
104,2030,11.53906691
105,2030,17.01685279
106,2030,2.130800053
107,2030,7.860572464
108,2030,62.95350878
109,2030,22.50485742
110,2030,28.09052704
111,2030,79.97259545
112,2030,84.28487163
113,2030,30.94720785
114,2030,26.64696893
115,2030,24.53234524
116,2030,28.80283548
117,2030,20.33140186
118,2030,27.60703095
119,2030,24.71516606
120,2030,21.00138226
121,2030,45.90873751
122,2030,29.2391301
123,2030,13.90073503
124,2030,22.21577792
125,2030,46.12349777
126,2030,89.61015784
127,2030,38.34681137
128,2030,6.161633094
129,2030,6.851887343
130,2030,8.00655603
131,2030,11.84071424
132,2030,13.10587396
133,2030,12.59811983
134,2030,10.98112706
135,2030,9.70318304
136,2030,13.64293748
137,2030,18.43835738
138,2030,18.23779492
139,2030,17.62856597
140,2030,8.106826056
141,2030,10.341464
142,2030,14.42592932
143,2030,15.55155399
144,2030,15.19209048
145,2030,15.62410983
146,2030,14.05311723
147,2030,17.13939852
148,2030,21.35490042
149,2030,10.4632993
150,2030,13.67347931
151,2030,15.37532925
152,2030,18.46994634
153,2030,10.76380325
154,2030,28.47149478
155,2030,16.66194504
156,2030,28.87842087
157,2030,8.117065157
158,2030,10.64692682
159,2030,6.266476291
160,2030,11.96199276
161,2030,9.6005045
162,2030,2.32631545
163,2030,25.85450953
164,2030,9.385570699
165,2030,11.5570965
166,2030,9.78128991
167,2030,10.15135134
168,2030,16.02593703
169,2030,3.965887178
170,2030,163.0192459
171,2030,49.17167078
172,2030,50.78950629
173,2030,32.58381024
174,2030,7.36973502
175,2030,12.34102658
176,2030,18.9782025
177,2030,6.376608323
178,2030,3.377690192
179,2030,11.07922176
180,2030,10.93136236
181,2030,14.35556332
182,2030,12.01662074
183,2030,10.46692695
184,2030,32.73702658
185,2030,12.62653275
186,2030,17.34722141
187,2030,30.88160468
188,2030,34.44672621
189,2030,24.73265322
190,2030,23.30599057
191,2030,14.06641112
192,2030,10.33842911
193,2030,6.275474227
194,2030,21.98369419
195,2030,10.2453292
196,2030,21.61314481
197,2030,9.488158983
198,2030,15.0326682
199,2030,58.35887306
200,2030,21.95241698
201,2030,20.4281617
202,2030,12.6119991
203,2030,11.65736727
204,2030,11.92260284
205,2030,4.003677052
206,2030,9.531622177
207,2030,10.02081851
208,2030,10.15659983
209,2030,13.40883656
210,2030,8.42224374
211,2030,23.53265665
212,2030,7.297238953
213,2030,65.71858157
214,2030,37.53706895
215,2030,9.719659877
216,2030,7.325339612
217,2030,8.033715478
218,2030,10.6840127
219,2030,7.179562631
220,2030,4.477194954
221,2030,7.720394289
222,2030,13.82416165
223,2030,11.60487118
224,2030,0.684418251
225,2030,28.62245983
226,2030,18.83627165
227,2030,11.41718144
228,2030,12.19365465
229,2030,1.854340424
230,2030,1.416681304
231,2030,0.687757006
232,2030,0.562084287
233,2030,1.004481754
234,2030,0.244852098
235,2030,2.807760464
236,2030,6.732980536
237,2030,5.541169692
238,2030,1.636330311
239,2030,1.213346778
240,2030,0.346732841
241,2030,1.060991582
242,2030,4.054253843
243,2030,2.089658894
244,2030,0.930779598
245,2030,0.741260493
246,2030,1.702984301
247,2030,2.730373718
248,2030,1.517651442
249,2030,1.164847026
250,2030,7.473008023
251,2030,0.058327821
252,2030,6.755242322
253,2030,7.584871201
254,2030,8.779728266
255,2030,10.18484161
256,2030,9.234617443
257,2030,10.51048563
258,2030,8.005875148
259,2030,17.22511336
260,2030,32.5745212
261,2030,9.281850112
262,2030,15.62405835
263,2030,21.72720794
264,2030,4.37750516
265,2030,4.625549864
266,2030,18.09651183
267,2030,28.62308467
268,2030,21.4763501
269,2030,12.0738485
270,2030,10.48793471
271,2030,32.16486723
272,2030,33.14705454
273,2030,24.02447708
274,2030,18.45519303
275,2030,19.45071308
276,2030,19.06853504
277,2030,8.443438624
278,2030,11.74786883
279,2030,13.4925653
280,2030,10.24344503
281,2030,9.063159569
282,2030,17.25677877
283,2030,19.11334318
284,2030,15.29638755
285,2030,24.89777724
286,2030,15.12977665
287,2030,20.77767101
288,2030,19.32686635
289,2030,14.26426203
290,2030,12.54038629
291,2030,15.79859739
292,2030,23.50503021
293,2030,16.21788498
294,2030,11.62774782
295,2030,30.31505326
296,2030,11.6998942
297,2030,14.13010459
298,2030,12.64914016
299,2030,10.35217367
300,2030,8.897361907
301,2030,19.37960542
302,2030,20.25257497
303,2030,21.66530858
304,2030,24.58252585
305,2030,17.99235949
306,2030,20.41353738
307,2030,21.93485883
308,2030,9.493600185
309,2030,15.71295564
310,2030,15.19974843
311,2030,21.88638424
312,2030,17.50090423
313,2030,11.89567173
314,2030,7.986207206
315,2030,6.436681186
316,2030,9.751244294
317,2030,14.55127061
318,2030,9.262446425
319,2030,8.563116532
320,2030,9.894347052
321,2030,10.04419176
322,2030,10.76433599
323,2030,8.114155374
324,2030,2.990915208
325,2030,4.607898692
326,2030,11.14844055
327,2030,13.41348935
328,2030,13.0652286
329,2030,11.834515
330,2030,13.52104401
331,2030,19.6793428
332,2030,16.55745969
333,2030,11.9232684
334,2030,14.74274208
335,2030,4.704189914
336,2030,24.55424277
337,2030,24.4311209
338,2030,24.52612797
339,2030,13.49971094
340,2030,15.75113374
341,2030,21.01428441
342,2030,28.88720021
343,2030,3.168768342
344,2030,11.3960628
345,2030,11.76429008
346,2030,21.0944035
347,2030,3.555968963
348,2030,7.278432529
349,2030,8.527832062
350,2030,9.715948355
351,2030,22.46490729
352,2030,14.2545126
353,2030,0.105078667
354,2030,0.144037801
355,2030,2.251056605
356,2030,0.571206555
357,2030,0.786845969
358,2030,1.53503773
359,2030,0.280565073
360,2030,0.966261105
361,2030,0.924593073
362,2030,0.682710302
363,2030,2.909252405
364,2030,25.41866189
365,2030,0.755143975
366,2030,5.941154005
367,2030,15.49844089
368,2030,12.12949421
369,2030,11.68515032
370,2030,13.01956168
371,2030,27.96432976
372,2030,7.123301227
373,2030,0.741298905
374,2030,0.836163606
375,2030,18.06519105
376,2030,27.5404939
377,2030,21.30285176
378,2030,8.234599534
379,2030,0.273903449
380,2030,0.53528196
381,2030,4.737388723
382,2030,17.3981354
383,2030,8.18104193
384,2030,14.03367254
385,2030,21.01988567
386,2030,20.35453394
387,2030,19.17688156
388,2030,26.9050786
389,2030,10.76955229
390,2030,10.60131162
391,2030,24.70787354
392,2030,21.48591996
393,2030,15.53687479
394,2030,9.238811755
395,2030,19.17474336
396,2030,10.57562279
397,2030,12.72618349
398,2030,7.711758391
399,2030,15.73731613
400,2030,3.612427941
401,2030,12.32874591
402,2030,21.30660913
403,2030,8.976057972
404,2030,8.792393927
405,2030,49.43345405
406,2030,27.56994832
407,2030,6.428024029
408,2030,17.50964222
409,2030,11.87768549
410,2030,6.263713178
411,2030,53.3941516
412,2030,21.68343529
413,2030,21.68409228
414,2030,23.02522328
415,2030,16.0660512
416,2030,25.45553872
417,2030,4.085127455
418,2030,13.76721359
419,2030,21.9999371
420,2030,15.37042962
421,2030,27.33827314
422,2030,27.58940671
423,2030,21.23909682
424,2030,19.519674
425,2030,15.70755852
426,2030,6.84376289
427,2030,20.47806745
428,2030,24.03752816
429,2030,34.96741145
430,2030,30.22661277
431,2030,8.775720961
432,2030,29.9898635
433,2030,28.72468422
434,2030,6.577313225
435,2030,29.27451525
436,2030,15.15006678
437,2030,11.12583716
438,2030,7.0881933
439,2030,25.49323649
440,2030,22.74020054
441,2030,26.79156784
442,2030,28.36663885
443,2030,20.80022519
444,2030,26.94004819
445,2030,15.5167185
446,2030,31.44221916
447,2030,84.05125184
448,2030,121.7535903
449,2030,114.2027049
450,2030,147.6733123
451,2030,150.0824592
452,2030,66.37658605
453,2030,86.16902963
454,2030,24.4249014
455,2030,13.55531806
456,2030,15.16149257
457,2030,22.57106015
458,2030,23.42744309
459,2030,22.32851387
1,2035,120.3799587
2,2035,53.17860544
3,2035,112.9948359
4,2035,99.46495627
5,2035,126.3888054
6,2035,84.61906157
7,2035,99.67194635
8,2035,93.44142775
9,2035,80.87681813
10,2035,58.66269262
11,2035,70.0552433
12,2035,65.06036495
13,2035,80.01562623
14,2035,68.57831623
15,2035,99.46304653
16,2035,66.31783356
17,2035,120.222169
18,2035,113.9337362
19,2035,140.0904256
20,2035,161.8809816
21,2035,126.0343123
22,2035,152.9088084
23,2035,119.1693315
24,2035,94.94340135
25,2035,60.72496111
26,2035,77.01205088
27,2035,40.20094447
28,2035,81.12273786
29,2035,55.05195246
30,2035,55.21393177
31,2035,72.79448496
32,2035,99.00506973
33,2035,152.6156862
34,2035,109.0367036
35,2035,79.40414692
36,2035,63.08957771
37,2035,112.1096582
38,2035,104.5259061
39,2035,151.3468268
40,2035,109.1541338
41,2035,135.9376006
42,2035,182.8462765
43,2035,129.6059956
44,2035,152.8853778
45,2035,111.7273268
46,2035,111.7234416
47,2035,72.43806392
48,2035,37.88217552
49,2035,91.53794432
50,2035,161.1880379
51,2035,181.0718477
52,2035,177.5425596
53,2035,158.7817303
54,2035,156.4532127
55,2035,136.6071594
56,2035,103.6361609
57,2035,94.65154719
58,2035,115.7968921
59,2035,99.97099896
60,2035,48.40784957
61,2035,121.7787505
62,2035,120.9444315
63,2035,90.25190368
64,2035,103.1455479
65,2035,105.166772
66,2035,93.55042683
67,2035,70.10093971
68,2035,88.30631927
69,2035,63.09583442
70,2035,64.61578939
71,2035,65.07769579
72,2035,55.36277124
73,2035,46.15005197
74,2035,87.70920196
75,2035,82.42679986
76,2035,26.63594474
77,2035,109.0923606
78,2035,131.3070801
79,2035,160.2670366
80,2035,144.9845361
81,2035,126.0571959
82,2035,127.2838438
83,2035,112.4864846
84,2035,133.4917104
85,2035,79.41795827
86,2035,29.43650633
87,2035,65.84737733
88,2035,20.43940237
89,2035,33.72834543
90,2035,14.87355279
91,2035,35.84651022
92,2035,23.81630676
93,2035,13.41313469
94,2035,29.22331451
95,2035,26.31585574
96,2035,26.09107482
97,2035,33.48208164
98,2035,32.60501126
99,2035,34.90959971
100,2035,25.47295164
101,2035,28.53709509
102,2035,6.34939159
103,2035,15.95241831
104,2035,11.71201811
105,2035,17.27190678
106,2035,2.162737161
107,2035,7.978389221
108,2035,63.89707596
109,2035,22.84216737
110,2035,28.51155678
111,2035,81.17125011
112,2035,85.54816005
113,2035,31.41105443
114,2035,27.04636216
115,2035,24.90004382
116,2035,29.23454153
117,2035,20.63613537
118,2035,28.02081389
119,2035,25.08560482
120,2035,21.31615765
121,2035,46.59683224
122,2035,29.67737547
123,2035,14.10908366
124,2035,22.54875505
125,2035,46.8148114
126,2035,90.95326334
127,2035,38.92156556
128,2035,6.253985607
129,2035,6.954585607
130,2035,8.126560834
131,2035,12.01818662
132,2035,13.30230896
133,2035,12.78694445
134,2035,11.14571568
135,2035,9.848617429
136,2035,13.84742216
137,2035,18.71471734
138,2035,18.51114878
139,2035,17.89278851
140,2035,8.228333739
141,2035,10.49646514
142,2035,14.64214973
143,2035,15.78464562
144,2035,15.41979435
145,2035,15.85828895
146,2035,14.26374981
147,2035,17.39628927
148,2035,21.67497445
149,2035,10.62012655
150,2035,13.87842176
151,2035,15.60577957
152,2035,18.74677976
153,2035,10.92513456
154,2035,28.89823459
155,2035,16.91167957
156,2035,29.31125981
157,2035,8.238726307
158,2035,10.80650634
159,2035,6.360400227
160,2035,12.14128291
161,2035,9.74439991
162,2035,2.361183005
163,2035,26.24202513
164,2035,9.526244614
165,2035,11.73031794
166,2035,9.927894989
167,2035,10.30350302
168,2035,16.26613886
169,2035,4.025329155
170,2035,165.4626301
171,2035,49.90867139
172,2035,51.55075554
173,2035,33.07218673
174,2035,7.480194948
175,2035,12.5259978
176,2035,19.26265383
177,2035,6.472182954
178,2035,3.428316085
179,2035,11.24528066
180,2035,11.09520509
181,2035,14.57072906
182,2035,12.19672966
183,2035,10.62380858
184,2035,33.22769953
185,2035,12.81578323
186,2035,17.60722707
187,2035,31.34446798
188,2035,34.96302468
189,2035,25.10335408
190,2035,23.65530816
191,2035,14.27724295
192,2035,10.49338476
193,2035,6.369533028
194,2035,22.31319278
195,2035,10.39888944
196,2035,21.93708949
197,2035,9.630370523
198,2035,15.2579826
199,2035,59.23357439
200,2035,22.28144677
201,2035,20.73434547
202,2035,12.80103175
203,2035,11.83209159
204,2035,12.1013026
205,2035,4.063685435
206,2035,9.674485157
207,2035,10.17101372
208,2035,10.30883017
209,2035,13.60981246
210,2035,8.548479003
211,2035,23.88537158
212,2035,7.406612288
213,2035,66.70359254
214,2035,38.09968646
215,2035,9.865341226
216,2035,7.435134129
217,2035,8.154127356
218,2035,10.84414807
219,2035,7.287172196
220,2035,4.544300574
221,2035,7.83611001
222,2035,14.03136257
223,2035,11.77880867
224,2035,0.694676529
225,2035,29.05146235
226,2035,19.11859567
227,2035,11.58830578
228,2035,12.37641702
229,2035,1.882133867
230,2035,1.437914974
231,2035,0.698065327
232,2035,0.570508985
233,2035,1.019537245
234,2035,0.248522019
235,2035,2.84984407
236,2035,6.833896587
237,2035,5.624222503
238,2035,1.66085615
239,2035,1.231532805
240,2035,0.351929783
241,2035,1.076894061
242,2035,4.115020287
243,2035,2.120979365
244,2035,0.944730418
245,2035,0.752370741
246,2035,1.72850917
247,2035,2.771297427
248,2035,1.540398484
249,2035,1.182306123
250,2035,7.585015841
251,2035,0.059202057
252,2035,6.856492039
253,2035,7.69855566
254,2035,8.911321621
255,2035,10.33749525
256,2035,9.373028822
257,2035,10.66802013
258,2035,8.125869747
259,2035,17.48328883
260,2035,33.06275847
261,2035,9.420969429
262,2035,15.8582367
263,2035,22.05286223
264,2035,4.443116598
265,2035,4.694879075
266,2035,18.3677481
267,2035,29.05209655
268,2035,21.79824446
269,2035,12.25481518
270,2035,10.64513121
271,2035,32.64696447
272,2035,33.64387312
273,2035,24.38456357
274,2035,18.73180533
275,2035,19.74224655
276,2035,19.3543403
277,2035,8.569991563
278,2035,11.92394962
279,2035,13.69479616
280,2035,10.39697704
281,2035,9.199001082
282,2035,17.51542885
283,2035,19.39982004
284,2035,15.52565467
285,2035,25.27095303
286,2035,15.35654655
287,2035,21.08909334
288,2035,19.61654356
289,2035,14.47805932
290,2035,12.72834558
291,2035,16.03539178
292,2035,23.85733107
293,2035,16.46096379
294,2035,11.8020282
295,2035,30.7694249
296,2035,11.87525593
297,2035,14.34189109
298,2035,12.83872949
299,2035,10.50733534
300,2035,9.030718392
301,2035,19.6700731
302,2035,20.55612699
303,2035,21.99003511
304,2035,24.95097656
305,2035,18.26203468
306,2035,20.71950196
307,2035,22.26362546
308,2035,9.63589328
309,2035,15.94846641
310,2035,15.42756709
311,2035,22.21442432
312,2035,17.76321334
313,2035,12.07396783
314,2035,8.105907015
315,2035,6.533156208
316,2035,9.89739904
317,2035,14.76936967
318,2035,9.401274913
319,2035,8.691463242
320,2035,10.04264667
321,2035,10.19473729
322,2035,10.92567528
323,2035,8.235772912
324,2035,3.035743995
325,2035,4.676963341
326,2035,11.31553692
327,2035,13.61453498
328,2035,13.26105439
329,2035,12.01189447
330,2035,13.72370171
331,2035,19.97430304
332,2035,16.80562816
333,2035,12.10197813
334,2035,14.96371098
335,2035,4.774697806
336,2035,24.92226956
337,2035,24.7973023
338,2035,24.89373337
339,2035,13.7020489
340,2035,15.98721673
341,2035,21.32925318
342,2035,29.32017075
343,2035,3.216262848
344,2035,11.56687061
345,2035,11.94061699
346,2035,21.41057312
347,2035,3.609266956
348,2035,7.387523987
349,2035,8.655649917
350,2035,9.861574074
351,2035,22.80161846
352,2035,14.46816376
353,2035,0.10665362
354,2035,0.146196685
355,2035,2.284796157
356,2035,0.57976798
357,2035,0.798639466
358,2035,1.558045363
359,2035,0.284770271
360,2035,0.980743733
361,2035,0.938451168
362,2035,0.692942981
363,2035,2.952857204
364,2035,25.79964487
365,2035,0.766462313
366,2035,6.030201908
367,2035,15.73073645
368,2035,12.31129492
369,2035,11.86029107
370,2035,13.214703
371,2035,28.38346802
372,2035,7.230067528
373,2035,0.752409729
374,2035,0.848696291
375,2035,18.33595787
376,2035,27.95327957
377,2035,21.62214566
378,2035,8.358022327
379,2035,0.278008801
380,2035,0.543304936
381,2035,4.808394209
382,2035,17.65890418
383,2035,8.303661985
384,2035,14.24401368
385,2035,21.33493839
386,2035,20.65961416
387,2035,19.46431075
388,2035,27.30834046
389,2035,10.93096976
390,2035,10.76020745
391,2035,25.07820299
392,2035,21.80795775
393,2035,15.7697464
394,2035,9.377285999
395,2035,19.4621405
396,2035,10.73413359
397,2035,12.91692757
398,2035,7.827344674
399,2035,15.97319202
400,2035,3.666572159
401,2035,12.51353307
402,2035,21.62595935
403,2035,9.11059398
404,2035,8.924177119
405,2035,50.17437836
406,2035,27.98317546
407,2035,6.524369295
408,2035,17.7720823
409,2035,12.05571201
410,2035,6.3575957
411,2035,54.1944401
412,2035,22.00843351
413,2035,22.00910034
414,2035,23.37033264
415,2035,16.30685428
416,2035,25.83707441
417,2035,4.146356643
418,2035,13.97356096
419,2035,22.32967914
420,2035,15.6008065
421,2035,27.74802786
422,2035,28.0029255
423,2035,21.55743515
424,2035,19.81224108
425,2035,15.9429884
426,2035,6.946339382
427,2035,20.78499922
428,2035,24.39781026
429,2035,35.49151411
430,2035,30.67965884
431,2035,8.907254254
432,2035,30.4393611
433,2035,29.15521891
434,2035,6.675896084
435,2035,29.71329098
436,2035,15.37714079
437,2035,11.29259474
438,2035,7.194433392
439,2035,25.87533722
440,2035,23.08103788
441,2035,27.19312837
442,2035,28.79180704
443,2035,21.11198557
444,2035,27.34383419
445,2035,15.749288
446,2035,31.91348513
447,2035,85.3110387
448,2035,123.5784717
449,2035,115.9144114
450,2035,149.8866868
451,2035,152.3319428
452,2035,67.3714594
453,2035,87.46055841
454,2035,24.79098958
455,2035,13.75848948
456,2035,15.38873783
457,2035,22.90936237
458,2035,23.77858105
459,2035,22.66318073
1,2040,122.1576077
2,2040,53.96389312
3,2040,114.6634289
4,2040,100.9337538
5,2040,128.255187
6,2040,85.86863001
7,2040,101.1438005
8,2040,94.82127594
9,2040,82.07112492
10,2040,59.52896374
11,2040,71.08974804
12,2040,66.0211104
13,2040,81.19721581
14,2040,69.59101121
15,2040,100.9318159
16,2040,67.29714804
17,2040,121.997488
18,2040,115.616194
19,2040,142.1591388
20,2040,164.2714757
21,2040,127.8954591
22,2040,155.1668105
23,2040,120.9291033
24,2040,96.34542917
25,2040,61.62168572
26,2040,78.1492867
27,2040,40.79459123
28,2040,82.32067614
29,2040,55.86490383
30,2040,56.02927509
31,2040,73.86944005
32,2040,100.4670761
33,2040,154.8693598
34,2040,110.646847
35,2040,80.57670679
36,2040,64.02122057
37,2040,113.7651798
38,2040,106.0694386
39,2040,153.5817632
40,2040,110.7660113
41,2040,137.9449892
42,2040,185.5463648
43,2040,131.5198855
44,2040,155.1430339
45,2040,113.3772026
46,2040,113.37326
47,2040,73.50775575
48,2040,38.44158105
49,2040,92.88968379
50,2040,163.5682993
51,2040,183.745733
52,2040,180.164328
53,2040,161.1264578
54,2040,158.763555
55,2040,138.6244353
56,2040,105.1665545
57,2040,96.0492652
58,2040,117.5068631
59,2040,101.4472692
60,2040,49.12268757
61,2040,123.5770555
62,2040,122.7304161
63,2040,91.58465222
64,2040,104.6686967
65,2040,106.7197682
66,2040,94.9318846
67,2040,71.13611926
68,2040,89.61033739
69,2040,64.02756968
70,2040,65.5699698
71,2040,66.03869716
72,2040,56.18031247
73,2040,46.83154911
74,2040,89.00440245
75,2040,83.64399521
76,2040,27.02927734
77,2040,110.7033259
78,2040,133.2460898
79,2040,162.6336975
80,2040,147.1255207
81,2040,127.9186806
82,2040,129.1634425
83,2040,114.1475709
84,2040,135.4629806
85,2040,80.59072209
86,2040,29.87119478
87,2040,66.81974458
88,2040,20.74123072
89,2040,34.22641141
90,2040,15.09319033
91,2040,36.37585511
92,2040,24.16800181
93,2040,13.61120625
94,2040,29.65485476
95,2040,26.70446159
96,2040,26.47636134
97,2040,33.97651105
98,2040,33.08648898
99,2040,35.42510925
100,2040,25.84911035
101,2040,28.95850195
102,2040,6.443152962
103,2040,16.18798744
104,2040,11.88496931
105,2040,17.52696078
106,2040,2.194674269
107,2040,8.096205977
108,2040,64.84064314
109,2040,23.17947732
110,2040,28.93258652
111,2040,82.36990477
112,2040,86.81144847
113,2040,31.87490101
114,2040,27.4457554
115,2040,25.2677424
116,2040,29.66624757
117,2040,20.94086888
118,2040,28.43459684
119,2040,25.45604357
120,2040,21.63093304
121,2040,47.28492698
122,2040,30.11562084
123,2040,14.31743229
124,2040,22.88173218
125,2040,47.50612503
126,2040,92.29636884
127,2040,39.49631975
128,2040,6.346338121
129,2040,7.05728387
130,2040,8.246565638
131,2040,12.19565901
132,2040,13.49874396
133,2040,12.97576907
134,2040,11.3103043
135,2040,9.994051818
136,2040,14.05190683
137,2040,18.99107729
138,2040,18.78450264
139,2040,18.15701106
140,2040,8.349841422
141,2040,10.65146629
142,2040,14.85837014
143,2040,16.01773725
144,2040,15.64749823
145,2040,16.09246807
146,2040,14.4743824
147,2040,17.65318002
148,2040,21.99504848
149,2040,10.77695381
150,2040,14.08336421
151,2040,15.83622989
152,2040,19.02361318
153,2040,11.08646586
154,2040,29.32497439
155,2040,17.16141409
156,2040,29.74409875
157,2040,8.360387457
158,2040,10.96608586
159,2040,6.454324164
160,2040,12.32057305
161,2040,9.88829532
162,2040,2.39605056
163,2040,26.62954073
164,2040,9.666918528
165,2040,11.90353937
166,2040,10.07450007
167,2040,10.45565469
168,2040,16.50634069
169,2040,4.084771131
170,2040,167.9060144
171,2040,50.64567201
172,2040,52.31200479
173,2040,33.56056323
174,2040,7.590654877
175,2040,12.71096903
176,2040,19.54710516
177,2040,6.567757584
178,2040,3.478941978
179,2040,11.41133955
180,2040,11.25904782
181,2040,14.7858948
182,2040,12.37683859
183,2040,10.7806902
184,2040,33.71837248
185,2040,13.00503371
186,2040,17.86723273
187,2040,31.80733128
188,2040,35.47932315
189,2040,25.47405494
190,2040,24.00462574
191,2040,14.48807479
192,2040,10.64834042
193,2040,6.463591828
194,2040,22.64269137
195,2040,10.55244969
196,2040,22.26103417
197,2040,9.772582063
198,2040,15.48329701
199,2040,60.10827571
200,2040,22.61047657
201,2040,21.04052925
202,2040,12.9900644
203,2040,12.00681592
204,2040,12.28000236
205,2040,4.123693818
206,2040,9.817348137
207,2040,10.32120893
208,2040,10.46106052
209,2040,13.81078836
210,2040,8.674714267
211,2040,24.23808651
212,2040,7.515985623
213,2040,67.68860351
214,2040,38.66230397
215,2040,10.01102257
216,2040,7.544928645
217,2040,8.274539235
218,2040,11.00428345
219,2040,7.394781761
220,2040,4.611406194
221,2040,7.951825732
222,2040,14.2385635
223,2040,11.95274617
224,2040,0.704934807
225,2040,29.48046486
226,2040,19.40091969
227,2040,11.75943012
228,2040,12.55917939
229,2040,1.90992731
230,2040,1.459148643
231,2040,0.708373647
232,2040,0.578933683
233,2040,1.034592737
234,2040,0.25219194
235,2040,2.891927675
236,2040,6.934812637
237,2040,5.707275314
238,2040,1.685381988
239,2040,1.249718832
240,2040,0.357126725
241,2040,1.09279654
242,2040,4.175786731
243,2040,2.152299836
244,2040,0.958681239
245,2040,0.763480988
246,2040,1.75403404
247,2040,2.812221135
248,2040,1.563145526
249,2040,1.19976522
250,2040,7.697023658
251,2040,0.060076293
252,2040,6.957741756
253,2040,7.812240118
254,2040,9.042914977
255,2040,10.49014889
256,2040,9.511440201
257,2040,10.82555462
258,2040,8.245864346
259,2040,17.7414643
260,2040,33.55099573
261,2040,9.560088746
262,2040,16.09241505
263,2040,22.37851653
264,2040,4.508728035
265,2040,4.764208285
266,2040,18.63898437
267,2040,29.48110843
268,2040,22.12013881
269,2040,12.43578185
270,2040,10.8023277
271,2040,33.12906172
272,2040,34.1406917
273,2040,24.74465006
274,2040,19.00841762
275,2040,20.03378001
276,2040,19.64014556
277,2040,8.696544503
278,2040,12.10003041
279,2040,13.89702701
280,2040,10.55050904
281,2040,9.334842596
282,2040,17.77407893
283,2040,19.6862969
284,2040,15.75492178
285,2040,25.64412882
286,2040,15.58331645
287,2040,21.40051567
288,2040,19.90622077
289,2040,14.69185661
290,2040,12.91630487
291,2040,16.27218618
292,2040,24.20963193
293,2040,16.7040426
294,2040,11.97630857
295,2040,31.22379655
296,2040,12.05061766
297,2040,14.55367758
298,2040,13.02831882
299,2040,10.662497
300,2040,9.164074878
301,2040,19.96054078
302,2040,20.85967902
303,2040,22.31476163
304,2040,25.31942726
305,2040,18.53170988
306,2040,21.02546654
307,2040,22.59239209
308,2040,9.778186374
309,2040,16.18397718
310,2040,15.65538574
311,2040,22.5424644
312,2040,18.02552245
313,2040,12.25226394
314,2040,8.225606825
315,2040,6.62963123
316,2040,10.04355379
317,2040,14.98746874
318,2040,9.540103402
319,2040,8.819809952
320,2040,10.19094628
321,2040,10.34528283
322,2040,11.08701456
323,2040,8.357390449
324,2040,3.080572782
325,2040,4.74602799
326,2040,11.48263329
327,2040,13.81558062
328,2040,13.45688019
329,2040,12.18927394
330,2040,13.92635941
331,2040,20.26926328
332,2040,17.05379662
333,2040,12.28068786
334,2040,15.18467988
335,2040,4.845205699
336,2040,25.29029635
337,2040,25.1634837
338,2040,25.26133876
339,2040,13.90438685
340,2040,16.22329972
341,2040,21.64422195
342,2040,29.75314128
343,2040,3.263757354
344,2040,11.73767841
345,2040,12.11694391
346,2040,21.72674274
347,2040,3.662564948
348,2040,7.496615445
349,2040,8.783467772
350,2040,10.00719979
351,2040,23.13832962
352,2040,14.68181492
353,2040,0.108228572
354,2040,0.148355569
355,2040,2.318535708
356,2040,0.588329406
357,2040,0.810432963
358,2040,1.581052996
359,2040,0.288975469
360,2040,0.995226361
361,2040,0.952309263
362,2040,0.70317566
363,2040,2.996462003
364,2040,26.18062785
365,2040,0.777780651
366,2040,6.119249811
367,2040,15.963032
368,2040,12.49309564
369,2040,12.03543181
370,2040,13.40984433
371,2040,28.80260627
372,2040,7.336833828
373,2040,0.763520552
374,2040,0.861228977
375,2040,18.60672469
376,2040,28.36606524
377,2040,21.94143957
378,2040,8.48144512
379,2040,0.282114152
380,2040,0.551327912
381,2040,4.879399696
382,2040,17.91967296
383,2040,8.426282039
384,2040,14.45435482
385,2040,21.64999111
386,2040,20.96469438
387,2040,19.75173994
388,2040,27.71160232
389,2040,11.09238722
390,2040,10.91910327
391,2040,25.44853245
392,2040,22.12999554
393,2040,16.00261801
394,2040,9.515760244
395,2040,19.74953765
396,2040,10.89264438
397,2040,13.10767165
398,2040,7.942930958
399,2040,16.20906791
400,2040,3.720716376
401,2040,12.69832023
402,2040,21.94530958
403,2040,9.245129987
404,2040,9.055960312
405,2040,50.91530266
406,2040,28.3964026
407,2040,6.62071456
408,2040,18.03452238
409,2040,12.23373853
410,2040,6.451478222
411,2040,54.9947286
412,2040,22.33343172
413,2040,22.3341084
414,2040,23.715442
415,2040,16.54765736
416,2040,26.21861011
417,2040,4.20758583
418,2040,14.17990833
419,2040,22.65942119
420,2040,15.83118338
421,2040,28.15778258
422,2040,28.41644429
423,2040,21.87577348
424,2040,20.10480815
425,2040,16.17841827
426,2040,7.048915873
427,2040,21.091931
428,2040,24.75809237
429,2040,36.01561678
430,2040,31.13270491
431,2040,9.038787546
432,2040,30.8888587
433,2040,29.5857536
434,2040,6.774478944
435,2040,30.15206671
436,2040,15.6042148
437,2040,11.45935232
438,2040,7.300673484
439,2040,26.25743794
440,2040,23.42187523
441,2040,27.59468889
442,2040,29.21697523
443,2040,21.42374595
444,2040,27.74762019
445,2040,15.98185751
446,2040,32.3847511
447,2040,86.57082555
448,2040,125.4033532
449,2040,117.6261178
450,2040,152.1000613
451,2040,154.5814264
452,2040,68.36633275
453,2040,88.75208719
454,2040,25.15707776
455,2040,13.96166089
456,2040,15.6159831
457,2040,23.24766458
458,2040,24.129719
459,2040,22.99784759
1,2045,123.9352568
2,2045,54.74918081
3,2045,116.332022
4,2045,102.4025514
5,2045,130.1215686
6,2045,87.11819845
7,2045,102.6156547
8,2045,96.20112413
9,2045,83.2654317
10,2045,60.39523486
11,2045,72.12425279
12,2045,66.98185585
13,2045,82.37880538
14,2045,70.6037062
15,2045,102.4005852
16,2045,68.27646251
17,2045,123.772807
18,2045,117.2986518
19,2045,144.2278521
20,2045,166.6619697
21,2045,129.7566059
22,2045,157.4248127
23,2045,122.688875
24,2045,97.74745698
25,2045,62.51841033
26,2045,79.28652252
27,2045,41.38823799
28,2045,83.51861442
29,2045,56.67785521
30,2045,56.84461841
31,2045,74.94439514
32,2045,101.9290825
33,2045,157.1230333
34,2045,112.2569904
35,2045,81.74926666
36,2045,64.95286344
37,2045,115.4207015
38,2045,107.6129712
39,2045,155.8166996
40,2045,112.3778888
41,2045,139.9523777
42,2045,188.246453
43,2045,133.4337753
44,2045,157.40069
45,2045,115.0270784
46,2045,115.0230784
47,2045,74.57744757
48,2045,39.00098658
49,2045,94.24142327
50,2045,165.9485607
51,2045,186.4196183
52,2045,182.7860963
53,2045,163.4711852
54,2045,161.0738973
55,2045,140.6417112
56,2045,106.6969482
57,2045,97.4469832
58,2045,119.2168341
59,2045,102.9235395
60,2045,49.83752558
61,2045,125.3753605
62,2045,124.5164008
63,2045,92.91740075
64,2045,106.1918455
65,2045,108.2727643
66,2045,96.31334238
67,2045,72.1712988
68,2045,90.91435551
69,2045,64.95930494
70,2045,66.52415021
71,2045,66.99969854
72,2045,56.9978537
73,2045,47.51304625
74,2045,90.29960295
75,2045,84.86119055
76,2045,27.42260995
77,2045,112.3142912
78,2045,135.1850995
79,2045,165.0003585
80,2045,149.2665052
81,2045,129.7801654
82,2045,131.0430411
83,2045,115.8086571
84,2045,137.4342507
85,2045,81.76348591
86,2045,30.30588324
87,2045,67.79211184
88,2045,21.04305907
89,2045,34.7244774
90,2045,15.31282786
91,2045,36.9052
92,2045,24.51969686
93,2045,13.80927782
94,2045,30.08639502
95,2045,27.09306745
96,2045,26.86164785
97,2045,34.47094046
98,2045,33.5679667
99,2045,35.9406188
100,2045,26.22526905
101,2045,29.37990881
102,2045,6.536914334
103,2045,16.42355657
104,2045,12.05792051
105,2045,17.78201477
106,2045,2.226611377
107,2045,8.214022733
108,2045,65.78421032
109,2045,23.51678727
110,2045,29.35361626
111,2045,83.56855942
112,2045,88.07473689
113,2045,32.33874759
114,2045,27.84514863
115,2045,25.63544098
116,2045,30.09795362
117,2045,21.24560238
118,2045,28.84837979
119,2045,25.82648233
120,2045,21.94570842
121,2045,47.97302172
122,2045,30.5538662
123,2045,14.52578093
124,2045,23.21470932
125,2045,48.19743866
126,2045,93.63947434
127,2045,40.07107393
128,2045,6.438690634
129,2045,7.159982134
130,2045,8.366570443
131,2045,12.3731314
132,2045,13.69517896
133,2045,13.16459369
134,2045,11.47489292
135,2045,10.13948621
136,2045,14.25639151
137,2045,19.26743725
138,2045,19.0578565
139,2045,18.4212336
140,2045,8.471349106
141,2045,10.80646744
142,2045,15.07459055
143,2045,16.25082888
144,2045,15.87520211
145,2045,16.32664719
146,2045,14.68501498
147,2045,17.91007076
148,2045,22.31512251
149,2045,10.93378106
150,2045,14.28830666
151,2045,16.0666802
152,2045,19.3004466
153,2045,11.24779716
154,2045,29.7517142
155,2045,17.41114861
156,2045,30.17693769
157,2045,8.482048608
158,2045,11.12566538
159,2045,6.548248101
160,2045,12.4998632
161,2045,10.03219073
162,2045,2.430918114
163,2045,27.01705633
164,2045,9.807592442
165,2045,12.0767608
166,2045,10.22110515
167,2045,10.60780637
168,2045,16.74654253
169,2045,4.144213108
170,2045,170.3493986
171,2045,51.38267263
172,2045,53.07325403
173,2045,34.04893972
174,2045,7.701114806
175,2045,12.89594025
176,2045,19.83155648
177,2045,6.663332215
178,2045,3.529567872
179,2045,11.57739844
180,2045,11.42289055
181,2045,15.00106054
182,2045,12.55694752
183,2045,10.93757183
184,2045,34.20904543
185,2045,13.19428419
186,2045,18.1272384
187,2045,32.27019457
188,2045,35.99562162
189,2045,25.8447558
190,2045,24.35394333
191,2045,14.69890663
192,2045,10.80329608
193,2045,6.557650629
194,2045,22.97218996
195,2045,10.70600994
196,2045,22.58497885
197,2045,9.914793603
198,2045,15.70861141
199,2045,60.98297703
200,2045,22.93950637
201,2045,21.34671302
202,2045,13.17909705
203,2045,12.18154024
204,2045,12.45870211
205,2045,4.183702201
206,2045,9.960211117
207,2045,10.47140414
208,2045,10.61329086
209,2045,14.01176426
210,2045,8.800949531
211,2045,24.59080145
212,2045,7.625358958
213,2045,68.67361448
214,2045,39.22492148
215,2045,10.15670392
216,2045,7.654723161
217,2045,8.394951114
218,2045,11.16441882
219,2045,7.502391326
220,2045,4.678511813
221,2045,8.067541453
222,2045,14.44576442
223,2045,12.12668366
224,2045,0.715193085
225,2045,29.90946738
226,2045,19.68324372
227,2045,11.93055446
228,2045,12.74194176
229,2045,1.937720753
230,2045,1.480382312
231,2045,0.718681967
232,2045,0.58735838
233,2045,1.049648228
234,2045,0.255861861
235,2045,2.934011281
236,2045,7.035728688
237,2045,5.790328125
238,2045,1.709907826
239,2045,1.267904858
240,2045,0.362323667
241,2045,1.108699018
242,2045,4.236553176
243,2045,2.183620307
244,2045,0.972632059
245,2045,0.774591236
246,2045,1.779558909
247,2045,2.853144843
248,2045,1.585892568
249,2045,1.217224317
250,2045,7.809031476
251,2045,0.060950529
252,2045,7.058991474
253,2045,7.925924576
254,2045,9.174508332
255,2045,10.64280253
256,2045,9.64985158
257,2045,10.98308912
258,2045,8.365858945
259,2045,17.99963977
260,2045,34.039233
261,2045,9.699208063
262,2045,16.3265934
263,2045,22.70417082
264,2045,4.574339472
265,2045,4.833537495
266,2045,18.91022063
267,2045,29.91012031
268,2045,22.44203317
269,2045,12.61674853
270,2045,10.9595242
271,2045,33.61115896
272,2045,34.63751028
273,2045,25.10473656
274,2045,19.28502991
275,2045,20.32531348
276,2045,19.92595082
277,2045,8.823097442
278,2045,12.2761112
279,2045,14.09925786
280,2045,10.70404105
281,2045,9.47068411
282,2045,18.03272901
283,2045,19.97277376
284,2045,15.9841889
285,2045,26.01730461
286,2045,15.81008634
287,2045,21.711938
288,2045,20.19589798
289,2045,14.9056539
290,2045,13.10426417
291,2045,16.50898057
292,2045,24.56193278
293,2045,16.94712141
294,2045,12.15058895
295,2045,31.67816819
296,2045,12.22597939
297,2045,14.76546408
298,2045,13.21790815
299,2045,10.81765867
300,2045,9.297431364
301,2045,20.25100846
302,2045,21.16323104
303,2045,22.63948816
304,2045,25.68787796
305,2045,18.80138508
306,2045,21.33143112
307,2045,22.92115872
308,2045,9.920479468
309,2045,16.41948795
310,2045,15.8832044
311,2045,22.87050447
312,2045,18.28783156
313,2045,12.43056004
314,2045,8.345306635
315,2045,6.726106251
316,2045,10.18970853
317,2045,15.2055678
318,2045,9.67893189
319,2045,8.948156662
320,2045,10.3392459
321,2045,10.49582836
322,2045,11.24835385
323,2045,8.479007987
324,2045,3.125401569
325,2045,4.815092639
326,2045,11.64972965
327,2045,14.01662626
328,2045,13.65270598
329,2045,12.36665341
330,2045,14.12901711
331,2045,20.56422351
332,2045,17.30196509
333,2045,12.4593976
334,2045,15.40564878
335,2045,4.915713591
336,2045,25.65832314
337,2045,25.5296651
338,2045,25.62894416
339,2045,14.10672481
340,2045,16.45938272
341,2045,21.95919072
342,2045,30.18611181
343,2045,3.31125186
344,2045,11.90848622
345,2045,12.29327083
346,2045,22.04291236
347,2045,3.71586294
348,2045,7.605706903
349,2045,8.911285627
350,2045,10.15282551
351,2045,23.47504079
352,2045,14.89546608
353,2045,0.109803525
354,2045,0.150514454
355,2045,2.352275259
356,2045,0.596890831
357,2045,0.822226461
358,2045,1.604060629
359,2045,0.293180668
360,2045,1.00970899
361,2045,0.966167357
362,2045,0.713408338
363,2045,3.040066802
364,2045,26.56161082
365,2045,0.789098988
366,2045,6.208297714
367,2045,16.19532756
368,2045,12.67489635
369,2045,12.21057255
370,2045,13.60498565
371,2045,29.22174453
372,2045,7.443600129
373,2045,0.774631375
374,2045,0.873761663
375,2045,18.87749152
376,2045,28.77885091
377,2045,22.26073348
378,2045,8.604867913
379,2045,0.286219504
380,2045,0.559350888
381,2045,4.950405183
382,2045,18.18044174
383,2045,8.548902093
384,2045,14.66469597
385,2045,21.96504383
386,2045,21.2697746
387,2045,20.03916913
388,2045,28.11486418
389,2045,11.25380469
390,2045,11.0779991
391,2045,25.8188619
392,2045,22.45203333
393,2045,16.23548962
394,2045,9.654234488
395,2045,20.03693479
396,2045,11.05115517
397,2045,13.29841573
398,2045,8.058517242
399,2045,16.44494381
400,2045,3.774860593
401,2045,12.88310739
402,2045,22.2646598
403,2045,9.379665994
404,2045,9.187743504
405,2045,51.65622697
406,2045,28.80962974
407,2045,6.717059826
408,2045,18.29696246
409,2045,12.41176505
410,2045,6.545360745
411,2045,55.7950171
412,2045,22.65842993
413,2045,22.65911646
414,2045,24.06055136
415,2045,16.78846043
416,2045,26.60014581
417,2045,4.268815018
418,2045,14.3862557
419,2045,22.98916323
420,2045,16.06156027
421,2045,28.5675373
422,2045,28.82996308
423,2045,22.19411181
424,2045,20.39737522
425,2045,16.41384815
426,2045,7.151492365
427,2045,21.39886278
428,2045,25.11837447
429,2045,36.53971945
430,2045,31.58575099
431,2045,9.170320839
432,2045,31.33835629
433,2045,30.01628828
434,2045,6.873061803
435,2045,30.59084244
436,2045,15.83128881
437,2045,11.6261099
438,2045,7.406913577
439,2045,26.63953867
440,2045,23.76271258
441,2045,27.99624942
442,2045,29.64214343
443,2045,21.73550633
444,2045,28.15140619
445,2045,16.21442701
446,2045,32.85601706
447,2045,87.83061241
448,2045,127.2282347
449,2045,119.3378242
450,2045,154.3134358
451,2045,156.8309099
452,2045,69.3612061
453,2045,90.04361597
454,2045,25.52316593
455,2045,14.1648323
456,2045,15.84322836
457,2045,23.5859668
458,2045,24.48085696
459,2045,23.33251444
1,2050,125.7129059
2,2050,55.53446849
3,2050,118.0006151
4,2050,103.8713489
5,2050,131.9879503
6,2050,88.36776688
7,2050,104.0875089
8,2050,97.58097232
9,2050,84.45973849
10,2050,61.26150598
11,2050,73.15875754
12,2050,67.94260131
13,2050,83.56039496
14,2050,71.61640119
15,2050,103.8693546
16,2050,69.25577698
17,2050,125.548126
18,2050,118.9811096
19,2050,146.2965654
20,2050,169.0524638
21,2050,131.6177528
22,2050,159.6828148
23,2050,124.4486468
24,2050,99.14948479
25,2050,63.41513494
26,2050,80.42375835
27,2050,41.98188474
28,2050,84.7165527
29,2050,57.49080658
30,2050,57.65996173
31,2050,76.01935023
32,2050,103.391089
33,2050,159.3767069
34,2050,113.8671338
35,2050,82.92182653
36,2050,65.88450631
37,2050,117.0762232
38,2050,109.1565037
39,2050,158.0516359
40,2050,113.9897663
41,2050,141.9597663
42,2050,190.9465413
43,2050,135.3476651
44,2050,159.6583462
45,2050,116.6769542
46,2050,116.6728968
47,2050,75.6471394
48,2050,39.56039211
49,2050,95.59316275
50,2050,168.3288221
51,2050,189.0935036
52,2050,185.4078647
53,2050,165.8159127
54,2050,163.3842395
55,2050,142.6589872
56,2050,108.2273419
57,2050,98.84470121
58,2050,120.9268051
59,2050,104.3998098
60,2050,50.55236358
61,2050,127.1736655
62,2050,126.3023854
63,2050,94.25014929
64,2050,107.7149943
65,2050,109.8257605
66,2050,97.69480016
67,2050,73.20647835
68,2050,92.21837363
69,2050,65.8910402
70,2050,67.47833063
71,2050,67.96069992
72,2050,57.81539493
73,2050,48.19454339
74,2050,91.59480345
75,2050,86.07838589
76,2050,27.81594255
77,2050,113.9252565
78,2050,137.1241093
79,2050,167.3670195
80,2050,151.4074897
81,2050,131.6416502
82,2050,132.9226398
83,2050,117.4697434
84,2050,139.4055208
85,2050,82.93624973
86,2050,30.7405717
87,2050,68.76447909
88,2050,21.34488743
89,2050,35.22254338
90,2050,15.5324654
91,2050,37.43454489
92,2050,24.87139191
93,2050,14.00734938
94,2050,30.51793527
95,2050,27.4816733
96,2050,27.24693437
97,2050,34.96536986
98,2050,34.04944443
99,2050,36.45612834
100,2050,26.60142775
101,2050,29.80131568
102,2050,6.630675706
103,2050,16.65912569
104,2050,12.23087171
105,2050,18.03706876
106,2050,2.258548485
107,2050,8.33183949
108,2050,66.72777751
109,2050,23.85409722
110,2050,29.774646
111,2050,84.76721408
112,2050,89.33802532
113,2050,32.80259417
114,2050,28.24454186
115,2050,26.00313956
116,2050,30.52965966
117,2050,21.55033589
118,2050,29.26216273
119,2050,26.19692109
120,2050,22.26048381
121,2050,48.66111645
122,2050,30.99211157
123,2050,14.73412956
124,2050,23.54768645
125,2050,48.88875229
126,2050,94.98257985
127,2050,40.64582812
128,2050,6.531043148
129,2050,7.262680397
130,2050,8.486575247
131,2050,12.55060378
132,2050,13.89161396
133,2050,13.35341831
134,2050,11.63948154
135,2050,10.2849206
136,2050,14.46087619
137,2050,19.5437972
138,2050,19.33121036
139,2050,18.68545615
140,2050,8.592856789
141,2050,10.96146858
142,2050,15.29081096
143,2050,16.48392051
144,2050,16.10290598
145,2050,16.5608263
146,2050,14.89564756
147,2050,18.16696151
148,2050,22.63519654
149,2050,11.09060831
150,2050,14.49324911
151,2050,16.29713052
152,2050,19.57728002
153,2050,11.40912846
154,2050,30.178454
155,2050,17.66088314
156,2050,30.60977664
157,2050,8.603709758
158,2050,11.2852449
159,2050,6.642172037
160,2050,12.67915334
161,2050,10.17608614
162,2050,2.465785669
163,2050,27.40457193
164,2050,9.948266356
165,2050,12.24998223
166,2050,10.36771023
167,2050,10.75995805
168,2050,16.98674436
169,2050,4.203655084
170,2050,172.7927828
171,2050,52.11967324
172,2050,53.83450328
173,2050,34.53731622
174,2050,7.811574735
175,2050,13.08091148
176,2050,20.11600781
177,2050,6.758906845
178,2050,3.580193765
179,2050,11.74345734
180,2050,11.58673328
181,2050,15.21622628
182,2050,12.73705645
183,2050,11.09445345
184,2050,34.69971838
185,2050,13.38353468
186,2050,18.38724406
187,2050,32.73305787
188,2050,36.5119201
189,2050,26.21545666
190,2050,24.70326092
191,2050,14.90973846
192,2050,10.95825174
193,2050,6.65170943
194,2050,23.30168855
195,2050,10.85957019
196,2050,22.90892353
197,2050,10.05700514
198,2050,15.93392582
199,2050,61.85767835
200,2050,23.26853616
201,2050,21.6528968
202,2050,13.36812969
203,2050,12.35626456
204,2050,12.63740187
205,2050,4.243710584
206,2050,10.1030741
207,2050,10.62159935
208,2050,10.7655212
209,2050,14.21274016
210,2050,8.927184795
211,2050,24.94351638
212,2050,7.734732292
213,2050,69.65862545
214,2050,39.78753899
215,2050,10.30238527
216,2050,7.764517678
217,2050,8.515362993
218,2050,11.3245542
219,2050,7.61000089
220,2050,4.745617433
221,2050,8.183257174
222,2050,14.65296535
223,2050,12.30062115
224,2050,0.725451363
225,2050,30.3384699
226,2050,19.96556774
227,2050,12.1016788
228,2050,12.92470413
229,2050,1.965514196
230,2050,1.501615982
231,2050,0.728990288
232,2050,0.595783078
233,2050,1.06470372
234,2050,0.259531782
235,2050,2.976094886
236,2050,7.136644738
237,2050,5.873380936
238,2050,1.734433665
239,2050,1.286090885
240,2050,0.367520609
241,2050,1.124601497
242,2050,4.29731962
243,2050,2.214940778
244,2050,0.986582879
245,2050,0.785701484
246,2050,1.805083779
247,2050,2.894068552
248,2050,1.60863961
249,2050,1.234683414
250,2050,7.921039293
251,2050,0.061824765
252,2050,7.160241191
253,2050,8.039609034
254,2050,9.306101687
255,2050,10.79545617
256,2050,9.788262959
257,2050,11.14062362
258,2050,8.485853544
259,2050,18.25781524
260,2050,34.52747027
261,2050,9.83832738
262,2050,16.56077175
263,2050,23.02982511
264,2050,4.63995091
265,2050,4.902866706
266,2050,19.1814569
267,2050,30.3391322
268,2050,22.76392752
269,2050,12.7977152
270,2050,11.11672069
271,2050,34.09325621
272,2050,35.13432885
273,2050,25.46482305
274,2050,19.56164221
275,2050,20.61684694
276,2050,20.21175608
277,2050,8.949650382
278,2050,12.45219199
279,2050,14.30148872
280,2050,10.85757306
281,2050,9.606525624
282,2050,18.29137909
283,2050,20.25925061
284,2050,16.21345601
285,2050,26.3904804
286,2050,16.03685624
287,2050,22.02336033
288,2050,20.48557519
289,2050,15.11945119
290,2050,13.29222346
291,2050,16.74577497
292,2050,24.91423364
293,2050,17.19020022
294,2050,12.32486933
295,2050,32.13253984
296,2050,12.40134112
297,2050,14.97725057
298,2050,13.40749748
299,2050,10.97282034
300,2050,9.43078785
301,2050,20.54147614
302,2050,21.46678307
303,2050,22.96421468
304,2050,26.05632867
305,2050,19.07106028
306,2050,21.6373957
307,2050,23.24992535
308,2050,10.06277256
309,2050,16.65499872
310,2050,16.11102306
311,2050,23.19854455
312,2050,18.55014067
313,2050,12.60885615
314,2050,8.465006444
315,2050,6.822581273
316,2050,10.33586328
317,2050,15.42366687
318,2050,9.817760379
319,2050,9.076503372
320,2050,10.48754551
321,2050,10.6463739
322,2050,11.40969314
323,2050,8.600625524
324,2050,3.170230356
325,2050,4.884157288
326,2050,11.81682602
327,2050,14.2176719
328,2050,13.84853178
329,2050,12.54403287
330,2050,14.33167481
331,2050,20.85918375
332,2050,17.55013355
333,2050,12.63810733
334,2050,15.62661768
335,2050,4.986221483
336,2050,26.02634992
337,2050,25.89584649
338,2050,25.99654955
339,2050,14.30906276
340,2050,16.69546571
341,2050,22.27415948
342,2050,30.61908234
343,2050,3.358746367
344,2050,12.07929403
345,2050,12.46959774
346,2050,22.35908198
347,2050,3.769160932
348,2050,7.714798361
349,2050,9.039103482
350,2050,10.29845123
351,2050,23.81175195
352,2050,15.10911724
353,2050,0.111378477
354,2050,0.152673338
355,2050,2.38601481
356,2050,0.605452256
357,2050,0.834019958
358,2050,1.627068262
359,2050,0.297385866
360,2050,1.024191618
361,2050,0.980025452
362,2050,0.723641017
363,2050,3.083671601
364,2050,26.9425938
365,2050,0.800417326
366,2050,6.297345617
367,2050,16.42762311
368,2050,12.85669706
369,2050,12.3857133
370,2050,13.80012698
371,2050,29.64088278
372,2050,7.55036643
373,2050,0.785742199
374,2050,0.886294348
375,2050,19.14825834
376,2050,29.19163658
377,2050,22.58002739
378,2050,8.728290705
379,2050,0.290324856
380,2050,0.567373864
381,2050,5.021410669
382,2050,18.44121052
383,2050,8.671522148
384,2050,14.87503711
385,2050,22.28009655
386,2050,21.57485482
387,2050,20.32659832
388,2050,28.51812605
389,2050,11.41522216
390,2050,11.23689493
391,2050,26.18919136
392,2050,22.77407112
393,2050,16.46836124
394,2050,9.792708733
395,2050,20.32433193
396,2050,11.20966597
397,2050,13.48915981
398,2050,8.174103526
399,2050,16.6808197
400,2050,3.82900481
401,2050,13.06789454
402,2050,22.58401002
403,2050,9.514202002
404,2050,9.319526696
405,2050,52.39715128
406,2050,29.22285688
407,2050,6.813405091
408,2050,18.55940253
409,2050,12.58979157
410,2050,6.639243267
411,2050,56.5953056
412,2050,22.98342815
413,2050,22.98412452
414,2050,24.40566072
415,2050,17.02926351
416,2050,26.98168151
417,2050,4.330044206
418,2050,14.59260307
419,2050,23.31890527
420,2050,16.29193715
421,2050,28.97729202
422,2050,29.24348187
423,2050,22.51245013
424,2050,20.68994229
425,2050,16.64927802
426,2050,7.254068856
427,2050,21.70579456
428,2050,25.47865658
429,2050,37.06382212
430,2050,32.03879706
431,2050,9.301854131
432,2050,31.78785389
433,2050,30.44682297
434,2050,6.971644662
435,2050,31.02961817
436,2050,16.05836282
437,2050,11.79286748
438,2050,7.513153669
439,2050,27.02163939
440,2050,24.10354992
441,2050,28.39780995
442,2050,30.06731162
443,2050,22.04726671
444,2050,28.55519218
445,2050,16.44699651
446,2050,33.32728303
447,2050,89.09039926
448,2050,129.0531162
449,2050,121.0495306
450,2050,156.5268103
451,2050,159.0803935
452,2050,70.35607945
453,2050,91.33514475
454,2050,25.88925411
455,2050,14.36800371
456,2050,16.07047363
457,2050,23.92426902
458,2050,24.83199492
459,2050,23.6671813
