Geo,Year,MixUseProp
1,2005,NA
2,2005,NA
3,2005,NA
4,2005,NA
5,2005,NA
6,2005,NA
7,2005,NA
8,2005,NA
9,2005,NA
10,2005,NA
11,2005,NA
12,2005,NA
13,2005,NA
14,2005,NA
15,2005,NA
16,2005,NA
17,2005,NA
18,2005,NA
19,2005,NA
20,2005,NA
21,2005,NA
22,2005,NA
23,2005,NA
24,2005,NA
25,2005,NA
26,2005,NA
27,2005,NA
28,2005,NA
29,2005,NA
30,2005,NA
31,2005,NA
32,2005,NA
33,2005,NA
34,2005,NA
35,2005,NA
36,2005,NA
37,2005,NA
38,2005,NA
39,2005,NA
40,2005,NA
41,2005,NA
42,2005,NA
43,2005,NA
44,2005,NA
45,2005,NA
46,2005,NA
47,2005,NA
48,2005,NA
49,2005,NA
50,2005,NA
51,2005,NA
52,2005,NA
53,2005,NA
54,2005,NA
55,2005,NA
56,2005,NA
57,2005,NA
58,2005,NA
59,2005,NA
60,2005,NA
61,2005,NA
62,2005,NA
63,2005,NA
64,2005,NA
65,2005,NA
66,2005,NA
67,2005,NA
68,2005,NA
69,2005,NA
70,2005,NA
71,2005,NA
72,2005,NA
73,2005,NA
74,2005,NA
75,2005,NA
76,2005,NA
77,2005,NA
78,2005,NA
79,2005,NA
80,2005,NA
81,2005,NA
82,2005,NA
83,2005,NA
84,2005,NA
85,2005,NA
86,2005,NA
87,2005,NA
88,2005,NA
89,2005,NA
90,2005,NA
91,2005,NA
92,2005,NA
93,2005,NA
94,2005,NA
95,2005,NA
96,2005,NA
97,2005,NA
98,2005,NA
99,2005,NA
100,2005,NA
101,2005,NA
102,2005,NA
103,2005,NA
104,2005,NA
105,2005,NA
106,2005,NA
107,2005,NA
108,2005,NA
109,2005,NA
110,2005,NA
111,2005,NA
112,2005,NA
113,2005,NA
114,2005,NA
115,2005,NA
116,2005,NA
117,2005,NA
118,2005,NA
119,2005,NA
120,2005,NA
121,2005,NA
122,2005,NA
123,2005,NA
124,2005,NA
125,2005,NA
126,2005,NA
127,2005,NA
128,2005,NA
129,2005,NA
130,2005,NA
131,2005,NA
132,2005,NA
133,2005,NA
134,2005,NA
135,2005,NA
136,2005,NA
137,2005,NA
138,2005,NA
139,2005,NA
140,2005,NA
141,2005,NA
142,2005,NA
143,2005,NA
144,2005,NA
145,2005,NA
146,2005,NA
147,2005,NA
148,2005,NA
149,2005,NA
150,2005,NA
151,2005,NA
152,2005,NA
153,2005,NA
154,2005,NA
155,2005,NA
156,2005,NA
157,2005,NA
158,2005,NA
159,2005,NA
160,2005,NA
161,2005,NA
162,2005,NA
163,2005,NA
164,2005,NA
165,2005,NA
166,2005,NA
167,2005,NA
168,2005,NA
169,2005,NA
170,2005,NA
171,2005,NA
172,2005,NA
173,2005,NA
174,2005,NA
175,2005,NA
176,2005,NA
177,2005,NA
178,2005,NA
179,2005,NA
180,2005,NA
181,2005,NA
182,2005,NA
183,2005,NA
184,2005,NA
185,2005,NA
186,2005,NA
187,2005,NA
188,2005,NA
189,2005,NA
190,2005,NA
191,2005,NA
192,2005,NA
193,2005,NA
194,2005,NA
195,2005,NA
196,2005,NA
197,2005,NA
198,2005,NA
199,2005,NA
200,2005,NA
201,2005,NA
202,2005,NA
203,2005,NA
204,2005,NA
205,2005,NA
206,2005,NA
207,2005,NA
208,2005,NA
209,2005,NA
210,2005,NA
211,2005,NA
212,2005,NA
213,2005,NA
214,2005,NA
215,2005,NA
216,2005,NA
217,2005,NA
218,2005,NA
219,2005,NA
220,2005,NA
221,2005,NA
222,2005,NA
223,2005,NA
224,2005,NA
225,2005,NA
226,2005,NA
227,2005,NA
228,2005,NA
229,2005,NA
230,2005,NA
231,2005,NA
232,2005,NA
233,2005,NA
234,2005,NA
235,2005,NA
236,2005,NA
237,2005,NA
238,2005,NA
239,2005,NA
240,2005,NA
241,2005,NA
242,2005,NA
243,2005,NA
244,2005,NA
245,2005,NA
246,2005,NA
247,2005,NA
248,2005,NA
249,2005,NA
250,2005,NA
251,2005,NA
252,2005,NA
253,2005,NA
254,2005,NA
255,2005,NA
256,2005,NA
257,2005,NA
258,2005,NA
259,2005,NA
260,2005,NA
261,2005,NA
262,2005,NA
263,2005,NA
264,2005,NA
265,2005,NA
266,2005,NA
267,2005,NA
268,2005,NA
269,2005,NA
270,2005,NA
271,2005,NA
272,2005,NA
273,2005,NA
274,2005,NA
275,2005,NA
276,2005,NA
277,2005,NA
278,2005,NA
279,2005,NA
280,2005,NA
281,2005,NA
282,2005,NA
283,2005,NA
284,2005,NA
285,2005,NA
286,2005,NA
287,2005,NA
288,2005,NA
289,2005,NA
290,2005,NA
291,2005,NA
292,2005,NA
293,2005,NA
294,2005,NA
295,2005,NA
296,2005,NA
297,2005,NA
298,2005,NA
299,2005,NA
300,2005,NA
301,2005,NA
302,2005,NA
303,2005,NA
304,2005,NA
305,2005,NA
306,2005,NA
307,2005,NA
308,2005,NA
309,2005,NA
310,2005,NA
311,2005,NA
312,2005,NA
313,2005,NA
314,2005,NA
315,2005,NA
316,2005,NA
317,2005,NA
318,2005,NA
319,2005,NA
320,2005,NA
321,2005,NA
322,2005,NA
323,2005,NA
324,2005,NA
325,2005,NA
326,2005,NA
327,2005,NA
328,2005,NA
329,2005,NA
330,2005,NA
331,2005,NA
332,2005,NA
333,2005,NA
334,2005,NA
335,2005,NA
336,2005,NA
337,2005,NA
338,2005,NA
339,2005,NA
340,2005,NA
341,2005,NA
342,2005,NA
343,2005,NA
344,2005,NA
345,2005,NA
346,2005,NA
347,2005,NA
348,2005,NA
349,2005,NA
350,2005,NA
351,2005,NA
352,2005,NA
353,2005,NA
354,2005,NA
355,2005,NA
356,2005,NA
357,2005,NA
358,2005,NA
359,2005,NA
360,2005,NA
361,2005,NA
362,2005,NA
363,2005,NA
364,2005,NA
365,2005,NA
366,2005,NA
367,2005,NA
368,2005,NA
369,2005,NA
370,2005,NA
371,2005,NA
372,2005,NA
373,2005,NA
374,2005,NA
375,2005,NA
376,2005,NA
377,2005,NA
378,2005,NA
379,2005,NA
380,2005,NA
381,2005,NA
382,2005,NA
383,2005,NA
384,2005,NA
385,2005,NA
386,2005,NA
387,2005,NA
388,2005,NA
389,2005,NA
390,2005,NA
391,2005,NA
392,2005,NA
393,2005,NA
394,2005,NA
395,2005,NA
396,2005,NA
397,2005,NA
398,2005,NA
399,2005,NA
400,2005,NA
401,2005,NA
402,2005,NA
403,2005,NA
404,2005,NA
405,2005,NA
406,2005,NA
407,2005,NA
408,2005,NA
409,2005,NA
410,2005,NA
411,2005,NA
412,2005,NA
413,2005,NA
414,2005,NA
415,2005,NA
416,2005,NA
417,2005,NA
418,2005,NA
419,2005,NA
420,2005,NA
421,2005,NA
422,2005,NA
423,2005,NA
424,2005,NA
425,2005,NA
426,2005,NA
427,2005,NA
428,2005,NA
429,2005,NA
430,2005,NA
431,2005,NA
432,2005,NA
433,2005,NA
434,2005,NA
435,2005,NA
436,2005,NA
437,2005,NA
438,2005,NA
439,2005,NA
440,2005,NA
441,2005,NA
442,2005,NA
443,2005,NA
444,2005,NA
445,2005,NA
446,2005,NA
447,2005,NA
448,2005,NA
449,2005,NA
450,2005,NA
451,2005,NA
452,2005,NA
453,2005,NA
454,2005,NA
455,2005,NA
456,2005,NA
457,2005,NA
458,2005,NA
459,2005,NA
1,2010,NA
2,2010,NA
3,2010,NA
4,2010,NA
5,2010,NA
6,2010,NA
7,2010,NA
8,2010,NA
9,2010,NA
10,2010,NA
11,2010,NA
12,2010,NA
13,2010,NA
14,2010,NA
15,2010,NA
16,2010,NA
17,2010,NA
18,2010,NA
19,2010,NA
20,2010,NA
21,2010,NA
22,2010,NA
23,2010,NA
24,2010,NA
25,2010,NA
26,2010,NA
27,2010,NA
28,2010,NA
29,2010,NA
30,2010,NA
31,2010,NA
32,2010,NA
33,2010,NA
34,2010,NA
35,2010,NA
36,2010,NA
37,2010,NA
38,2010,NA
39,2010,NA
40,2010,NA
41,2010,NA
42,2010,NA
43,2010,NA
44,2010,NA
45,2010,NA
46,2010,NA
47,2010,NA
48,2010,NA
49,2010,NA
50,2010,NA
51,2010,NA
52,2010,NA
53,2010,NA
54,2010,NA
55,2010,NA
56,2010,NA
57,2010,NA
58,2010,NA
59,2010,NA
60,2010,NA
61,2010,NA
62,2010,NA
63,2010,NA
64,2010,NA
65,2010,NA
66,2010,NA
67,2010,NA
68,2010,NA
69,2010,NA
70,2010,NA
71,2010,NA
72,2010,NA
73,2010,NA
74,2010,NA
75,2010,NA
76,2010,NA
77,2010,NA
78,2010,NA
79,2010,NA
80,2010,NA
81,2010,NA
82,2010,NA
83,2010,NA
84,2010,NA
85,2010,NA
86,2010,NA
87,2010,NA
88,2010,NA
89,2010,NA
90,2010,NA
91,2010,NA
92,2010,NA
93,2010,NA
94,2010,NA
95,2010,NA
96,2010,NA
97,2010,NA
98,2010,NA
99,2010,NA
100,2010,NA
101,2010,NA
102,2010,NA
103,2010,NA
104,2010,NA
105,2010,NA
106,2010,NA
107,2010,NA
108,2010,NA
109,2010,NA
110,2010,NA
111,2010,NA
112,2010,NA
113,2010,NA
114,2010,NA
115,2010,NA
116,2010,NA
117,2010,NA
118,2010,NA
119,2010,NA
120,2010,NA
121,2010,NA
122,2010,NA
123,2010,NA
124,2010,NA
125,2010,NA
126,2010,NA
127,2010,NA
128,2010,NA
129,2010,NA
130,2010,NA
131,2010,NA
132,2010,NA
133,2010,NA
134,2010,NA
135,2010,NA
136,2010,NA
137,2010,NA
138,2010,NA
139,2010,NA
140,2010,NA
141,2010,NA
142,2010,NA
143,2010,NA
144,2010,NA
145,2010,NA
146,2010,NA
147,2010,NA
148,2010,NA
149,2010,NA
150,2010,NA
151,2010,NA
152,2010,NA
153,2010,NA
154,2010,NA
155,2010,NA
156,2010,NA
157,2010,NA
158,2010,NA
159,2010,NA
160,2010,NA
161,2010,NA
162,2010,NA
163,2010,NA
164,2010,NA
165,2010,NA
166,2010,NA
167,2010,NA
168,2010,NA
169,2010,NA
170,2010,NA
171,2010,NA
172,2010,NA
173,2010,NA
174,2010,NA
175,2010,NA
176,2010,NA
177,2010,NA
178,2010,NA
179,2010,NA
180,2010,NA
181,2010,NA
182,2010,NA
183,2010,NA
184,2010,NA
185,2010,NA
186,2010,NA
187,2010,NA
188,2010,NA
189,2010,NA
190,2010,NA
191,2010,NA
192,2010,NA
193,2010,NA
194,2010,NA
195,2010,NA
196,2010,NA
197,2010,NA
198,2010,NA
199,2010,NA
200,2010,NA
201,2010,NA
202,2010,NA
203,2010,NA
204,2010,NA
205,2010,NA
206,2010,NA
207,2010,NA
208,2010,NA
209,2010,NA
210,2010,NA
211,2010,NA
212,2010,NA
213,2010,NA
214,2010,NA
215,2010,NA
216,2010,NA
217,2010,NA
218,2010,NA
219,2010,NA
220,2010,NA
221,2010,NA
222,2010,NA
223,2010,NA
224,2010,NA
225,2010,NA
226,2010,NA
227,2010,NA
228,2010,NA
229,2010,NA
230,2010,NA
231,2010,NA
232,2010,NA
233,2010,NA
234,2010,NA
235,2010,NA
236,2010,NA
237,2010,NA
238,2010,NA
239,2010,NA
240,2010,NA
241,2010,NA
242,2010,NA
243,2010,NA
244,2010,NA
245,2010,NA
246,2010,NA
247,2010,NA
248,2010,NA
249,2010,NA
250,2010,NA
251,2010,NA
252,2010,NA
253,2010,NA
254,2010,NA
255,2010,NA
256,2010,NA
257,2010,NA
258,2010,NA
259,2010,NA
260,2010,NA
261,2010,NA
262,2010,NA
263,2010,NA
264,2010,NA
265,2010,NA
266,2010,NA
267,2010,NA
268,2010,NA
269,2010,NA
270,2010,NA
271,2010,NA
272,2010,NA
273,2010,NA
274,2010,NA
275,2010,NA
276,2010,NA
277,2010,NA
278,2010,NA
279,2010,NA
280,2010,NA
281,2010,NA
282,2010,NA
283,2010,NA
284,2010,NA
285,2010,NA
286,2010,NA
287,2010,NA
288,2010,NA
289,2010,NA
290,2010,NA
291,2010,NA
292,2010,NA
293,2010,NA
294,2010,NA
295,2010,NA
296,2010,NA
297,2010,NA
298,2010,NA
299,2010,NA
300,2010,NA
301,2010,NA
302,2010,NA
303,2010,NA
304,2010,NA
305,2010,NA
306,2010,NA
307,2010,NA
308,2010,NA
309,2010,NA
310,2010,NA
311,2010,NA
312,2010,NA
313,2010,NA
314,2010,NA
315,2010,NA
316,2010,NA
317,2010,NA
318,2010,NA
319,2010,NA
320,2010,NA
321,2010,NA
322,2010,NA
323,2010,NA
324,2010,NA
325,2010,NA
326,2010,NA
327,2010,NA
328,2010,NA
329,2010,NA
330,2010,NA
331,2010,NA
332,2010,NA
333,2010,NA
334,2010,NA
335,2010,NA
336,2010,NA
337,2010,NA
338,2010,NA
339,2010,NA
340,2010,NA
341,2010,NA
342,2010,NA
343,2010,NA
344,2010,NA
345,2010,NA
346,2010,NA
347,2010,NA
348,2010,NA
349,2010,NA
350,2010,NA
351,2010,NA
352,2010,NA
353,2010,NA
354,2010,NA
355,2010,NA
356,2010,NA
357,2010,NA
358,2010,NA
359,2010,NA
360,2010,NA
361,2010,NA
362,2010,NA
363,2010,NA
364,2010,NA
365,2010,NA
366,2010,NA
367,2010,NA
368,2010,NA
369,2010,NA
370,2010,NA
371,2010,NA
372,2010,NA
373,2010,NA
374,2010,NA
375,2010,NA
376,2010,NA
377,2010,NA
378,2010,NA
379,2010,NA
380,2010,NA
381,2010,NA
382,2010,NA
383,2010,NA
384,2010,NA
385,2010,NA
386,2010,NA
387,2010,NA
388,2010,NA
389,2010,NA
390,2010,NA
391,2010,NA
392,2010,NA
393,2010,NA
394,2010,NA
395,2010,NA
396,2010,NA
397,2010,NA
398,2010,NA
399,2010,NA
400,2010,NA
401,2010,NA
402,2010,NA
403,2010,NA
404,2010,NA
405,2010,NA
406,2010,NA
407,2010,NA
408,2010,NA
409,2010,NA
410,2010,NA
411,2010,NA
412,2010,NA
413,2010,NA
414,2010,NA
415,2010,NA
416,2010,NA
417,2010,NA
418,2010,NA
419,2010,NA
420,2010,NA
421,2010,NA
422,2010,NA
423,2010,NA
424,2010,NA
425,2010,NA
426,2010,NA
427,2010,NA
428,2010,NA
429,2010,NA
430,2010,NA
431,2010,NA
432,2010,NA
433,2010,NA
434,2010,NA
435,2010,NA
436,2010,NA
437,2010,NA
438,2010,NA
439,2010,NA
440,2010,NA
441,2010,NA
442,2010,NA
443,2010,NA
444,2010,NA
445,2010,NA
446,2010,NA
447,2010,NA
448,2010,NA
449,2010,NA
450,2010,NA
451,2010,NA
452,2010,NA
453,2010,NA
454,2010,NA
455,2010,NA
456,2010,NA
457,2010,NA
458,2010,NA
459,2010,NA
1,2020,NA
2,2020,NA
3,2020,NA
4,2020,NA
5,2020,NA
6,2020,NA
7,2020,NA
8,2020,NA
9,2020,NA
10,2020,NA
11,2020,NA
12,2020,NA
13,2020,NA
14,2020,NA
15,2020,NA
16,2020,NA
17,2020,NA
18,2020,NA
19,2020,NA
20,2020,NA
21,2020,NA
22,2020,NA
23,2020,NA
24,2020,NA
25,2020,NA
26,2020,NA
27,2020,NA
28,2020,NA
29,2020,NA
30,2020,NA
31,2020,NA
32,2020,NA
33,2020,NA
34,2020,NA
35,2020,NA
36,2020,NA
37,2020,NA
38,2020,NA
39,2020,NA
40,2020,NA
41,2020,NA
42,2020,NA
43,2020,NA
44,2020,NA
45,2020,NA
46,2020,NA
47,2020,NA
48,2020,NA
49,2020,NA
50,2020,NA
51,2020,NA
52,2020,NA
53,2020,NA
54,2020,NA
55,2020,NA
56,2020,NA
57,2020,NA
58,2020,NA
59,2020,NA
60,2020,NA
61,2020,NA
62,2020,NA
63,2020,NA
64,2020,NA
65,2020,NA
66,2020,NA
67,2020,NA
68,2020,NA
69,2020,NA
70,2020,NA
71,2020,NA
72,2020,NA
73,2020,NA
74,2020,NA
75,2020,NA
76,2020,NA
77,2020,NA
78,2020,NA
79,2020,NA
80,2020,NA
81,2020,NA
82,2020,NA
83,2020,NA
84,2020,NA
85,2020,NA
86,2020,NA
87,2020,NA
88,2020,NA
89,2020,NA
90,2020,NA
91,2020,NA
92,2020,NA
93,2020,NA
94,2020,NA
95,2020,NA
96,2020,NA
97,2020,NA
98,2020,NA
99,2020,NA
100,2020,NA
101,2020,NA
102,2020,NA
103,2020,NA
104,2020,NA
105,2020,NA
106,2020,NA
107,2020,NA
108,2020,NA
109,2020,NA
110,2020,NA
111,2020,NA
112,2020,NA
113,2020,NA
114,2020,NA
115,2020,NA
116,2020,NA
117,2020,NA
118,2020,NA
119,2020,NA
120,2020,NA
121,2020,NA
122,2020,NA
123,2020,NA
124,2020,NA
125,2020,NA
126,2020,NA
127,2020,NA
128,2020,NA
129,2020,NA
130,2020,NA
131,2020,NA
132,2020,NA
133,2020,NA
134,2020,NA
135,2020,NA
136,2020,NA
137,2020,NA
138,2020,NA
139,2020,NA
140,2020,NA
141,2020,NA
142,2020,NA
143,2020,NA
144,2020,NA
145,2020,NA
146,2020,NA
147,2020,NA
148,2020,NA
149,2020,NA
150,2020,NA
151,2020,NA
152,2020,NA
153,2020,NA
154,2020,NA
155,2020,NA
156,2020,NA
157,2020,NA
158,2020,NA
159,2020,NA
160,2020,NA
161,2020,NA
162,2020,NA
163,2020,NA
164,2020,NA
165,2020,NA
166,2020,NA
167,2020,NA
168,2020,NA
169,2020,NA
170,2020,NA
171,2020,NA
172,2020,NA
173,2020,NA
174,2020,NA
175,2020,NA
176,2020,NA
177,2020,NA
178,2020,NA
179,2020,NA
180,2020,NA
181,2020,NA
182,2020,NA
183,2020,NA
184,2020,NA
185,2020,NA
186,2020,NA
187,2020,NA
188,2020,NA
189,2020,NA
190,2020,NA
191,2020,NA
192,2020,NA
193,2020,NA
194,2020,NA
195,2020,NA
196,2020,NA
197,2020,NA
198,2020,NA
199,2020,NA
200,2020,NA
201,2020,NA
202,2020,NA
203,2020,NA
204,2020,NA
205,2020,NA
206,2020,NA
207,2020,NA
208,2020,NA
209,2020,NA
210,2020,NA
211,2020,NA
212,2020,NA
213,2020,NA
214,2020,NA
215,2020,NA
216,2020,NA
217,2020,NA
218,2020,NA
219,2020,NA
220,2020,NA
221,2020,NA
222,2020,NA
223,2020,NA
224,2020,NA
225,2020,NA
226,2020,NA
227,2020,NA
228,2020,NA
229,2020,NA
230,2020,NA
231,2020,NA
232,2020,NA
233,2020,NA
234,2020,NA
235,2020,NA
236,2020,NA
237,2020,NA
238,2020,NA
239,2020,NA
240,2020,NA
241,2020,NA
242,2020,NA
243,2020,NA
244,2020,NA
245,2020,NA
246,2020,NA
247,2020,NA
248,2020,NA
249,2020,NA
250,2020,NA
251,2020,NA
252,2020,NA
253,2020,NA
254,2020,NA
255,2020,NA
256,2020,NA
257,2020,NA
258,2020,NA
259,2020,NA
260,2020,NA
261,2020,NA
262,2020,NA
263,2020,NA
264,2020,NA
265,2020,NA
266,2020,NA
267,2020,NA
268,2020,NA
269,2020,NA
270,2020,NA
271,2020,NA
272,2020,NA
273,2020,NA
274,2020,NA
275,2020,NA
276,2020,NA
277,2020,NA
278,2020,NA
279,2020,NA
280,2020,NA
281,2020,NA
282,2020,NA
283,2020,NA
284,2020,NA
285,2020,NA
286,2020,NA
287,2020,NA
288,2020,NA
289,2020,NA
290,2020,NA
291,2020,NA
292,2020,NA
293,2020,NA
294,2020,NA
295,2020,NA
296,2020,NA
297,2020,NA
298,2020,NA
299,2020,NA
300,2020,NA
301,2020,NA
302,2020,NA
303,2020,NA
304,2020,NA
305,2020,NA
306,2020,NA
307,2020,NA
308,2020,NA
309,2020,NA
310,2020,NA
311,2020,NA
312,2020,NA
313,2020,NA
314,2020,NA
315,2020,NA
316,2020,NA
317,2020,NA
318,2020,NA
319,2020,NA
320,2020,NA
321,2020,NA
322,2020,NA
323,2020,NA
324,2020,NA
325,2020,NA
326,2020,NA
327,2020,NA
328,2020,NA
329,2020,NA
330,2020,NA
331,2020,NA
332,2020,NA
333,2020,NA
334,2020,NA
335,2020,NA
336,2020,NA
337,2020,NA
338,2020,NA
339,2020,NA
340,2020,NA
341,2020,NA
342,2020,NA
343,2020,NA
344,2020,NA
345,2020,NA
346,2020,NA
347,2020,NA
348,2020,NA
349,2020,NA
350,2020,NA
351,2020,NA
352,2020,NA
353,2020,NA
354,2020,NA
355,2020,NA
356,2020,NA
357,2020,NA
358,2020,NA
359,2020,NA
360,2020,NA
361,2020,NA
362,2020,NA
363,2020,NA
364,2020,NA
365,2020,NA
366,2020,NA
367,2020,NA
368,2020,NA
369,2020,NA
370,2020,NA
371,2020,NA
372,2020,NA
373,2020,NA
374,2020,NA
375,2020,NA
376,2020,NA
377,2020,NA
378,2020,NA
379,2020,NA
380,2020,NA
381,2020,NA
382,2020,NA
383,2020,NA
384,2020,NA
385,2020,NA
386,2020,NA
387,2020,NA
388,2020,NA
389,2020,NA
390,2020,NA
391,2020,NA
392,2020,NA
393,2020,NA
394,2020,NA
395,2020,NA
396,2020,NA
397,2020,NA
398,2020,NA
399,2020,NA
400,2020,NA
401,2020,NA
402,2020,NA
403,2020,NA
404,2020,NA
405,2020,NA
406,2020,NA
407,2020,NA
408,2020,NA
409,2020,NA
410,2020,NA
411,2020,NA
412,2020,NA
413,2020,NA
414,2020,NA
415,2020,NA
416,2020,NA
417,2020,NA
418,2020,NA
419,2020,NA
420,2020,NA
421,2020,NA
422,2020,NA
423,2020,NA
424,2020,NA
425,2020,NA
426,2020,NA
427,2020,NA
428,2020,NA
429,2020,NA
430,2020,NA
431,2020,NA
432,2020,NA
433,2020,NA
434,2020,NA
435,2020,NA
436,2020,NA
437,2020,NA
438,2020,NA
439,2020,NA
440,2020,NA
441,2020,NA
442,2020,NA
443,2020,NA
444,2020,NA
445,2020,NA
446,2020,NA
447,2020,NA
448,2020,NA
449,2020,NA
450,2020,NA
451,2020,NA
452,2020,NA
453,2020,NA
454,2020,NA
455,2020,NA
456,2020,NA
457,2020,NA
458,2020,NA
459,2020,NA
1,2025,NA
2,2025,NA
3,2025,NA
4,2025,NA
5,2025,NA
6,2025,NA
7,2025,NA
8,2025,NA
9,2025,NA
10,2025,NA
11,2025,NA
12,2025,NA
13,2025,NA
14,2025,NA
15,2025,NA
16,2025,NA
17,2025,NA
18,2025,NA
19,2025,NA
20,2025,NA
21,2025,NA
22,2025,NA
23,2025,NA
24,2025,NA
25,2025,NA
26,2025,NA
27,2025,NA
28,2025,NA
29,2025,NA
30,2025,NA
31,2025,NA
32,2025,NA
33,2025,NA
34,2025,NA
35,2025,NA
36,2025,NA
37,2025,NA
38,2025,NA
39,2025,NA
40,2025,NA
41,2025,NA
42,2025,NA
43,2025,NA
44,2025,NA
45,2025,NA
46,2025,NA
47,2025,NA
48,2025,NA
49,2025,NA
50,2025,NA
51,2025,NA
52,2025,NA
53,2025,NA
54,2025,NA
55,2025,NA
56,2025,NA
57,2025,NA
58,2025,NA
59,2025,NA
60,2025,NA
61,2025,NA
62,2025,NA
63,2025,NA
64,2025,NA
65,2025,NA
66,2025,NA
67,2025,NA
68,2025,NA
69,2025,NA
70,2025,NA
71,2025,NA
72,2025,NA
73,2025,NA
74,2025,NA
75,2025,NA
76,2025,NA
77,2025,NA
78,2025,NA
79,2025,NA
80,2025,NA
81,2025,NA
82,2025,NA
83,2025,NA
84,2025,NA
85,2025,NA
86,2025,NA
87,2025,NA
88,2025,NA
89,2025,NA
90,2025,NA
91,2025,NA
92,2025,NA
93,2025,NA
94,2025,NA
95,2025,NA
96,2025,NA
97,2025,NA
98,2025,NA
99,2025,NA
100,2025,NA
101,2025,NA
102,2025,NA
103,2025,NA
104,2025,NA
105,2025,NA
106,2025,NA
107,2025,NA
108,2025,NA
109,2025,NA
110,2025,NA
111,2025,NA
112,2025,NA
113,2025,NA
114,2025,NA
115,2025,NA
116,2025,NA
117,2025,NA
118,2025,NA
119,2025,NA
120,2025,NA
121,2025,NA
122,2025,NA
123,2025,NA
124,2025,NA
125,2025,NA
126,2025,NA
127,2025,NA
128,2025,NA
129,2025,NA
130,2025,NA
131,2025,NA
132,2025,NA
133,2025,NA
134,2025,NA
135,2025,NA
136,2025,NA
137,2025,NA
138,2025,NA
139,2025,NA
140,2025,NA
141,2025,NA
142,2025,NA
143,2025,NA
144,2025,NA
145,2025,NA
146,2025,NA
147,2025,NA
148,2025,NA
149,2025,NA
150,2025,NA
151,2025,NA
152,2025,NA
153,2025,NA
154,2025,NA
155,2025,NA
156,2025,NA
157,2025,NA
158,2025,NA
159,2025,NA
160,2025,NA
161,2025,NA
162,2025,NA
163,2025,NA
164,2025,NA
165,2025,NA
166,2025,NA
167,2025,NA
168,2025,NA
169,2025,NA
170,2025,NA
171,2025,NA
172,2025,NA
173,2025,NA
174,2025,NA
175,2025,NA
176,2025,NA
177,2025,NA
178,2025,NA
179,2025,NA
180,2025,NA
181,2025,NA
182,2025,NA
183,2025,NA
184,2025,NA
185,2025,NA
186,2025,NA
187,2025,NA
188,2025,NA
189,2025,NA
190,2025,NA
191,2025,NA
192,2025,NA
193,2025,NA
194,2025,NA
195,2025,NA
196,2025,NA
197,2025,NA
198,2025,NA
199,2025,NA
200,2025,NA
201,2025,NA
202,2025,NA
203,2025,NA
204,2025,NA
205,2025,NA
206,2025,NA
207,2025,NA
208,2025,NA
209,2025,NA
210,2025,NA
211,2025,NA
212,2025,NA
213,2025,NA
214,2025,NA
215,2025,NA
216,2025,NA
217,2025,NA
218,2025,NA
219,2025,NA
220,2025,NA
221,2025,NA
222,2025,NA
223,2025,NA
224,2025,NA
225,2025,NA
226,2025,NA
227,2025,NA
228,2025,NA
229,2025,NA
230,2025,NA
231,2025,NA
232,2025,NA
233,2025,NA
234,2025,NA
235,2025,NA
236,2025,NA
237,2025,NA
238,2025,NA
239,2025,NA
240,2025,NA
241,2025,NA
242,2025,NA
243,2025,NA
244,2025,NA
245,2025,NA
246,2025,NA
247,2025,NA
248,2025,NA
249,2025,NA
250,2025,NA
251,2025,NA
252,2025,NA
253,2025,NA
254,2025,NA
255,2025,NA
256,2025,NA
257,2025,NA
258,2025,NA
259,2025,NA
260,2025,NA
261,2025,NA
262,2025,NA
263,2025,NA
264,2025,NA
265,2025,NA
266,2025,NA
267,2025,NA
268,2025,NA
269,2025,NA
270,2025,NA
271,2025,NA
272,2025,NA
273,2025,NA
274,2025,NA
275,2025,NA
276,2025,NA
277,2025,NA
278,2025,NA
279,2025,NA
280,2025,NA
281,2025,NA
282,2025,NA
283,2025,NA
284,2025,NA
285,2025,NA
286,2025,NA
287,2025,NA
288,2025,NA
289,2025,NA
290,2025,NA
291,2025,NA
292,2025,NA
293,2025,NA
294,2025,NA
295,2025,NA
296,2025,NA
297,2025,NA
298,2025,NA
299,2025,NA
300,2025,NA
301,2025,NA
302,2025,NA
303,2025,NA
304,2025,NA
305,2025,NA
306,2025,NA
307,2025,NA
308,2025,NA
309,2025,NA
310,2025,NA
311,2025,NA
312,2025,NA
313,2025,NA
314,2025,NA
315,2025,NA
316,2025,NA
317,2025,NA
318,2025,NA
319,2025,NA
320,2025,NA
321,2025,NA
322,2025,NA
323,2025,NA
324,2025,NA
325,2025,NA
326,2025,NA
327,2025,NA
328,2025,NA
329,2025,NA
330,2025,NA
331,2025,NA
332,2025,NA
333,2025,NA
334,2025,NA
335,2025,NA
336,2025,NA
337,2025,NA
338,2025,NA
339,2025,NA
340,2025,NA
341,2025,NA
342,2025,NA
343,2025,NA
344,2025,NA
345,2025,NA
346,2025,NA
347,2025,NA
348,2025,NA
349,2025,NA
350,2025,NA
351,2025,NA
352,2025,NA
353,2025,NA
354,2025,NA
355,2025,NA
356,2025,NA
357,2025,NA
358,2025,NA
359,2025,NA
360,2025,NA
361,2025,NA
362,2025,NA
363,2025,NA
364,2025,NA
365,2025,NA
366,2025,NA
367,2025,NA
368,2025,NA
369,2025,NA
370,2025,NA
371,2025,NA
372,2025,NA
373,2025,NA
374,2025,NA
375,2025,NA
376,2025,NA
377,2025,NA
378,2025,NA
379,2025,NA
380,2025,NA
381,2025,NA
382,2025,NA
383,2025,NA
384,2025,NA
385,2025,NA
386,2025,NA
387,2025,NA
388,2025,NA
389,2025,NA
390,2025,NA
391,2025,NA
392,2025,NA
393,2025,NA
394,2025,NA
395,2025,NA
396,2025,NA
397,2025,NA
398,2025,NA
399,2025,NA
400,2025,NA
401,2025,NA
402,2025,NA
403,2025,NA
404,2025,NA
405,2025,NA
406,2025,NA
407,2025,NA
408,2025,NA
409,2025,NA
410,2025,NA
411,2025,NA
412,2025,NA
413,2025,NA
414,2025,NA
415,2025,NA
416,2025,NA
417,2025,NA
418,2025,NA
419,2025,NA
420,2025,NA
421,2025,NA
422,2025,NA
423,2025,NA
424,2025,NA
425,2025,NA
426,2025,NA
427,2025,NA
428,2025,NA
429,2025,NA
430,2025,NA
431,2025,NA
432,2025,NA
433,2025,NA
434,2025,NA
435,2025,NA
436,2025,NA
437,2025,NA
438,2025,NA
439,2025,NA
440,2025,NA
441,2025,NA
442,2025,NA
443,2025,NA
444,2025,NA
445,2025,NA
446,2025,NA
447,2025,NA
448,2025,NA
449,2025,NA
450,2025,NA
451,2025,NA
452,2025,NA
453,2025,NA
454,2025,NA
455,2025,NA
456,2025,NA
457,2025,NA
458,2025,NA
459,2025,NA
1,2030,NA
2,2030,NA
3,2030,NA
4,2030,NA
5,2030,NA
6,2030,NA
7,2030,NA
8,2030,NA
9,2030,NA
10,2030,NA
11,2030,NA
12,2030,NA
13,2030,NA
14,2030,NA
15,2030,NA
16,2030,NA
17,2030,NA
18,2030,NA
19,2030,NA
20,2030,NA
21,2030,NA
22,2030,NA
23,2030,NA
24,2030,NA
25,2030,NA
26,2030,NA
27,2030,NA
28,2030,NA
29,2030,NA
30,2030,NA
31,2030,NA
32,2030,NA
33,2030,NA
34,2030,NA
35,2030,NA
36,2030,NA
37,2030,NA
38,2030,NA
39,2030,NA
40,2030,NA
41,2030,NA
42,2030,NA
43,2030,NA
44,2030,NA
45,2030,NA
46,2030,NA
47,2030,NA
48,2030,NA
49,2030,NA
50,2030,NA
51,2030,NA
52,2030,NA
53,2030,NA
54,2030,NA
55,2030,NA
56,2030,NA
57,2030,NA
58,2030,NA
59,2030,NA
60,2030,NA
61,2030,NA
62,2030,NA
63,2030,NA
64,2030,NA
65,2030,NA
66,2030,NA
67,2030,NA
68,2030,NA
69,2030,NA
70,2030,NA
71,2030,NA
72,2030,NA
73,2030,NA
74,2030,NA
75,2030,NA
76,2030,NA
77,2030,NA
78,2030,NA
79,2030,NA
80,2030,NA
81,2030,NA
82,2030,NA
83,2030,NA
84,2030,NA
85,2030,NA
86,2030,NA
87,2030,NA
88,2030,NA
89,2030,NA
90,2030,NA
91,2030,NA
92,2030,NA
93,2030,NA
94,2030,NA
95,2030,NA
96,2030,NA
97,2030,NA
98,2030,NA
99,2030,NA
100,2030,NA
101,2030,NA
102,2030,NA
103,2030,NA
104,2030,NA
105,2030,NA
106,2030,NA
107,2030,NA
108,2030,NA
109,2030,NA
110,2030,NA
111,2030,NA
112,2030,NA
113,2030,NA
114,2030,NA
115,2030,NA
116,2030,NA
117,2030,NA
118,2030,NA
119,2030,NA
120,2030,NA
121,2030,NA
122,2030,NA
123,2030,NA
124,2030,NA
125,2030,NA
126,2030,NA
127,2030,NA
128,2030,NA
129,2030,NA
130,2030,NA
131,2030,NA
132,2030,NA
133,2030,NA
134,2030,NA
135,2030,NA
136,2030,NA
137,2030,NA
138,2030,NA
139,2030,NA
140,2030,NA
141,2030,NA
142,2030,NA
143,2030,NA
144,2030,NA
145,2030,NA
146,2030,NA
147,2030,NA
148,2030,NA
149,2030,NA
150,2030,NA
151,2030,NA
152,2030,NA
153,2030,NA
154,2030,NA
155,2030,NA
156,2030,NA
157,2030,NA
158,2030,NA
159,2030,NA
160,2030,NA
161,2030,NA
162,2030,NA
163,2030,NA
164,2030,NA
165,2030,NA
166,2030,NA
167,2030,NA
168,2030,NA
169,2030,NA
170,2030,NA
171,2030,NA
172,2030,NA
173,2030,NA
174,2030,NA
175,2030,NA
176,2030,NA
177,2030,NA
178,2030,NA
179,2030,NA
180,2030,NA
181,2030,NA
182,2030,NA
183,2030,NA
184,2030,NA
185,2030,NA
186,2030,NA
187,2030,NA
188,2030,NA
189,2030,NA
190,2030,NA
191,2030,NA
192,2030,NA
193,2030,NA
194,2030,NA
195,2030,NA
196,2030,NA
197,2030,NA
198,2030,NA
199,2030,NA
200,2030,NA
201,2030,NA
202,2030,NA
203,2030,NA
204,2030,NA
205,2030,NA
206,2030,NA
207,2030,NA
208,2030,NA
209,2030,NA
210,2030,NA
211,2030,NA
212,2030,NA
213,2030,NA
214,2030,NA
215,2030,NA
216,2030,NA
217,2030,NA
218,2030,NA
219,2030,NA
220,2030,NA
221,2030,NA
222,2030,NA
223,2030,NA
224,2030,NA
225,2030,NA
226,2030,NA
227,2030,NA
228,2030,NA
229,2030,NA
230,2030,NA
231,2030,NA
232,2030,NA
233,2030,NA
234,2030,NA
235,2030,NA
236,2030,NA
237,2030,NA
238,2030,NA
239,2030,NA
240,2030,NA
241,2030,NA
242,2030,NA
243,2030,NA
244,2030,NA
245,2030,NA
246,2030,NA
247,2030,NA
248,2030,NA
249,2030,NA
250,2030,NA
251,2030,NA
252,2030,NA
253,2030,NA
254,2030,NA
255,2030,NA
256,2030,NA
257,2030,NA
258,2030,NA
259,2030,NA
260,2030,NA
261,2030,NA
262,2030,NA
263,2030,NA
264,2030,NA
265,2030,NA
266,2030,NA
267,2030,NA
268,2030,NA
269,2030,NA
270,2030,NA
271,2030,NA
272,2030,NA
273,2030,NA
274,2030,NA
275,2030,NA
276,2030,NA
277,2030,NA
278,2030,NA
279,2030,NA
280,2030,NA
281,2030,NA
282,2030,NA
283,2030,NA
284,2030,NA
285,2030,NA
286,2030,NA
287,2030,NA
288,2030,NA
289,2030,NA
290,2030,NA
291,2030,NA
292,2030,NA
293,2030,NA
294,2030,NA
295,2030,NA
296,2030,NA
297,2030,NA
298,2030,NA
299,2030,NA
300,2030,NA
301,2030,NA
302,2030,NA
303,2030,NA
304,2030,NA
305,2030,NA
306,2030,NA
307,2030,NA
308,2030,NA
309,2030,NA
310,2030,NA
311,2030,NA
312,2030,NA
313,2030,NA
314,2030,NA
315,2030,NA
316,2030,NA
317,2030,NA
318,2030,NA
319,2030,NA
320,2030,NA
321,2030,NA
322,2030,NA
323,2030,NA
324,2030,NA
325,2030,NA
326,2030,NA
327,2030,NA
328,2030,NA
329,2030,NA
330,2030,NA
331,2030,NA
332,2030,NA
333,2030,NA
334,2030,NA
335,2030,NA
336,2030,NA
337,2030,NA
338,2030,NA
339,2030,NA
340,2030,NA
341,2030,NA
342,2030,NA
343,2030,NA
344,2030,NA
345,2030,NA
346,2030,NA
347,2030,NA
348,2030,NA
349,2030,NA
350,2030,NA
351,2030,NA
352,2030,NA
353,2030,NA
354,2030,NA
355,2030,NA
356,2030,NA
357,2030,NA
358,2030,NA
359,2030,NA
360,2030,NA
361,2030,NA
362,2030,NA
363,2030,NA
364,2030,NA
365,2030,NA
366,2030,NA
367,2030,NA
368,2030,NA
369,2030,NA
370,2030,NA
371,2030,NA
372,2030,NA
373,2030,NA
374,2030,NA
375,2030,NA
376,2030,NA
377,2030,NA
378,2030,NA
379,2030,NA
380,2030,NA
381,2030,NA
382,2030,NA
383,2030,NA
384,2030,NA
385,2030,NA
386,2030,NA
387,2030,NA
388,2030,NA
389,2030,NA
390,2030,NA
391,2030,NA
392,2030,NA
393,2030,NA
394,2030,NA
395,2030,NA
396,2030,NA
397,2030,NA
398,2030,NA
399,2030,NA
400,2030,NA
401,2030,NA
402,2030,NA
403,2030,NA
404,2030,NA
405,2030,NA
406,2030,NA
407,2030,NA
408,2030,NA
409,2030,NA
410,2030,NA
411,2030,NA
412,2030,NA
413,2030,NA
414,2030,NA
415,2030,NA
416,2030,NA
417,2030,NA
418,2030,NA
419,2030,NA
420,2030,NA
421,2030,NA
422,2030,NA
423,2030,NA
424,2030,NA
425,2030,NA
426,2030,NA
427,2030,NA
428,2030,NA
429,2030,NA
430,2030,NA
431,2030,NA
432,2030,NA
433,2030,NA
434,2030,NA
435,2030,NA
436,2030,NA
437,2030,NA
438,2030,NA
439,2030,NA
440,2030,NA
441,2030,NA
442,2030,NA
443,2030,NA
444,2030,NA
445,2030,NA
446,2030,NA
447,2030,NA
448,2030,NA
449,2030,NA
450,2030,NA
451,2030,NA
452,2030,NA
453,2030,NA
454,2030,NA
455,2030,NA
456,2030,NA
457,2030,NA
458,2030,NA
459,2030,NA
1,2035,NA
2,2035,NA
3,2035,NA
4,2035,NA
5,2035,NA
6,2035,NA
7,2035,NA
8,2035,NA
9,2035,NA
10,2035,NA
11,2035,NA
12,2035,NA
13,2035,NA
14,2035,NA
15,2035,NA
16,2035,NA
17,2035,NA
18,2035,NA
19,2035,NA
20,2035,NA
21,2035,NA
22,2035,NA
23,2035,NA
24,2035,NA
25,2035,NA
26,2035,NA
27,2035,NA
28,2035,NA
29,2035,NA
30,2035,NA
31,2035,NA
32,2035,NA
33,2035,NA
34,2035,NA
35,2035,NA
36,2035,NA
37,2035,NA
38,2035,NA
39,2035,NA
40,2035,NA
41,2035,NA
42,2035,NA
43,2035,NA
44,2035,NA
45,2035,NA
46,2035,NA
47,2035,NA
48,2035,NA
49,2035,NA
50,2035,NA
51,2035,NA
52,2035,NA
53,2035,NA
54,2035,NA
55,2035,NA
56,2035,NA
57,2035,NA
58,2035,NA
59,2035,NA
60,2035,NA
61,2035,NA
62,2035,NA
63,2035,NA
64,2035,NA
65,2035,NA
66,2035,NA
67,2035,NA
68,2035,NA
69,2035,NA
70,2035,NA
71,2035,NA
72,2035,NA
73,2035,NA
74,2035,NA
75,2035,NA
76,2035,NA
77,2035,NA
78,2035,NA
79,2035,NA
80,2035,NA
81,2035,NA
82,2035,NA
83,2035,NA
84,2035,NA
85,2035,NA
86,2035,NA
87,2035,NA
88,2035,NA
89,2035,NA
90,2035,NA
91,2035,NA
92,2035,NA
93,2035,NA
94,2035,NA
95,2035,NA
96,2035,NA
97,2035,NA
98,2035,NA
99,2035,NA
100,2035,NA
101,2035,NA
102,2035,NA
103,2035,NA
104,2035,NA
105,2035,NA
106,2035,NA
107,2035,NA
108,2035,NA
109,2035,NA
110,2035,NA
111,2035,NA
112,2035,NA
113,2035,NA
114,2035,NA
115,2035,NA
116,2035,NA
117,2035,NA
118,2035,NA
119,2035,NA
120,2035,NA
121,2035,NA
122,2035,NA
123,2035,NA
124,2035,NA
125,2035,NA
126,2035,NA
127,2035,NA
128,2035,NA
129,2035,NA
130,2035,NA
131,2035,NA
132,2035,NA
133,2035,NA
134,2035,NA
135,2035,NA
136,2035,NA
137,2035,NA
138,2035,NA
139,2035,NA
140,2035,NA
141,2035,NA
142,2035,NA
143,2035,NA
144,2035,NA
145,2035,NA
146,2035,NA
147,2035,NA
148,2035,NA
149,2035,NA
150,2035,NA
151,2035,NA
152,2035,NA
153,2035,NA
154,2035,NA
155,2035,NA
156,2035,NA
157,2035,NA
158,2035,NA
159,2035,NA
160,2035,NA
161,2035,NA
162,2035,NA
163,2035,NA
164,2035,NA
165,2035,NA
166,2035,NA
167,2035,NA
168,2035,NA
169,2035,NA
170,2035,NA
171,2035,NA
172,2035,NA
173,2035,NA
174,2035,NA
175,2035,NA
176,2035,NA
177,2035,NA
178,2035,NA
179,2035,NA
180,2035,NA
181,2035,NA
182,2035,NA
183,2035,NA
184,2035,NA
185,2035,NA
186,2035,NA
187,2035,NA
188,2035,NA
189,2035,NA
190,2035,NA
191,2035,NA
192,2035,NA
193,2035,NA
194,2035,NA
195,2035,NA
196,2035,NA
197,2035,NA
198,2035,NA
199,2035,NA
200,2035,NA
201,2035,NA
202,2035,NA
203,2035,NA
204,2035,NA
205,2035,NA
206,2035,NA
207,2035,NA
208,2035,NA
209,2035,NA
210,2035,NA
211,2035,NA
212,2035,NA
213,2035,NA
214,2035,NA
215,2035,NA
216,2035,NA
217,2035,NA
218,2035,NA
219,2035,NA
220,2035,NA
221,2035,NA
222,2035,NA
223,2035,NA
224,2035,NA
225,2035,NA
226,2035,NA
227,2035,NA
228,2035,NA
229,2035,NA
230,2035,NA
231,2035,NA
232,2035,NA
233,2035,NA
234,2035,NA
235,2035,NA
236,2035,NA
237,2035,NA
238,2035,NA
239,2035,NA
240,2035,NA
241,2035,NA
242,2035,NA
243,2035,NA
244,2035,NA
245,2035,NA
246,2035,NA
247,2035,NA
248,2035,NA
249,2035,NA
250,2035,NA
251,2035,NA
252,2035,NA
253,2035,NA
254,2035,NA
255,2035,NA
256,2035,NA
257,2035,NA
258,2035,NA
259,2035,NA
260,2035,NA
261,2035,NA
262,2035,NA
263,2035,NA
264,2035,NA
265,2035,NA
266,2035,NA
267,2035,NA
268,2035,NA
269,2035,NA
270,2035,NA
271,2035,NA
272,2035,NA
273,2035,NA
274,2035,NA
275,2035,NA
276,2035,NA
277,2035,NA
278,2035,NA
279,2035,NA
280,2035,NA
281,2035,NA
282,2035,NA
283,2035,NA
284,2035,NA
285,2035,NA
286,2035,NA
287,2035,NA
288,2035,NA
289,2035,NA
290,2035,NA
291,2035,NA
292,2035,NA
293,2035,NA
294,2035,NA
295,2035,NA
296,2035,NA
297,2035,NA
298,2035,NA
299,2035,NA
300,2035,NA
301,2035,NA
302,2035,NA
303,2035,NA
304,2035,NA
305,2035,NA
306,2035,NA
307,2035,NA
308,2035,NA
309,2035,NA
310,2035,NA
311,2035,NA
312,2035,NA
313,2035,NA
314,2035,NA
315,2035,NA
316,2035,NA
317,2035,NA
318,2035,NA
319,2035,NA
320,2035,NA
321,2035,NA
322,2035,NA
323,2035,NA
324,2035,NA
325,2035,NA
326,2035,NA
327,2035,NA
328,2035,NA
329,2035,NA
330,2035,NA
331,2035,NA
332,2035,NA
333,2035,NA
334,2035,NA
335,2035,NA
336,2035,NA
337,2035,NA
338,2035,NA
339,2035,NA
340,2035,NA
341,2035,NA
342,2035,NA
343,2035,NA
344,2035,NA
345,2035,NA
346,2035,NA
347,2035,NA
348,2035,NA
349,2035,NA
350,2035,NA
351,2035,NA
352,2035,NA
353,2035,NA
354,2035,NA
355,2035,NA
356,2035,NA
357,2035,NA
358,2035,NA
359,2035,NA
360,2035,NA
361,2035,NA
362,2035,NA
363,2035,NA
364,2035,NA
365,2035,NA
366,2035,NA
367,2035,NA
368,2035,NA
369,2035,NA
370,2035,NA
371,2035,NA
372,2035,NA
373,2035,NA
374,2035,NA
375,2035,NA
376,2035,NA
377,2035,NA
378,2035,NA
379,2035,NA
380,2035,NA
381,2035,NA
382,2035,NA
383,2035,NA
384,2035,NA
385,2035,NA
386,2035,NA
387,2035,NA
388,2035,NA
389,2035,NA
390,2035,NA
391,2035,NA
392,2035,NA
393,2035,NA
394,2035,NA
395,2035,NA
396,2035,NA
397,2035,NA
398,2035,NA
399,2035,NA
400,2035,NA
401,2035,NA
402,2035,NA
403,2035,NA
404,2035,NA
405,2035,NA
406,2035,NA
407,2035,NA
408,2035,NA
409,2035,NA
410,2035,NA
411,2035,NA
412,2035,NA
413,2035,NA
414,2035,NA
415,2035,NA
416,2035,NA
417,2035,NA
418,2035,NA
419,2035,NA
420,2035,NA
421,2035,NA
422,2035,NA
423,2035,NA
424,2035,NA
425,2035,NA
426,2035,NA
427,2035,NA
428,2035,NA
429,2035,NA
430,2035,NA
431,2035,NA
432,2035,NA
433,2035,NA
434,2035,NA
435,2035,NA
436,2035,NA
437,2035,NA
438,2035,NA
439,2035,NA
440,2035,NA
441,2035,NA
442,2035,NA
443,2035,NA
444,2035,NA
445,2035,NA
446,2035,NA
447,2035,NA
448,2035,NA
449,2035,NA
450,2035,NA
451,2035,NA
452,2035,NA
453,2035,NA
454,2035,NA
455,2035,NA
456,2035,NA
457,2035,NA
458,2035,NA
459,2035,NA
1,2040,NA
2,2040,NA
3,2040,NA
4,2040,NA
5,2040,NA
6,2040,NA
7,2040,NA
8,2040,NA
9,2040,NA
10,2040,NA
11,2040,NA
12,2040,NA
13,2040,NA
14,2040,NA
15,2040,NA
16,2040,NA
17,2040,NA
18,2040,NA
19,2040,NA
20,2040,NA
21,2040,NA
22,2040,NA
23,2040,NA
24,2040,NA
25,2040,NA
26,2040,NA
27,2040,NA
28,2040,NA
29,2040,NA
30,2040,NA
31,2040,NA
32,2040,NA
33,2040,NA
34,2040,NA
35,2040,NA
36,2040,NA
37,2040,NA
38,2040,NA
39,2040,NA
40,2040,NA
41,2040,NA
42,2040,NA
43,2040,NA
44,2040,NA
45,2040,NA
46,2040,NA
47,2040,NA
48,2040,NA
49,2040,NA
50,2040,NA
51,2040,NA
52,2040,NA
53,2040,NA
54,2040,NA
55,2040,NA
56,2040,NA
57,2040,NA
58,2040,NA
59,2040,NA
60,2040,NA
61,2040,NA
62,2040,NA
63,2040,NA
64,2040,NA
65,2040,NA
66,2040,NA
67,2040,NA
68,2040,NA
69,2040,NA
70,2040,NA
71,2040,NA
72,2040,NA
73,2040,NA
74,2040,NA
75,2040,NA
76,2040,NA
77,2040,NA
78,2040,NA
79,2040,NA
80,2040,NA
81,2040,NA
82,2040,NA
83,2040,NA
84,2040,NA
85,2040,NA
86,2040,NA
87,2040,NA
88,2040,NA
89,2040,NA
90,2040,NA
91,2040,NA
92,2040,NA
93,2040,NA
94,2040,NA
95,2040,NA
96,2040,NA
97,2040,NA
98,2040,NA
99,2040,NA
100,2040,NA
101,2040,NA
102,2040,NA
103,2040,NA
104,2040,NA
105,2040,NA
106,2040,NA
107,2040,NA
108,2040,NA
109,2040,NA
110,2040,NA
111,2040,NA
112,2040,NA
113,2040,NA
114,2040,NA
115,2040,NA
116,2040,NA
117,2040,NA
118,2040,NA
119,2040,NA
120,2040,NA
121,2040,NA
122,2040,NA
123,2040,NA
124,2040,NA
125,2040,NA
126,2040,NA
127,2040,NA
128,2040,NA
129,2040,NA
130,2040,NA
131,2040,NA
132,2040,NA
133,2040,NA
134,2040,NA
135,2040,NA
136,2040,NA
137,2040,NA
138,2040,NA
139,2040,NA
140,2040,NA
141,2040,NA
142,2040,NA
143,2040,NA
144,2040,NA
145,2040,NA
146,2040,NA
147,2040,NA
148,2040,NA
149,2040,NA
150,2040,NA
151,2040,NA
152,2040,NA
153,2040,NA
154,2040,NA
155,2040,NA
156,2040,NA
157,2040,NA
158,2040,NA
159,2040,NA
160,2040,NA
161,2040,NA
162,2040,NA
163,2040,NA
164,2040,NA
165,2040,NA
166,2040,NA
167,2040,NA
168,2040,NA
169,2040,NA
170,2040,NA
171,2040,NA
172,2040,NA
173,2040,NA
174,2040,NA
175,2040,NA
176,2040,NA
177,2040,NA
178,2040,NA
179,2040,NA
180,2040,NA
181,2040,NA
182,2040,NA
183,2040,NA
184,2040,NA
185,2040,NA
186,2040,NA
187,2040,NA
188,2040,NA
189,2040,NA
190,2040,NA
191,2040,NA
192,2040,NA
193,2040,NA
194,2040,NA
195,2040,NA
196,2040,NA
197,2040,NA
198,2040,NA
199,2040,NA
200,2040,NA
201,2040,NA
202,2040,NA
203,2040,NA
204,2040,NA
205,2040,NA
206,2040,NA
207,2040,NA
208,2040,NA
209,2040,NA
210,2040,NA
211,2040,NA
212,2040,NA
213,2040,NA
214,2040,NA
215,2040,NA
216,2040,NA
217,2040,NA
218,2040,NA
219,2040,NA
220,2040,NA
221,2040,NA
222,2040,NA
223,2040,NA
224,2040,NA
225,2040,NA
226,2040,NA
227,2040,NA
228,2040,NA
229,2040,NA
230,2040,NA
231,2040,NA
232,2040,NA
233,2040,NA
234,2040,NA
235,2040,NA
236,2040,NA
237,2040,NA
238,2040,NA
239,2040,NA
240,2040,NA
241,2040,NA
242,2040,NA
243,2040,NA
244,2040,NA
245,2040,NA
246,2040,NA
247,2040,NA
248,2040,NA
249,2040,NA
250,2040,NA
251,2040,NA
252,2040,NA
253,2040,NA
254,2040,NA
255,2040,NA
256,2040,NA
257,2040,NA
258,2040,NA
259,2040,NA
260,2040,NA
261,2040,NA
262,2040,NA
263,2040,NA
264,2040,NA
265,2040,NA
266,2040,NA
267,2040,NA
268,2040,NA
269,2040,NA
270,2040,NA
271,2040,NA
272,2040,NA
273,2040,NA
274,2040,NA
275,2040,NA
276,2040,NA
277,2040,NA
278,2040,NA
279,2040,NA
280,2040,NA
281,2040,NA
282,2040,NA
283,2040,NA
284,2040,NA
285,2040,NA
286,2040,NA
287,2040,NA
288,2040,NA
289,2040,NA
290,2040,NA
291,2040,NA
292,2040,NA
293,2040,NA
294,2040,NA
295,2040,NA
296,2040,NA
297,2040,NA
298,2040,NA
299,2040,NA
300,2040,NA
301,2040,NA
302,2040,NA
303,2040,NA
304,2040,NA
305,2040,NA
306,2040,NA
307,2040,NA
308,2040,NA
309,2040,NA
310,2040,NA
311,2040,NA
312,2040,NA
313,2040,NA
314,2040,NA
315,2040,NA
316,2040,NA
317,2040,NA
318,2040,NA
319,2040,NA
320,2040,NA
321,2040,NA
322,2040,NA
323,2040,NA
324,2040,NA
325,2040,NA
326,2040,NA
327,2040,NA
328,2040,NA
329,2040,NA
330,2040,NA
331,2040,NA
332,2040,NA
333,2040,NA
334,2040,NA
335,2040,NA
336,2040,NA
337,2040,NA
338,2040,NA
339,2040,NA
340,2040,NA
341,2040,NA
342,2040,NA
343,2040,NA
344,2040,NA
345,2040,NA
346,2040,NA
347,2040,NA
348,2040,NA
349,2040,NA
350,2040,NA
351,2040,NA
352,2040,NA
353,2040,NA
354,2040,NA
355,2040,NA
356,2040,NA
357,2040,NA
358,2040,NA
359,2040,NA
360,2040,NA
361,2040,NA
362,2040,NA
363,2040,NA
364,2040,NA
365,2040,NA
366,2040,NA
367,2040,NA
368,2040,NA
369,2040,NA
370,2040,NA
371,2040,NA
372,2040,NA
373,2040,NA
374,2040,NA
375,2040,NA
376,2040,NA
377,2040,NA
378,2040,NA
379,2040,NA
380,2040,NA
381,2040,NA
382,2040,NA
383,2040,NA
384,2040,NA
385,2040,NA
386,2040,NA
387,2040,NA
388,2040,NA
389,2040,NA
390,2040,NA
391,2040,NA
392,2040,NA
393,2040,NA
394,2040,NA
395,2040,NA
396,2040,NA
397,2040,NA
398,2040,NA
399,2040,NA
400,2040,NA
401,2040,NA
402,2040,NA
403,2040,NA
404,2040,NA
405,2040,NA
406,2040,NA
407,2040,NA
408,2040,NA
409,2040,NA
410,2040,NA
411,2040,NA
412,2040,NA
413,2040,NA
414,2040,NA
415,2040,NA
416,2040,NA
417,2040,NA
418,2040,NA
419,2040,NA
420,2040,NA
421,2040,NA
422,2040,NA
423,2040,NA
424,2040,NA
425,2040,NA
426,2040,NA
427,2040,NA
428,2040,NA
429,2040,NA
430,2040,NA
431,2040,NA
432,2040,NA
433,2040,NA
434,2040,NA
435,2040,NA
436,2040,NA
437,2040,NA
438,2040,NA
439,2040,NA
440,2040,NA
441,2040,NA
442,2040,NA
443,2040,NA
444,2040,NA
445,2040,NA
446,2040,NA
447,2040,NA
448,2040,NA
449,2040,NA
450,2040,NA
451,2040,NA
452,2040,NA
453,2040,NA
454,2040,NA
455,2040,NA
456,2040,NA
457,2040,NA
458,2040,NA
459,2040,NA
1,2045,NA
2,2045,NA
3,2045,NA
4,2045,NA
5,2045,NA
6,2045,NA
7,2045,NA
8,2045,NA
9,2045,NA
10,2045,NA
11,2045,NA
12,2045,NA
13,2045,NA
14,2045,NA
15,2045,NA
16,2045,NA
17,2045,NA
18,2045,NA
19,2045,NA
20,2045,NA
21,2045,NA
22,2045,NA
23,2045,NA
24,2045,NA
25,2045,NA
26,2045,NA
27,2045,NA
28,2045,NA
29,2045,NA
30,2045,NA
31,2045,NA
32,2045,NA
33,2045,NA
34,2045,NA
35,2045,NA
36,2045,NA
37,2045,NA
38,2045,NA
39,2045,NA
40,2045,NA
41,2045,NA
42,2045,NA
43,2045,NA
44,2045,NA
45,2045,NA
46,2045,NA
47,2045,NA
48,2045,NA
49,2045,NA
50,2045,NA
51,2045,NA
52,2045,NA
53,2045,NA
54,2045,NA
55,2045,NA
56,2045,NA
57,2045,NA
58,2045,NA
59,2045,NA
60,2045,NA
61,2045,NA
62,2045,NA
63,2045,NA
64,2045,NA
65,2045,NA
66,2045,NA
67,2045,NA
68,2045,NA
69,2045,NA
70,2045,NA
71,2045,NA
72,2045,NA
73,2045,NA
74,2045,NA
75,2045,NA
76,2045,NA
77,2045,NA
78,2045,NA
79,2045,NA
80,2045,NA
81,2045,NA
82,2045,NA
83,2045,NA
84,2045,NA
85,2045,NA
86,2045,NA
87,2045,NA
88,2045,NA
89,2045,NA
90,2045,NA
91,2045,NA
92,2045,NA
93,2045,NA
94,2045,NA
95,2045,NA
96,2045,NA
97,2045,NA
98,2045,NA
99,2045,NA
100,2045,NA
101,2045,NA
102,2045,NA
103,2045,NA
104,2045,NA
105,2045,NA
106,2045,NA
107,2045,NA
108,2045,NA
109,2045,NA
110,2045,NA
111,2045,NA
112,2045,NA
113,2045,NA
114,2045,NA
115,2045,NA
116,2045,NA
117,2045,NA
118,2045,NA
119,2045,NA
120,2045,NA
121,2045,NA
122,2045,NA
123,2045,NA
124,2045,NA
125,2045,NA
126,2045,NA
127,2045,NA
128,2045,NA
129,2045,NA
130,2045,NA
131,2045,NA
132,2045,NA
133,2045,NA
134,2045,NA
135,2045,NA
136,2045,NA
137,2045,NA
138,2045,NA
139,2045,NA
140,2045,NA
141,2045,NA
142,2045,NA
143,2045,NA
144,2045,NA
145,2045,NA
146,2045,NA
147,2045,NA
148,2045,NA
149,2045,NA
150,2045,NA
151,2045,NA
152,2045,NA
153,2045,NA
154,2045,NA
155,2045,NA
156,2045,NA
157,2045,NA
158,2045,NA
159,2045,NA
160,2045,NA
161,2045,NA
162,2045,NA
163,2045,NA
164,2045,NA
165,2045,NA
166,2045,NA
167,2045,NA
168,2045,NA
169,2045,NA
170,2045,NA
171,2045,NA
172,2045,NA
173,2045,NA
174,2045,NA
175,2045,NA
176,2045,NA
177,2045,NA
178,2045,NA
179,2045,NA
180,2045,NA
181,2045,NA
182,2045,NA
183,2045,NA
184,2045,NA
185,2045,NA
186,2045,NA
187,2045,NA
188,2045,NA
189,2045,NA
190,2045,NA
191,2045,NA
192,2045,NA
193,2045,NA
194,2045,NA
195,2045,NA
196,2045,NA
197,2045,NA
198,2045,NA
199,2045,NA
200,2045,NA
201,2045,NA
202,2045,NA
203,2045,NA
204,2045,NA
205,2045,NA
206,2045,NA
207,2045,NA
208,2045,NA
209,2045,NA
210,2045,NA
211,2045,NA
212,2045,NA
213,2045,NA
214,2045,NA
215,2045,NA
216,2045,NA
217,2045,NA
218,2045,NA
219,2045,NA
220,2045,NA
221,2045,NA
222,2045,NA
223,2045,NA
224,2045,NA
225,2045,NA
226,2045,NA
227,2045,NA
228,2045,NA
229,2045,NA
230,2045,NA
231,2045,NA
232,2045,NA
233,2045,NA
234,2045,NA
235,2045,NA
236,2045,NA
237,2045,NA
238,2045,NA
239,2045,NA
240,2045,NA
241,2045,NA
242,2045,NA
243,2045,NA
244,2045,NA
245,2045,NA
246,2045,NA
247,2045,NA
248,2045,NA
249,2045,NA
250,2045,NA
251,2045,NA
252,2045,NA
253,2045,NA
254,2045,NA
255,2045,NA
256,2045,NA
257,2045,NA
258,2045,NA
259,2045,NA
260,2045,NA
261,2045,NA
262,2045,NA
263,2045,NA
264,2045,NA
265,2045,NA
266,2045,NA
267,2045,NA
268,2045,NA
269,2045,NA
270,2045,NA
271,2045,NA
272,2045,NA
273,2045,NA
274,2045,NA
275,2045,NA
276,2045,NA
277,2045,NA
278,2045,NA
279,2045,NA
280,2045,NA
281,2045,NA
282,2045,NA
283,2045,NA
284,2045,NA
285,2045,NA
286,2045,NA
287,2045,NA
288,2045,NA
289,2045,NA
290,2045,NA
291,2045,NA
292,2045,NA
293,2045,NA
294,2045,NA
295,2045,NA
296,2045,NA
297,2045,NA
298,2045,NA
299,2045,NA
300,2045,NA
301,2045,NA
302,2045,NA
303,2045,NA
304,2045,NA
305,2045,NA
306,2045,NA
307,2045,NA
308,2045,NA
309,2045,NA
310,2045,NA
311,2045,NA
312,2045,NA
313,2045,NA
314,2045,NA
315,2045,NA
316,2045,NA
317,2045,NA
318,2045,NA
319,2045,NA
320,2045,NA
321,2045,NA
322,2045,NA
323,2045,NA
324,2045,NA
325,2045,NA
326,2045,NA
327,2045,NA
328,2045,NA
329,2045,NA
330,2045,NA
331,2045,NA
332,2045,NA
333,2045,NA
334,2045,NA
335,2045,NA
336,2045,NA
337,2045,NA
338,2045,NA
339,2045,NA
340,2045,NA
341,2045,NA
342,2045,NA
343,2045,NA
344,2045,NA
345,2045,NA
346,2045,NA
347,2045,NA
348,2045,NA
349,2045,NA
350,2045,NA
351,2045,NA
352,2045,NA
353,2045,NA
354,2045,NA
355,2045,NA
356,2045,NA
357,2045,NA
358,2045,NA
359,2045,NA
360,2045,NA
361,2045,NA
362,2045,NA
363,2045,NA
364,2045,NA
365,2045,NA
366,2045,NA
367,2045,NA
368,2045,NA
369,2045,NA
370,2045,NA
371,2045,NA
372,2045,NA
373,2045,NA
374,2045,NA
375,2045,NA
376,2045,NA
377,2045,NA
378,2045,NA
379,2045,NA
380,2045,NA
381,2045,NA
382,2045,NA
383,2045,NA
384,2045,NA
385,2045,NA
386,2045,NA
387,2045,NA
388,2045,NA
389,2045,NA
390,2045,NA
391,2045,NA
392,2045,NA
393,2045,NA
394,2045,NA
395,2045,NA
396,2045,NA
397,2045,NA
398,2045,NA
399,2045,NA
400,2045,NA
401,2045,NA
402,2045,NA
403,2045,NA
404,2045,NA
405,2045,NA
406,2045,NA
407,2045,NA
408,2045,NA
409,2045,NA
410,2045,NA
411,2045,NA
412,2045,NA
413,2045,NA
414,2045,NA
415,2045,NA
416,2045,NA
417,2045,NA
418,2045,NA
419,2045,NA
420,2045,NA
421,2045,NA
422,2045,NA
423,2045,NA
424,2045,NA
425,2045,NA
426,2045,NA
427,2045,NA
428,2045,NA
429,2045,NA
430,2045,NA
431,2045,NA
432,2045,NA
433,2045,NA
434,2045,NA
435,2045,NA
436,2045,NA
437,2045,NA
438,2045,NA
439,2045,NA
440,2045,NA
441,2045,NA
442,2045,NA
443,2045,NA
444,2045,NA
445,2045,NA
446,2045,NA
447,2045,NA
448,2045,NA
449,2045,NA
450,2045,NA
451,2045,NA
452,2045,NA
453,2045,NA
454,2045,NA
455,2045,NA
456,2045,NA
457,2045,NA
458,2045,NA
459,2045,NA
1,2050,NA
2,2050,NA
3,2050,NA
4,2050,NA
5,2050,NA
6,2050,NA
7,2050,NA
8,2050,NA
9,2050,NA
10,2050,NA
11,2050,NA
12,2050,NA
13,2050,NA
14,2050,NA
15,2050,NA
16,2050,NA
17,2050,NA
18,2050,NA
19,2050,NA
20,2050,NA
21,2050,NA
22,2050,NA
23,2050,NA
24,2050,NA
25,2050,NA
26,2050,NA
27,2050,NA
28,2050,NA
29,2050,NA
30,2050,NA
31,2050,NA
32,2050,NA
33,2050,NA
34,2050,NA
35,2050,NA
36,2050,NA
37,2050,NA
38,2050,NA
39,2050,NA
40,2050,NA
41,2050,NA
42,2050,NA
43,2050,NA
44,2050,NA
45,2050,NA
46,2050,NA
47,2050,NA
48,2050,NA
49,2050,NA
50,2050,NA
51,2050,NA
52,2050,NA
53,2050,NA
54,2050,NA
55,2050,NA
56,2050,NA
57,2050,NA
58,2050,NA
59,2050,NA
60,2050,NA
61,2050,NA
62,2050,NA
63,2050,NA
64,2050,NA
65,2050,NA
66,2050,NA
67,2050,NA
68,2050,NA
69,2050,NA
70,2050,NA
71,2050,NA
72,2050,NA
73,2050,NA
74,2050,NA
75,2050,NA
76,2050,NA
77,2050,NA
78,2050,NA
79,2050,NA
80,2050,NA
81,2050,NA
82,2050,NA
83,2050,NA
84,2050,NA
85,2050,NA
86,2050,NA
87,2050,NA
88,2050,NA
89,2050,NA
90,2050,NA
91,2050,NA
92,2050,NA
93,2050,NA
94,2050,NA
95,2050,NA
96,2050,NA
97,2050,NA
98,2050,NA
99,2050,NA
100,2050,NA
101,2050,NA
102,2050,NA
103,2050,NA
104,2050,NA
105,2050,NA
106,2050,NA
107,2050,NA
108,2050,NA
109,2050,NA
110,2050,NA
111,2050,NA
112,2050,NA
113,2050,NA
114,2050,NA
115,2050,NA
116,2050,NA
117,2050,NA
118,2050,NA
119,2050,NA
120,2050,NA
121,2050,NA
122,2050,NA
123,2050,NA
124,2050,NA
125,2050,NA
126,2050,NA
127,2050,NA
128,2050,NA
129,2050,NA
130,2050,NA
131,2050,NA
132,2050,NA
133,2050,NA
134,2050,NA
135,2050,NA
136,2050,NA
137,2050,NA
138,2050,NA
139,2050,NA
140,2050,NA
141,2050,NA
142,2050,NA
143,2050,NA
144,2050,NA
145,2050,NA
146,2050,NA
147,2050,NA
148,2050,NA
149,2050,NA
150,2050,NA
151,2050,NA
152,2050,NA
153,2050,NA
154,2050,NA
155,2050,NA
156,2050,NA
157,2050,NA
158,2050,NA
159,2050,NA
160,2050,NA
161,2050,NA
162,2050,NA
163,2050,NA
164,2050,NA
165,2050,NA
166,2050,NA
167,2050,NA
168,2050,NA
169,2050,NA
170,2050,NA
171,2050,NA
172,2050,NA
173,2050,NA
174,2050,NA
175,2050,NA
176,2050,NA
177,2050,NA
178,2050,NA
179,2050,NA
180,2050,NA
181,2050,NA
182,2050,NA
183,2050,NA
184,2050,NA
185,2050,NA
186,2050,NA
187,2050,NA
188,2050,NA
189,2050,NA
190,2050,NA
191,2050,NA
192,2050,NA
193,2050,NA
194,2050,NA
195,2050,NA
196,2050,NA
197,2050,NA
198,2050,NA
199,2050,NA
200,2050,NA
201,2050,NA
202,2050,NA
203,2050,NA
204,2050,NA
205,2050,NA
206,2050,NA
207,2050,NA
208,2050,NA
209,2050,NA
210,2050,NA
211,2050,NA
212,2050,NA
213,2050,NA
214,2050,NA
215,2050,NA
216,2050,NA
217,2050,NA
218,2050,NA
219,2050,NA
220,2050,NA
221,2050,NA
222,2050,NA
223,2050,NA
224,2050,NA
225,2050,NA
226,2050,NA
227,2050,NA
228,2050,NA
229,2050,NA
230,2050,NA
231,2050,NA
232,2050,NA
233,2050,NA
234,2050,NA
235,2050,NA
236,2050,NA
237,2050,NA
238,2050,NA
239,2050,NA
240,2050,NA
241,2050,NA
242,2050,NA
243,2050,NA
244,2050,NA
245,2050,NA
246,2050,NA
247,2050,NA
248,2050,NA
249,2050,NA
250,2050,NA
251,2050,NA
252,2050,NA
253,2050,NA
254,2050,NA
255,2050,NA
256,2050,NA
257,2050,NA
258,2050,NA
259,2050,NA
260,2050,NA
261,2050,NA
262,2050,NA
263,2050,NA
264,2050,NA
265,2050,NA
266,2050,NA
267,2050,NA
268,2050,NA
269,2050,NA
270,2050,NA
271,2050,NA
272,2050,NA
273,2050,NA
274,2050,NA
275,2050,NA
276,2050,NA
277,2050,NA
278,2050,NA
279,2050,NA
280,2050,NA
281,2050,NA
282,2050,NA
283,2050,NA
284,2050,NA
285,2050,NA
286,2050,NA
287,2050,NA
288,2050,NA
289,2050,NA
290,2050,NA
291,2050,NA
292,2050,NA
293,2050,NA
294,2050,NA
295,2050,NA
296,2050,NA
297,2050,NA
298,2050,NA
299,2050,NA
300,2050,NA
301,2050,NA
302,2050,NA
303,2050,NA
304,2050,NA
305,2050,NA
306,2050,NA
307,2050,NA
308,2050,NA
309,2050,NA
310,2050,NA
311,2050,NA
312,2050,NA
313,2050,NA
314,2050,NA
315,2050,NA
316,2050,NA
317,2050,NA
318,2050,NA
319,2050,NA
320,2050,NA
321,2050,NA
322,2050,NA
323,2050,NA
324,2050,NA
325,2050,NA
326,2050,NA
327,2050,NA
328,2050,NA
329,2050,NA
330,2050,NA
331,2050,NA
332,2050,NA
333,2050,NA
334,2050,NA
335,2050,NA
336,2050,NA
337,2050,NA
338,2050,NA
339,2050,NA
340,2050,NA
341,2050,NA
342,2050,NA
343,2050,NA
344,2050,NA
345,2050,NA
346,2050,NA
347,2050,NA
348,2050,NA
349,2050,NA
350,2050,NA
351,2050,NA
352,2050,NA
353,2050,NA
354,2050,NA
355,2050,NA
356,2050,NA
357,2050,NA
358,2050,NA
359,2050,NA
360,2050,NA
361,2050,NA
362,2050,NA
363,2050,NA
364,2050,NA
365,2050,NA
366,2050,NA
367,2050,NA
368,2050,NA
369,2050,NA
370,2050,NA
371,2050,NA
372,2050,NA
373,2050,NA
374,2050,NA
375,2050,NA
376,2050,NA
377,2050,NA
378,2050,NA
379,2050,NA
380,2050,NA
381,2050,NA
382,2050,NA
383,2050,NA
384,2050,NA
385,2050,NA
386,2050,NA
387,2050,NA
388,2050,NA
389,2050,NA
390,2050,NA
391,2050,NA
392,2050,NA
393,2050,NA
394,2050,NA
395,2050,NA
396,2050,NA
397,2050,NA
398,2050,NA
399,2050,NA
400,2050,NA
401,2050,NA
402,2050,NA
403,2050,NA
404,2050,NA
405,2050,NA
406,2050,NA
407,2050,NA
408,2050,NA
409,2050,NA
410,2050,NA
411,2050,NA
412,2050,NA
413,2050,NA
414,2050,NA
415,2050,NA
416,2050,NA
417,2050,NA
418,2050,NA
419,2050,NA
420,2050,NA
421,2050,NA
422,2050,NA
423,2050,NA
424,2050,NA
425,2050,NA
426,2050,NA
427,2050,NA
428,2050,NA
429,2050,NA
430,2050,NA
431,2050,NA
432,2050,NA
433,2050,NA
434,2050,NA
435,2050,NA
436,2050,NA
437,2050,NA
438,2050,NA
439,2050,NA
440,2050,NA
441,2050,NA
442,2050,NA
443,2050,NA
444,2050,NA
445,2050,NA
446,2050,NA
447,2050,NA
448,2050,NA
449,2050,NA
450,2050,NA
451,2050,NA
452,2050,NA
453,2050,NA
454,2050,NA
455,2050,NA
456,2050,NA
457,2050,NA
458,2050,NA
459,2050,NA
