Geo,Year,PropUrbanSFDU,PropUrbanMFDU,PropUrbanGQDU,PropTownSFDU,PropTownMFDU,PropTownGQDU
1,2005,1,1,1,0,0,0
2,2005,1,1,1,0,0,0
3,2005,1,1,1,0,0,0
4,2005,1,1,1,0,0,0
5,2005,1,1,1,0,0,0
6,2005,1,1,1,0,0,0
7,2005,1,1,1,0,0,0
8,2005,1,1,1,0,0,0
9,2005,1,1,1,0,0,0
10,2005,1,1,1,0,0,0
11,2005,1,1,1,0,0,0
12,2005,1,1,1,0,0,0
13,2005,1,1,1,0,0,0
14,2005,1,1,1,0,0,0
15,2005,1,1,1,0,0,0
16,2005,1,1,1,0,0,0
17,2005,1,1,1,0,0,0
18,2005,1,1,1,0,0,0
19,2005,1,1,1,0,0,0
20,2005,1,1,1,0,0,0
21,2005,1,1,1,0,0,0
22,2005,1,1,1,0,0,0
23,2005,1,1,1,0,0,0
24,2005,1,1,1,0,0,0
25,2005,1,1,1,0,0,0
26,2005,1,1,1,0,0,0
27,2005,1,1,1,0,0,0
28,2005,1,1,1,0,0,0
29,2005,1,1,1,0,0,0
30,2005,1,1,1,0,0,0
31,2005,1,1,1,0,0,0
32,2005,1,1,1,0,0,0
33,2005,1,1,1,0,0,0
34,2005,1,1,1,0,0,0
35,2005,1,1,1,0,0,0
36,2005,1,1,1,0,0,0
37,2005,1,1,1,0,0,0
38,2005,1,1,1,0,0,0
39,2005,1,1,1,0,0,0
40,2005,1,1,1,0,0,0
41,2005,1,1,1,0,0,0
42,2005,1,1,1,0,0,0
43,2005,1,1,1,0,0,0
44,2005,1,1,1,0,0,0
45,2005,1,1,1,0,0,0
46,2005,1,1,1,0,0,0
47,2005,1,1,1,0,0,0
48,2005,1,1,1,0,0,0
49,2005,1,1,1,0,0,0
50,2005,1,1,1,0,0,0
51,2005,1,1,1,0,0,0
52,2005,1,1,1,0,0,0
53,2005,1,1,1,0,0,0
54,2005,1,1,1,0,0,0
55,2005,1,1,1,0,0,0
56,2005,1,1,1,0,0,0
57,2005,1,1,1,0,0,0
58,2005,1,1,1,0,0,0
59,2005,1,1,1,0,0,0
60,2005,1,1,1,0,0,0
61,2005,1,1,1,0,0,0
62,2005,1,1,1,0,0,0
63,2005,1,1,1,0,0,0
64,2005,1,1,1,0,0,0
65,2005,1,1,1,0,0,0
66,2005,1,1,1,0,0,0
67,2005,1,1,1,0,0,0
68,2005,1,1,1,0,0,0
69,2005,1,1,1,0,0,0
70,2005,1,1,1,0,0,0
71,2005,1,1,1,0,0,0
72,2005,1,1,1,0,0,0
73,2005,0.9,1,1,0,0,0
74,2005,1,1,1,0,0,0
75,2005,1,1,1,0,0,0
76,2005,1,1,1,0,0,0
77,2005,1,1,1,0,0,0
78,2005,1,1,1,0,0,0
79,2005,1,1,1,0,0,0
80,2005,1,1,1,0,0,0
81,2005,1,1,1,0,0,0
82,2005,1,1,1,0,0,0
83,2005,1,1,1,0,0,0
84,2005,1,1,1,0,0,0
85,2005,1,1,1,0,0,0
86,2005,1,1,1,0,0,0
87,2005,1,1,1,0,0,0
88,2005,1,1,1,0,0,0
89,2005,1,1,1,0,0,0
90,2005,1,1,1,0,0,0
91,2005,1,1,1,0,0,0
92,2005,1,1,1,0,0,0
93,2005,1,1,1,0,0,0
94,2005,1,1,1,0,0,0
95,2005,1,1,1,0,0,0
96,2005,1,1,1,0,0,0
97,2005,1,1,1,0,0,0
98,2005,1,1,1,0,0,0
99,2005,1,1,1,0,0,0
100,2005,1,1,1,0,0,0
101,2005,1,1,1,0,0,0
102,2005,1,1,1,0,0,0
103,2005,1,1,1,0,0,0
104,2005,1,1,1,0,0,0
105,2005,0.9,1,1,0,0,0
106,2005,0.9,1,1,0,0,0
107,2005,0.9,1,1,0,0,0
108,2005,1,1,1,0,0,0
109,2005,1,1,1,0,0,0
110,2005,1,1,1,0,0,0
111,2005,1,1,1,0,0,0
112,2005,1,1,1,0,0,0
113,2005,1,1,1,0,0,0
114,2005,1,1,1,0,0,0
115,2005,1,1,1,0,0,0
116,2005,1,1,1,0,0,0
117,2005,1,1,1,0,0,0
118,2005,1,1,1,0,0,0
119,2005,1,1,1,0,0,0
120,2005,1,1,1,0,0,0
121,2005,1,1,1,0,0,0
122,2005,1,1,1,0,0,0
123,2005,1,1,1,0,0,0
124,2005,1,1,1,0,0,0
125,2005,1,1,1,0,0,0
126,2005,1,1,1,0,0,0
127,2005,1,1,1,0,0,0
128,2005,1,1,1,0,0,0
129,2005,1,1,1,0,0,0
130,2005,1,1,1,0,0,0
131,2005,1,1,1,0,0,0
132,2005,1,1,1,0,0,0
133,2005,1,1,1,0,0,0
134,2005,1,1,1,0,0,0
135,2005,1,1,1,0,0,0
136,2005,1,1,1,0,0,0
137,2005,1,1,1,0,0,0
138,2005,1,1,1,0,0,0
139,2005,1,1,1,0,0,0
140,2005,1,1,1,0,0,0
141,2005,1,1,1,0,0,0
142,2005,1,1,1,0,0,0
143,2005,1,1,1,0,0,0
144,2005,1,1,1,0,0,0
145,2005,1,1,1,0,0,0
146,2005,1,1,1,0,0,0
147,2005,1,1,1,0,0,0
148,2005,1,1,1,0,0,0
149,2005,1,1,1,0,0,0
150,2005,1,1,1,0,0,0
151,2005,1,1,1,0,0,0
152,2005,1,1,1,0,0,0
153,2005,0.9,1,1,0,0,0
154,2005,1,1,1,0,0,0
155,2005,1,1,1,0,0,0
156,2005,1,1,1,0,0,0
157,2005,0.9,1,1,0,0,0
158,2005,1,1,1,0,0,0
159,2005,1,1,1,0,0,0
160,2005,0.9,1,1,0,0,0
161,2005,1,1,1,0,0,0
162,2005,0.9,1,1,0,0,0
163,2005,1,1,1,0,0,0
164,2005,1,1,1,0,0,0
165,2005,1,1,1,0,0,0
166,2005,1,1,1,0,0,0
167,2005,1,1,1,0,0,0
168,2005,1,1,1,0,0,0
169,2005,0.9,1,1,0,0,0
170,2005,1,1,1,0,0,0
171,2005,1,1,1,0,0,0
172,2005,1,1,1,0,0,0
173,2005,1,1,1,0,0,0
174,2005,1,1,1,0,0,0
175,2005,1,1,1,0,0,0
176,2005,1,1,1,0,0,0
177,2005,1,1,1,0,0,0
178,2005,1,1,1,0,0,0
179,2005,1,1,1,0,0,0
180,2005,1,1,1,0,0,0
181,2005,1,1,1,0,0,0
182,2005,1,1,1,0,0,0
183,2005,1,1,1,0,0,0
184,2005,1,1,1,0,0,0
185,2005,1,1,1,0,0,0
186,2005,1,1,1,0,0,0
187,2005,1,1,1,0,0,0
188,2005,1,1,1,0,0,0
189,2005,1,1,1,0,0,0
190,2005,1,1,1,0,0,0
191,2005,1,1,1,0,0,0
192,2005,1,1,1,0,0,0
193,2005,1,1,1,0,0,0
194,2005,1,1,1,0,0,0
195,2005,1,1,1,0,0,0
196,2005,1,1,1,0,0,0
197,2005,1,1,1,0,0,0
198,2005,1,1,1,0,0,0
199,2005,1,1,1,0,0,0
200,2005,1,1,1,0,0,0
201,2005,1,1,1,0,0,0
202,2005,1,1,1,0,0,0
203,2005,1,1,1,0,0,0
204,2005,1,1,1,0,0,0
205,2005,0.9,1,1,0,0,0
206,2005,1,1,1,0,0,0
207,2005,1,1,1,0,0,0
208,2005,1,1,1,0,0,0
209,2005,1,1,1,0,0,0
210,2005,1,1,1,0,0,0
211,2005,0.9,1,1,0,0,0
212,2005,0.9,1,1,0,0,0
213,2005,1,1,1,0,0,0
214,2005,1,1,1,0,0,0
215,2005,0.9,1,1,0,0,0
216,2005,1,1,1,0,0,0
217,2005,1,1,1,0,0,0
218,2005,0.9,1,1,0,0,0
219,2005,0.9,1,1,0,0,0
220,2005,0.9,1,1,0,0,0
221,2005,0.9,1,1,0,0,0
222,2005,0.9,1,1,0,0,0
223,2005,0.9,1,1,0,0,0
224,2005,0,0,0,0.9,1,1
225,2005,0,0,0,0.9,1,1
226,2005,0,0,0,0.9,1,1
227,2005,0,0,0,0.9,1,1
228,2005,0,0,0,0.9,1,1
229,2005,0.9,1,1,0,0,0
230,2005,0.9,1,1,0,0,0
231,2005,0.9,1,1,0,0,0
232,2005,0.9,1,1,0,0,0
233,2005,0.9,1,1,0,0,0
234,2005,0.9,1,1,0,0,0
235,2005,0.9,1,1,0,0,0
236,2005,0,0,0,0.9,1,1
237,2005,0,0,0,0.9,1,1
238,2005,0,0,0,0.9,1,1
239,2005,0,0,0,0.9,1,1
240,2005,0,0,0,0,0,0
241,2005,0,0,0,0.9,1,1
242,2005,0,0,0,0.9,1,1
243,2005,0,0,0,0.9,1,1
244,2005,0,0,0,0,0,0
245,2005,0,0,0,0,0,0
246,2005,0,0,0,0.9,1,1
247,2005,0,0,0,0.9,1,1
248,2005,0,0,0,0,0,0
249,2005,0,0,0,0,0,0
250,2005,0.9,1,1,0,0,0
251,2005,0,0,0,0,0,0
252,2005,1,1,1,0,0,0
253,2005,1,1,1,0,0,0
254,2005,1,1,1,0,0,0
255,2005,1,1,1,0,0,0
256,2005,1,1,1,0,0,0
257,2005,1,1,1,0,0,0
258,2005,1,1,1,0,0,0
259,2005,1,1,1,0,0,0
260,2005,1,1,1,0,0,0
261,2005,1,1,1,0,0,0
262,2005,1,1,1,0,0,0
263,2005,1,1,1,0,0,0
264,2005,1,1,1,0,0,0
265,2005,1,1,1,0,0,0
266,2005,1,1,1,0,0,0
267,2005,1,1,1,0,0,0
268,2005,1,1,1,0,0,0
269,2005,1,1,1,0,0,0
270,2005,1,1,1,0,0,0
271,2005,1,1,1,0,0,0
272,2005,1,1,1,0,0,0
273,2005,1,1,1,0,0,0
274,2005,1,1,1,0,0,0
275,2005,1,1,1,0,0,0
276,2005,1,1,1,0,0,0
277,2005,1,1,1,0,0,0
278,2005,1,1,1,0,0,0
279,2005,1,1,1,0,0,0
280,2005,0.9,1,1,0,0,0
281,2005,0.9,1,1,0,0,0
282,2005,1,1,1,0,0,0
283,2005,1,1,1,0,0,0
284,2005,1,1,1,0,0,0
285,2005,0.9,1,1,0,0,0
286,2005,1,1,1,0,0,0
287,2005,1,1,1,0,0,0
288,2005,1,1,1,0,0,0
289,2005,1,1,1,0,0,0
290,2005,1,1,1,0,0,0
291,2005,1,1,1,0,0,0
292,2005,1,1,1,0,0,0
293,2005,1,1,1,0,0,0
294,2005,1,1,1,0,0,0
295,2005,1,1,1,0,0,0
296,2005,1,1,1,0,0,0
297,2005,1,1,1,0,0,0
298,2005,1,1,1,0,0,0
299,2005,1,1,1,0,0,0
300,2005,0.9,1,1,0,0,0
301,2005,1,1,1,0,0,0
302,2005,1,1,1,0,0,0
303,2005,1,1,1,0,0,0
304,2005,1,1,1,0,0,0
305,2005,1,1,1,0,0,0
306,2005,1,1,1,0,0,0
307,2005,1,1,1,0,0,0
308,2005,1,1,1,0,0,0
309,2005,1,1,1,0,0,0
310,2005,0.9,1,1,0,0,0
311,2005,1,1,1,0,0,0
312,2005,1,1,1,0,0,0
313,2005,1,1,1,0,0,0
314,2005,1,1,1,0,0,0
315,2005,1,1,1,0,0,0
316,2005,1,1,1,0,0,0
317,2005,1,1,1,0,0,0
318,2005,1,1,1,0,0,0
319,2005,0.9,1,1,0,0,0
320,2005,0.9,1,1,0,0,0
321,2005,0.9,1,1,0,0,0
322,2005,1,1,1,0,0,0
323,2005,1,1,1,0,0,0
324,2005,0.9,1,1,0,0,0
325,2005,0.9,1,1,0,0,0
326,2005,0.9,1,1,0,0,0
327,2005,1,1,1,0,0,0
328,2005,1,1,1,0,0,0
329,2005,1,1,1,0,0,0
330,2005,1,1,1,0,0,0
331,2005,1,1,1,0,0,0
332,2005,1,1,1,0,0,0
333,2005,1,1,1,0,0,0
334,2005,1,1,1,0,0,0
335,2005,1,1,1,0,0,0
336,2005,0.9,1,1,0,0,0
337,2005,1,1,1,0,0,0
338,2005,1,1,1,0,0,0
339,2005,1,1,1,0,0,0
340,2005,1,1,1,0,0,0
341,2005,1,1,1,0,0,0
342,2005,1,1,1,0,0,0
343,2005,0.9,1,1,0,0,0
344,2005,0.9,1,1,0,0,0
345,2005,0.9,1,1,0,0,0
346,2005,0.9,1,1,0,0,0
347,2005,0,0,0,0.9,1,1
348,2005,1,1,1,0,0,0
349,2005,0.9,1,1,0,0,0
350,2005,0.9,1,1,0,0,0
351,2005,0.9,1,1,0,0,0
352,2005,0.9,1,1,0,0,0
353,2005,0,0,0,0,0,0
354,2005,0,0,0,0.9,1,1
355,2005,0,0,0,0,0,0
356,2005,0,0,0,0.9,1,1
357,2005,0,0,0,0.9,1,1
358,2005,0,0,0,0.9,1,1
359,2005,0,0,0,0.9,1,1
360,2005,0,0,0,0.9,1,1
361,2005,0,0,0,0.9,1,1
362,2005,0,0,0,0.9,1,1
363,2005,0.9,1,1,0,0,0
364,2005,1,1,1,0,0,0
365,2005,0.9,1,1,0,0,0
366,2005,0.9,1,1,0,0,0
367,2005,1,1,1,0,0,0
368,2005,1,1,1,0,0,0
369,2005,1,1,1,0,0,0
370,2005,0.9,1,1,0,0,0
371,2005,1,1,1,0,0,0
372,2005,0.9,1,1,0,0,0
373,2005,0,0,0,0,0,0
374,2005,0.9,1,1,0,0,0
375,2005,0.9,1,1,0,0,0
376,2005,0.9,1,1,0,0,0
377,2005,1,1,1,0,0,0
378,2005,0.9,1,1,0,0,0
379,2005,0,0,0,0,0,0
380,2005,0.9,1,1,0,0,0
381,2005,0.9,1,1,0,0,0
382,2005,0.9,1,1,0,0,0
383,2005,0.9,1,1,0,0,0
384,2005,1,1,1,0,0,0
385,2005,1,1,1,0,0,0
386,2005,1,1,1,0,0,0
387,2005,1,1,1,0,0,0
388,2005,1,1,1,0,0,0
389,2005,0.9,1,1,0,0,0
390,2005,0.9,1,1,0,0,0
391,2005,1,1,1,0,0,0
392,2005,0.9,1,1,0,0,0
393,2005,1,1,1,0,0,0
394,2005,0.9,1,1,0,0,0
395,2005,1,1,1,0,0,0
396,2005,1,1,1,0,0,0
397,2005,1,1,1,0,0,0
398,2005,1,1,1,0,0,0
399,2005,1,1,1,0,0,0
400,2005,0.9,1,1,0,0,0
401,2005,0.9,1,1,0,0,0
402,2005,1,1,1,0,0,0
403,2005,1,1,1,0,0,0
404,2005,1,1,1,0,0,0
405,2005,1,1,1,0,0,0
406,2005,0.9,1,1,0,0,0
407,2005,1,1,1,0,0,0
408,2005,1,1,1,0,0,0
409,2005,1,1,1,0,0,0
410,2005,1,1,1,0,0,0
411,2005,1,1,1,0,0,0
412,2005,1,1,1,0,0,0
413,2005,1,1,1,0,0,0
414,2005,1,1,1,0,0,0
415,2005,1,1,1,0,0,0
416,2005,1,1,1,0,0,0
417,2005,1,1,1,0,0,0
418,2005,1,1,1,0,0,0
419,2005,1,1,1,0,0,0
420,2005,1,1,1,0,0,0
421,2005,1,1,1,0,0,0
422,2005,1,1,1,0,0,0
423,2005,1,1,1,0,0,0
424,2005,1,1,1,0,0,0
425,2005,1,1,1,0,0,0
426,2005,1,1,1,0,0,0
427,2005,1,1,1,0,0,0
428,2005,1,1,1,0,0,0
429,2005,1,1,1,0,0,0
430,2005,1,1,1,0,0,0
431,2005,1,1,1,0,0,0
432,2005,1,1,1,0,0,0
433,2005,1,1,1,0,0,0
434,2005,0.9,1,1,0,0,0
435,2005,1,1,1,0,0,0
436,2005,0.9,1,1,0,0,0
437,2005,1,1,1,0,0,0
438,2005,1,1,1,0,0,0
439,2005,1,1,1,0,0,0
440,2005,1,1,1,0,0,0
441,2005,1,1,1,0,0,0
442,2005,1,1,1,0,0,0
443,2005,0.9,1,1,0,0,0
444,2005,1,1,1,0,0,0
445,2005,1,1,1,0,0,0
446,2005,1,1,1,0,0,0
447,2005,1,1,1,0,0,0
448,2005,1,1,1,0,0,0
449,2005,1,1,1,0,0,0
450,2005,1,1,1,0,0,0
451,2005,1,1,1,0,0,0
452,2005,1,1,1,0,0,0
453,2005,1,1,1,0,0,0
454,2005,1,1,1,0,0,0
455,2005,1,1,1,0,0,0
456,2005,1,1,1,0,0,0
457,2005,1,1,1,0,0,0
458,2005,1,1,1,0,0,0
459,2005,1,1,1,0,0,0
1,2010,1,1,1,0,0,0
2,2010,1,1,1,0,0,0
3,2010,1,1,1,0,0,0
4,2010,1,1,1,0,0,0
5,2010,1,1,1,0,0,0
6,2010,1,1,1,0,0,0
7,2010,1,1,1,0,0,0
8,2010,1,1,1,0,0,0
9,2010,1,1,1,0,0,0
10,2010,1,1,1,0,0,0
11,2010,1,1,1,0,0,0
12,2010,1,1,1,0,0,0
13,2010,1,1,1,0,0,0
14,2010,1,1,1,0,0,0
15,2010,1,1,1,0,0,0
16,2010,1,1,1,0,0,0
17,2010,1,1,1,0,0,0
18,2010,1,1,1,0,0,0
19,2010,1,1,1,0,0,0
20,2010,1,1,1,0,0,0
21,2010,1,1,1,0,0,0
22,2010,1,1,1,0,0,0
23,2010,1,1,1,0,0,0
24,2010,1,1,1,0,0,0
25,2010,1,1,1,0,0,0
26,2010,1,1,1,0,0,0
27,2010,1,1,1,0,0,0
28,2010,1,1,1,0,0,0
29,2010,1,1,1,0,0,0
30,2010,1,1,1,0,0,0
31,2010,1,1,1,0,0,0
32,2010,1,1,1,0,0,0
33,2010,1,1,1,0,0,0
34,2010,1,1,1,0,0,0
35,2010,1,1,1,0,0,0
36,2010,1,1,1,0,0,0
37,2010,1,1,1,0,0,0
38,2010,1,1,1,0,0,0
39,2010,1,1,1,0,0,0
40,2010,1,1,1,0,0,0
41,2010,1,1,1,0,0,0
42,2010,1,1,1,0,0,0
43,2010,1,1,1,0,0,0
44,2010,1,1,1,0,0,0
45,2010,1,1,1,0,0,0
46,2010,1,1,1,0,0,0
47,2010,1,1,1,0,0,0
48,2010,1,1,1,0,0,0
49,2010,1,1,1,0,0,0
50,2010,1,1,1,0,0,0
51,2010,1,1,1,0,0,0
52,2010,1,1,1,0,0,0
53,2010,1,1,1,0,0,0
54,2010,1,1,1,0,0,0
55,2010,1,1,1,0,0,0
56,2010,1,1,1,0,0,0
57,2010,1,1,1,0,0,0
58,2010,1,1,1,0,0,0
59,2010,1,1,1,0,0,0
60,2010,1,1,1,0,0,0
61,2010,1,1,1,0,0,0
62,2010,1,1,1,0,0,0
63,2010,1,1,1,0,0,0
64,2010,1,1,1,0,0,0
65,2010,1,1,1,0,0,0
66,2010,1,1,1,0,0,0
67,2010,1,1,1,0,0,0
68,2010,1,1,1,0,0,0
69,2010,1,1,1,0,0,0
70,2010,1,1,1,0,0,0
71,2010,1,1,1,0,0,0
72,2010,1,1,1,0,0,0
73,2010,0.9,1,1,0,0,0
74,2010,1,1,1,0,0,0
75,2010,1,1,1,0,0,0
76,2010,1,1,1,0,0,0
77,2010,1,1,1,0,0,0
78,2010,1,1,1,0,0,0
79,2010,1,1,1,0,0,0
80,2010,1,1,1,0,0,0
81,2010,1,1,1,0,0,0
82,2010,1,1,1,0,0,0
83,2010,1,1,1,0,0,0
84,2010,1,1,1,0,0,0
85,2010,1,1,1,0,0,0
86,2010,1,1,1,0,0,0
87,2010,1,1,1,0,0,0
88,2010,1,1,1,0,0,0
89,2010,1,1,1,0,0,0
90,2010,1,1,1,0,0,0
91,2010,1,1,1,0,0,0
92,2010,1,1,1,0,0,0
93,2010,1,1,1,0,0,0
94,2010,1,1,1,0,0,0
95,2010,1,1,1,0,0,0
96,2010,1,1,1,0,0,0
97,2010,1,1,1,0,0,0
98,2010,1,1,1,0,0,0
99,2010,1,1,1,0,0,0
100,2010,1,1,1,0,0,0
101,2010,1,1,1,0,0,0
102,2010,1,1,1,0,0,0
103,2010,1,1,1,0,0,0
104,2010,1,1,1,0,0,0
105,2010,0.9,1,1,0,0,0
106,2010,0.9,1,1,0,0,0
107,2010,0.9,1,1,0,0,0
108,2010,1,1,1,0,0,0
109,2010,1,1,1,0,0,0
110,2010,1,1,1,0,0,0
111,2010,1,1,1,0,0,0
112,2010,1,1,1,0,0,0
113,2010,1,1,1,0,0,0
114,2010,1,1,1,0,0,0
115,2010,1,1,1,0,0,0
116,2010,1,1,1,0,0,0
117,2010,1,1,1,0,0,0
118,2010,1,1,1,0,0,0
119,2010,1,1,1,0,0,0
120,2010,1,1,1,0,0,0
121,2010,1,1,1,0,0,0
122,2010,1,1,1,0,0,0
123,2010,1,1,1,0,0,0
124,2010,1,1,1,0,0,0
125,2010,1,1,1,0,0,0
126,2010,1,1,1,0,0,0
127,2010,1,1,1,0,0,0
128,2010,1,1,1,0,0,0
129,2010,1,1,1,0,0,0
130,2010,1,1,1,0,0,0
131,2010,1,1,1,0,0,0
132,2010,1,1,1,0,0,0
133,2010,1,1,1,0,0,0
134,2010,1,1,1,0,0,0
135,2010,1,1,1,0,0,0
136,2010,1,1,1,0,0,0
137,2010,1,1,1,0,0,0
138,2010,1,1,1,0,0,0
139,2010,1,1,1,0,0,0
140,2010,1,1,1,0,0,0
141,2010,1,1,1,0,0,0
142,2010,1,1,1,0,0,0
143,2010,1,1,1,0,0,0
144,2010,1,1,1,0,0,0
145,2010,1,1,1,0,0,0
146,2010,1,1,1,0,0,0
147,2010,1,1,1,0,0,0
148,2010,1,1,1,0,0,0
149,2010,1,1,1,0,0,0
150,2010,1,1,1,0,0,0
151,2010,1,1,1,0,0,0
152,2010,1,1,1,0,0,0
153,2010,0.9,1,1,0,0,0
154,2010,1,1,1,0,0,0
155,2010,1,1,1,0,0,0
156,2010,1,1,1,0,0,0
157,2010,0.9,1,1,0,0,0
158,2010,1,1,1,0,0,0
159,2010,1,1,1,0,0,0
160,2010,0.9,1,1,0,0,0
161,2010,1,1,1,0,0,0
162,2010,0.9,1,1,0,0,0
163,2010,1,1,1,0,0,0
164,2010,1,1,1,0,0,0
165,2010,1,1,1,0,0,0
166,2010,1,1,1,0,0,0
167,2010,1,1,1,0,0,0
168,2010,1,1,1,0,0,0
169,2010,0.9,1,1,0,0,0
170,2010,1,1,1,0,0,0
171,2010,1,1,1,0,0,0
172,2010,1,1,1,0,0,0
173,2010,1,1,1,0,0,0
174,2010,1,1,1,0,0,0
175,2010,1,1,1,0,0,0
176,2010,1,1,1,0,0,0
177,2010,1,1,1,0,0,0
178,2010,1,1,1,0,0,0
179,2010,1,1,1,0,0,0
180,2010,1,1,1,0,0,0
181,2010,1,1,1,0,0,0
182,2010,1,1,1,0,0,0
183,2010,1,1,1,0,0,0
184,2010,1,1,1,0,0,0
185,2010,1,1,1,0,0,0
186,2010,1,1,1,0,0,0
187,2010,1,1,1,0,0,0
188,2010,1,1,1,0,0,0
189,2010,1,1,1,0,0,0
190,2010,1,1,1,0,0,0
191,2010,1,1,1,0,0,0
192,2010,1,1,1,0,0,0
193,2010,1,1,1,0,0,0
194,2010,1,1,1,0,0,0
195,2010,1,1,1,0,0,0
196,2010,1,1,1,0,0,0
197,2010,1,1,1,0,0,0
198,2010,1,1,1,0,0,0
199,2010,1,1,1,0,0,0
200,2010,1,1,1,0,0,0
201,2010,1,1,1,0,0,0
202,2010,1,1,1,0,0,0
203,2010,1,1,1,0,0,0
204,2010,1,1,1,0,0,0
205,2010,0.9,1,1,0,0,0
206,2010,1,1,1,0,0,0
207,2010,1,1,1,0,0,0
208,2010,1,1,1,0,0,0
209,2010,1,1,1,0,0,0
210,2010,1,1,1,0,0,0
211,2010,0.9,1,1,0,0,0
212,2010,0.9,1,1,0,0,0
213,2010,1,1,1,0,0,0
214,2010,1,1,1,0,0,0
215,2010,0.9,1,1,0,0,0
216,2010,1,1,1,0,0,0
217,2010,1,1,1,0,0,0
218,2010,0.9,1,1,0,0,0
219,2010,0.9,1,1,0,0,0
220,2010,0.9,1,1,0,0,0
221,2010,0.9,1,1,0,0,0
222,2010,0.9,1,1,0,0,0
223,2010,0.9,1,1,0,0,0
224,2010,0,0,0,0.9,1,1
225,2010,0,0,0,0.9,1,1
226,2010,0,0,0,0.9,1,1
227,2010,0,0,0,0.9,1,1
228,2010,0,0,0,0.9,1,1
229,2010,0.9,1,1,0,0,0
230,2010,0.9,1,1,0,0,0
231,2010,0.9,1,1,0,0,0
232,2010,0.9,1,1,0,0,0
233,2010,0.9,1,1,0,0,0
234,2010,0.9,1,1,0,0,0
235,2010,0.9,1,1,0,0,0
236,2010,0,0,0,0.9,1,1
237,2010,0,0,0,0.9,1,1
238,2010,0,0,0,0.9,1,1
239,2010,0,0,0,0.9,1,1
240,2010,0,0,0,0,0,0
241,2010,0,0,0,0.9,1,1
242,2010,0,0,0,0.9,1,1
243,2010,0,0,0,0.9,1,1
244,2010,0,0,0,0,0,0
245,2010,0,0,0,0,0,0
246,2010,0,0,0,0.9,1,1
247,2010,0,0,0,0.9,1,1
248,2010,0,0,0,0,0,0
249,2010,0,0,0,0,0,0
250,2010,0.9,1,1,0,0,0
251,2010,0,0,0,0,0,0
252,2010,1,1,1,0,0,0
253,2010,1,1,1,0,0,0
254,2010,1,1,1,0,0,0
255,2010,1,1,1,0,0,0
256,2010,1,1,1,0,0,0
257,2010,1,1,1,0,0,0
258,2010,1,1,1,0,0,0
259,2010,1,1,1,0,0,0
260,2010,1,1,1,0,0,0
261,2010,1,1,1,0,0,0
262,2010,1,1,1,0,0,0
263,2010,1,1,1,0,0,0
264,2010,1,1,1,0,0,0
265,2010,1,1,1,0,0,0
266,2010,1,1,1,0,0,0
267,2010,1,1,1,0,0,0
268,2010,1,1,1,0,0,0
269,2010,1,1,1,0,0,0
270,2010,1,1,1,0,0,0
271,2010,1,1,1,0,0,0
272,2010,1,1,1,0,0,0
273,2010,1,1,1,0,0,0
274,2010,1,1,1,0,0,0
275,2010,1,1,1,0,0,0
276,2010,1,1,1,0,0,0
277,2010,1,1,1,0,0,0
278,2010,1,1,1,0,0,0
279,2010,1,1,1,0,0,0
280,2010,0.9,1,1,0,0,0
281,2010,0.9,1,1,0,0,0
282,2010,1,1,1,0,0,0
283,2010,1,1,1,0,0,0
284,2010,1,1,1,0,0,0
285,2010,0.9,1,1,0,0,0
286,2010,1,1,1,0,0,0
287,2010,1,1,1,0,0,0
288,2010,1,1,1,0,0,0
289,2010,1,1,1,0,0,0
290,2010,1,1,1,0,0,0
291,2010,1,1,1,0,0,0
292,2010,1,1,1,0,0,0
293,2010,1,1,1,0,0,0
294,2010,1,1,1,0,0,0
295,2010,1,1,1,0,0,0
296,2010,1,1,1,0,0,0
297,2010,1,1,1,0,0,0
298,2010,1,1,1,0,0,0
299,2010,1,1,1,0,0,0
300,2010,0.9,1,1,0,0,0
301,2010,1,1,1,0,0,0
302,2010,1,1,1,0,0,0
303,2010,1,1,1,0,0,0
304,2010,1,1,1,0,0,0
305,2010,1,1,1,0,0,0
306,2010,1,1,1,0,0,0
307,2010,1,1,1,0,0,0
308,2010,1,1,1,0,0,0
309,2010,1,1,1,0,0,0
310,2010,0.9,1,1,0,0,0
311,2010,1,1,1,0,0,0
312,2010,1,1,1,0,0,0
313,2010,1,1,1,0,0,0
314,2010,1,1,1,0,0,0
315,2010,1,1,1,0,0,0
316,2010,1,1,1,0,0,0
317,2010,1,1,1,0,0,0
318,2010,1,1,1,0,0,0
319,2010,0.9,1,1,0,0,0
320,2010,0.9,1,1,0,0,0
321,2010,0.9,1,1,0,0,0
322,2010,1,1,1,0,0,0
323,2010,1,1,1,0,0,0
324,2010,0.9,1,1,0,0,0
325,2010,0.9,1,1,0,0,0
326,2010,0.9,1,1,0,0,0
327,2010,1,1,1,0,0,0
328,2010,1,1,1,0,0,0
329,2010,1,1,1,0,0,0
330,2010,1,1,1,0,0,0
331,2010,1,1,1,0,0,0
332,2010,1,1,1,0,0,0
333,2010,1,1,1,0,0,0
334,2010,1,1,1,0,0,0
335,2010,1,1,1,0,0,0
336,2010,0.9,1,1,0,0,0
337,2010,1,1,1,0,0,0
338,2010,1,1,1,0,0,0
339,2010,1,1,1,0,0,0
340,2010,1,1,1,0,0,0
341,2010,1,1,1,0,0,0
342,2010,1,1,1,0,0,0
343,2010,0.9,1,1,0,0,0
344,2010,0.9,1,1,0,0,0
345,2010,0.9,1,1,0,0,0
346,2010,0.9,1,1,0,0,0
347,2010,0,0,0,0.9,1,1
348,2010,1,1,1,0,0,0
349,2010,0.9,1,1,0,0,0
350,2010,0.9,1,1,0,0,0
351,2010,0.9,1,1,0,0,0
352,2010,0.9,1,1,0,0,0
353,2010,0,0,0,0,0,0
354,2010,0,0,0,0.9,1,1
355,2010,0,0,0,0,0,0
356,2010,0,0,0,0.9,1,1
357,2010,0,0,0,0.9,1,1
358,2010,0,0,0,0.9,1,1
359,2010,0,0,0,0.9,1,1
360,2010,0,0,0,0.9,1,1
361,2010,0,0,0,0.9,1,1
362,2010,0,0,0,0.9,1,1
363,2010,0.9,1,1,0,0,0
364,2010,1,1,1,0,0,0
365,2010,0.9,1,1,0,0,0
366,2010,0.9,1,1,0,0,0
367,2010,1,1,1,0,0,0
368,2010,1,1,1,0,0,0
369,2010,1,1,1,0,0,0
370,2010,0.9,1,1,0,0,0
371,2010,1,1,1,0,0,0
372,2010,0.9,1,1,0,0,0
373,2010,0,0,0,0,0,0
374,2010,0.9,1,1,0,0,0
375,2010,0.9,1,1,0,0,0
376,2010,0.9,1,1,0,0,0
377,2010,1,1,1,0,0,0
378,2010,0.9,1,1,0,0,0
379,2010,0,0,0,0,0,0
380,2010,0.9,1,1,0,0,0
381,2010,0.9,1,1,0,0,0
382,2010,0.9,1,1,0,0,0
383,2010,0.9,1,1,0,0,0
384,2010,1,1,1,0,0,0
385,2010,1,1,1,0,0,0
386,2010,1,1,1,0,0,0
387,2010,1,1,1,0,0,0
388,2010,1,1,1,0,0,0
389,2010,0.9,1,1,0,0,0
390,2010,0.9,1,1,0,0,0
391,2010,1,1,1,0,0,0
392,2010,0.9,1,1,0,0,0
393,2010,1,1,1,0,0,0
394,2010,0.9,1,1,0,0,0
395,2010,1,1,1,0,0,0
396,2010,1,1,1,0,0,0
397,2010,1,1,1,0,0,0
398,2010,1,1,1,0,0,0
399,2010,1,1,1,0,0,0
400,2010,0.9,1,1,0,0,0
401,2010,0.9,1,1,0,0,0
402,2010,1,1,1,0,0,0
403,2010,1,1,1,0,0,0
404,2010,1,1,1,0,0,0
405,2010,1,1,1,0,0,0
406,2010,0.9,1,1,0,0,0
407,2010,1,1,1,0,0,0
408,2010,1,1,1,0,0,0
409,2010,1,1,1,0,0,0
410,2010,1,1,1,0,0,0
411,2010,1,1,1,0,0,0
412,2010,1,1,1,0,0,0
413,2010,1,1,1,0,0,0
414,2010,1,1,1,0,0,0
415,2010,1,1,1,0,0,0
416,2010,1,1,1,0,0,0
417,2010,1,1,1,0,0,0
418,2010,1,1,1,0,0,0
419,2010,1,1,1,0,0,0
420,2010,1,1,1,0,0,0
421,2010,1,1,1,0,0,0
422,2010,1,1,1,0,0,0
423,2010,1,1,1,0,0,0
424,2010,1,1,1,0,0,0
425,2010,1,1,1,0,0,0
426,2010,1,1,1,0,0,0
427,2010,1,1,1,0,0,0
428,2010,1,1,1,0,0,0
429,2010,1,1,1,0,0,0
430,2010,1,1,1,0,0,0
431,2010,1,1,1,0,0,0
432,2010,1,1,1,0,0,0
433,2010,1,1,1,0,0,0
434,2010,0.9,1,1,0,0,0
435,2010,1,1,1,0,0,0
436,2010,0.9,1,1,0,0,0
437,2010,1,1,1,0,0,0
438,2010,1,1,1,0,0,0
439,2010,1,1,1,0,0,0
440,2010,1,1,1,0,0,0
441,2010,1,1,1,0,0,0
442,2010,1,1,1,0,0,0
443,2010,0.9,1,1,0,0,0
444,2010,1,1,1,0,0,0
445,2010,1,1,1,0,0,0
446,2010,1,1,1,0,0,0
447,2010,1,1,1,0,0,0
448,2010,1,1,1,0,0,0
449,2010,1,1,1,0,0,0
450,2010,1,1,1,0,0,0
451,2010,1,1,1,0,0,0
452,2010,1,1,1,0,0,0
453,2010,1,1,1,0,0,0
454,2010,1,1,1,0,0,0
455,2010,1,1,1,0,0,0
456,2010,1,1,1,0,0,0
457,2010,1,1,1,0,0,0
458,2010,1,1,1,0,0,0
459,2010,1,1,1,0,0,0
1,2020,1,1,1,0,0,0
2,2020,1,1,1,0,0,0
3,2020,1,1,1,0,0,0
4,2020,1,1,1,0,0,0
5,2020,1,1,1,0,0,0
6,2020,1,1,1,0,0,0
7,2020,1,1,1,0,0,0
8,2020,1,1,1,0,0,0
9,2020,1,1,1,0,0,0
10,2020,1,1,1,0,0,0
11,2020,1,1,1,0,0,0
12,2020,1,1,1,0,0,0
13,2020,1,1,1,0,0,0
14,2020,1,1,1,0,0,0
15,2020,1,1,1,0,0,0
16,2020,1,1,1,0,0,0
17,2020,1,1,1,0,0,0
18,2020,1,1,1,0,0,0
19,2020,1,1,1,0,0,0
20,2020,1,1,1,0,0,0
21,2020,1,1,1,0,0,0
22,2020,1,1,1,0,0,0
23,2020,1,1,1,0,0,0
24,2020,1,1,1,0,0,0
25,2020,1,1,1,0,0,0
26,2020,1,1,1,0,0,0
27,2020,1,1,1,0,0,0
28,2020,1,1,1,0,0,0
29,2020,1,1,1,0,0,0
30,2020,1,1,1,0,0,0
31,2020,1,1,1,0,0,0
32,2020,1,1,1,0,0,0
33,2020,1,1,1,0,0,0
34,2020,1,1,1,0,0,0
35,2020,1,1,1,0,0,0
36,2020,1,1,1,0,0,0
37,2020,1,1,1,0,0,0
38,2020,1,1,1,0,0,0
39,2020,1,1,1,0,0,0
40,2020,1,1,1,0,0,0
41,2020,1,1,1,0,0,0
42,2020,1,1,1,0,0,0
43,2020,1,1,1,0,0,0
44,2020,1,1,1,0,0,0
45,2020,1,1,1,0,0,0
46,2020,1,1,1,0,0,0
47,2020,1,1,1,0,0,0
48,2020,1,1,1,0,0,0
49,2020,1,1,1,0,0,0
50,2020,1,1,1,0,0,0
51,2020,1,1,1,0,0,0
52,2020,1,1,1,0,0,0
53,2020,1,1,1,0,0,0
54,2020,1,1,1,0,0,0
55,2020,1,1,1,0,0,0
56,2020,1,1,1,0,0,0
57,2020,1,1,1,0,0,0
58,2020,1,1,1,0,0,0
59,2020,1,1,1,0,0,0
60,2020,1,1,1,0,0,0
61,2020,1,1,1,0,0,0
62,2020,1,1,1,0,0,0
63,2020,1,1,1,0,0,0
64,2020,1,1,1,0,0,0
65,2020,1,1,1,0,0,0
66,2020,1,1,1,0,0,0
67,2020,1,1,1,0,0,0
68,2020,1,1,1,0,0,0
69,2020,1,1,1,0,0,0
70,2020,1,1,1,0,0,0
71,2020,1,1,1,0,0,0
72,2020,1,1,1,0,0,0
73,2020,0.9,1,1,0,0,0
74,2020,1,1,1,0,0,0
75,2020,1,1,1,0,0,0
76,2020,1,1,1,0,0,0
77,2020,1,1,1,0,0,0
78,2020,1,1,1,0,0,0
79,2020,1,1,1,0,0,0
80,2020,1,1,1,0,0,0
81,2020,1,1,1,0,0,0
82,2020,1,1,1,0,0,0
83,2020,1,1,1,0,0,0
84,2020,1,1,1,0,0,0
85,2020,1,1,1,0,0,0
86,2020,1,1,1,0,0,0
87,2020,1,1,1,0,0,0
88,2020,1,1,1,0,0,0
89,2020,1,1,1,0,0,0
90,2020,1,1,1,0,0,0
91,2020,1,1,1,0,0,0
92,2020,1,1,1,0,0,0
93,2020,1,1,1,0,0,0
94,2020,1,1,1,0,0,0
95,2020,1,1,1,0,0,0
96,2020,1,1,1,0,0,0
97,2020,1,1,1,0,0,0
98,2020,1,1,1,0,0,0
99,2020,1,1,1,0,0,0
100,2020,1,1,1,0,0,0
101,2020,1,1,1,0,0,0
102,2020,1,1,1,0,0,0
103,2020,1,1,1,0,0,0
104,2020,1,1,1,0,0,0
105,2020,0.9,1,1,0,0,0
106,2020,0.9,1,1,0,0,0
107,2020,0.9,1,1,0,0,0
108,2020,1,1,1,0,0,0
109,2020,1,1,1,0,0,0
110,2020,1,1,1,0,0,0
111,2020,1,1,1,0,0,0
112,2020,1,1,1,0,0,0
113,2020,1,1,1,0,0,0
114,2020,1,1,1,0,0,0
115,2020,1,1,1,0,0,0
116,2020,1,1,1,0,0,0
117,2020,1,1,1,0,0,0
118,2020,1,1,1,0,0,0
119,2020,1,1,1,0,0,0
120,2020,1,1,1,0,0,0
121,2020,1,1,1,0,0,0
122,2020,1,1,1,0,0,0
123,2020,1,1,1,0,0,0
124,2020,1,1,1,0,0,0
125,2020,1,1,1,0,0,0
126,2020,1,1,1,0,0,0
127,2020,1,1,1,0,0,0
128,2020,1,1,1,0,0,0
129,2020,1,1,1,0,0,0
130,2020,1,1,1,0,0,0
131,2020,1,1,1,0,0,0
132,2020,1,1,1,0,0,0
133,2020,1,1,1,0,0,0
134,2020,1,1,1,0,0,0
135,2020,1,1,1,0,0,0
136,2020,1,1,1,0,0,0
137,2020,1,1,1,0,0,0
138,2020,1,1,1,0,0,0
139,2020,1,1,1,0,0,0
140,2020,1,1,1,0,0,0
141,2020,1,1,1,0,0,0
142,2020,1,1,1,0,0,0
143,2020,1,1,1,0,0,0
144,2020,1,1,1,0,0,0
145,2020,1,1,1,0,0,0
146,2020,1,1,1,0,0,0
147,2020,1,1,1,0,0,0
148,2020,1,1,1,0,0,0
149,2020,1,1,1,0,0,0
150,2020,1,1,1,0,0,0
151,2020,1,1,1,0,0,0
152,2020,1,1,1,0,0,0
153,2020,0.9,1,1,0,0,0
154,2020,1,1,1,0,0,0
155,2020,1,1,1,0,0,0
156,2020,1,1,1,0,0,0
157,2020,0.9,1,1,0,0,0
158,2020,1,1,1,0,0,0
159,2020,1,1,1,0,0,0
160,2020,0.9,1,1,0,0,0
161,2020,1,1,1,0,0,0
162,2020,0.9,1,1,0,0,0
163,2020,1,1,1,0,0,0
164,2020,1,1,1,0,0,0
165,2020,1,1,1,0,0,0
166,2020,1,1,1,0,0,0
167,2020,1,1,1,0,0,0
168,2020,1,1,1,0,0,0
169,2020,0.9,1,1,0,0,0
170,2020,1,1,1,0,0,0
171,2020,1,1,1,0,0,0
172,2020,1,1,1,0,0,0
173,2020,1,1,1,0,0,0
174,2020,1,1,1,0,0,0
175,2020,1,1,1,0,0,0
176,2020,1,1,1,0,0,0
177,2020,1,1,1,0,0,0
178,2020,1,1,1,0,0,0
179,2020,1,1,1,0,0,0
180,2020,1,1,1,0,0,0
181,2020,1,1,1,0,0,0
182,2020,1,1,1,0,0,0
183,2020,1,1,1,0,0,0
184,2020,1,1,1,0,0,0
185,2020,1,1,1,0,0,0
186,2020,1,1,1,0,0,0
187,2020,1,1,1,0,0,0
188,2020,1,1,1,0,0,0
189,2020,1,1,1,0,0,0
190,2020,1,1,1,0,0,0
191,2020,1,1,1,0,0,0
192,2020,1,1,1,0,0,0
193,2020,1,1,1,0,0,0
194,2020,1,1,1,0,0,0
195,2020,1,1,1,0,0,0
196,2020,1,1,1,0,0,0
197,2020,1,1,1,0,0,0
198,2020,1,1,1,0,0,0
199,2020,1,1,1,0,0,0
200,2020,1,1,1,0,0,0
201,2020,1,1,1,0,0,0
202,2020,1,1,1,0,0,0
203,2020,1,1,1,0,0,0
204,2020,1,1,1,0,0,0
205,2020,0.9,1,1,0,0,0
206,2020,1,1,1,0,0,0
207,2020,1,1,1,0,0,0
208,2020,1,1,1,0,0,0
209,2020,1,1,1,0,0,0
210,2020,1,1,1,0,0,0
211,2020,0.9,1,1,0,0,0
212,2020,0.9,1,1,0,0,0
213,2020,1,1,1,0,0,0
214,2020,1,1,1,0,0,0
215,2020,0.9,1,1,0,0,0
216,2020,1,1,1,0,0,0
217,2020,1,1,1,0,0,0
218,2020,0.9,1,1,0,0,0
219,2020,0.9,1,1,0,0,0
220,2020,0.9,1,1,0,0,0
221,2020,0.9,1,1,0,0,0
222,2020,0.9,1,1,0,0,0
223,2020,0.9,1,1,0,0,0
224,2020,0,0,0,0.9,1,1
225,2020,0,0,0,0.9,1,1
226,2020,0,0,0,0.9,1,1
227,2020,0,0,0,0.9,1,1
228,2020,0,0,0,0.9,1,1
229,2020,0.9,1,1,0,0,0
230,2020,0.9,1,1,0,0,0
231,2020,0.9,1,1,0,0,0
232,2020,0.9,1,1,0,0,0
233,2020,0.9,1,1,0,0,0
234,2020,0.9,1,1,0,0,0
235,2020,0.9,1,1,0,0,0
236,2020,0,0,0,0.9,1,1
237,2020,0,0,0,0.9,1,1
238,2020,0,0,0,0.9,1,1
239,2020,0,0,0,0.9,1,1
240,2020,0,0,0,0,0,0
241,2020,0,0,0,0.9,1,1
242,2020,0,0,0,0.9,1,1
243,2020,0,0,0,0.9,1,1
244,2020,0,0,0,0,0,0
245,2020,0,0,0,0,0,0
246,2020,0,0,0,0.9,1,1
247,2020,0,0,0,0.9,1,1
248,2020,0,0,0,0,0,0
249,2020,0,0,0,0,0,0
250,2020,0.9,1,1,0,0,0
251,2020,0,0,0,0,0,0
252,2020,1,1,1,0,0,0
253,2020,1,1,1,0,0,0
254,2020,1,1,1,0,0,0
255,2020,1,1,1,0,0,0
256,2020,1,1,1,0,0,0
257,2020,1,1,1,0,0,0
258,2020,1,1,1,0,0,0
259,2020,1,1,1,0,0,0
260,2020,1,1,1,0,0,0
261,2020,1,1,1,0,0,0
262,2020,1,1,1,0,0,0
263,2020,1,1,1,0,0,0
264,2020,1,1,1,0,0,0
265,2020,1,1,1,0,0,0
266,2020,1,1,1,0,0,0
267,2020,1,1,1,0,0,0
268,2020,1,1,1,0,0,0
269,2020,1,1,1,0,0,0
270,2020,1,1,1,0,0,0
271,2020,1,1,1,0,0,0
272,2020,1,1,1,0,0,0
273,2020,1,1,1,0,0,0
274,2020,1,1,1,0,0,0
275,2020,1,1,1,0,0,0
276,2020,1,1,1,0,0,0
277,2020,1,1,1,0,0,0
278,2020,1,1,1,0,0,0
279,2020,1,1,1,0,0,0
280,2020,0.9,1,1,0,0,0
281,2020,0.9,1,1,0,0,0
282,2020,1,1,1,0,0,0
283,2020,1,1,1,0,0,0
284,2020,1,1,1,0,0,0
285,2020,0.9,1,1,0,0,0
286,2020,1,1,1,0,0,0
287,2020,1,1,1,0,0,0
288,2020,1,1,1,0,0,0
289,2020,1,1,1,0,0,0
290,2020,1,1,1,0,0,0
291,2020,1,1,1,0,0,0
292,2020,1,1,1,0,0,0
293,2020,1,1,1,0,0,0
294,2020,1,1,1,0,0,0
295,2020,1,1,1,0,0,0
296,2020,1,1,1,0,0,0
297,2020,1,1,1,0,0,0
298,2020,1,1,1,0,0,0
299,2020,1,1,1,0,0,0
300,2020,0.9,1,1,0,0,0
301,2020,1,1,1,0,0,0
302,2020,1,1,1,0,0,0
303,2020,1,1,1,0,0,0
304,2020,1,1,1,0,0,0
305,2020,1,1,1,0,0,0
306,2020,1,1,1,0,0,0
307,2020,1,1,1,0,0,0
308,2020,1,1,1,0,0,0
309,2020,1,1,1,0,0,0
310,2020,0.9,1,1,0,0,0
311,2020,1,1,1,0,0,0
312,2020,1,1,1,0,0,0
313,2020,1,1,1,0,0,0
314,2020,1,1,1,0,0,0
315,2020,1,1,1,0,0,0
316,2020,1,1,1,0,0,0
317,2020,1,1,1,0,0,0
318,2020,1,1,1,0,0,0
319,2020,0.9,1,1,0,0,0
320,2020,0.9,1,1,0,0,0
321,2020,0.9,1,1,0,0,0
322,2020,1,1,1,0,0,0
323,2020,1,1,1,0,0,0
324,2020,0.9,1,1,0,0,0
325,2020,0.9,1,1,0,0,0
326,2020,0.9,1,1,0,0,0
327,2020,1,1,1,0,0,0
328,2020,1,1,1,0,0,0
329,2020,1,1,1,0,0,0
330,2020,1,1,1,0,0,0
331,2020,1,1,1,0,0,0
332,2020,1,1,1,0,0,0
333,2020,1,1,1,0,0,0
334,2020,1,1,1,0,0,0
335,2020,1,1,1,0,0,0
336,2020,0.9,1,1,0,0,0
337,2020,1,1,1,0,0,0
338,2020,1,1,1,0,0,0
339,2020,1,1,1,0,0,0
340,2020,1,1,1,0,0,0
341,2020,1,1,1,0,0,0
342,2020,1,1,1,0,0,0
343,2020,0.9,1,1,0,0,0
344,2020,0.9,1,1,0,0,0
345,2020,0.9,1,1,0,0,0
346,2020,0.9,1,1,0,0,0
347,2020,0,0,0,0.9,1,1
348,2020,1,1,1,0,0,0
349,2020,0.9,1,1,0,0,0
350,2020,0.9,1,1,0,0,0
351,2020,0.9,1,1,0,0,0
352,2020,0.9,1,1,0,0,0
353,2020,0,0,0,0,0,0
354,2020,0,0,0,0.9,1,1
355,2020,0,0,0,0,0,0
356,2020,0,0,0,0.9,1,1
357,2020,0,0,0,0.9,1,1
358,2020,0,0,0,0.9,1,1
359,2020,0,0,0,0.9,1,1
360,2020,0,0,0,0.9,1,1
361,2020,0,0,0,0.9,1,1
362,2020,0,0,0,0.9,1,1
363,2020,0.9,1,1,0,0,0
364,2020,1,1,1,0,0,0
365,2020,0.9,1,1,0,0,0
366,2020,0.9,1,1,0,0,0
367,2020,1,1,1,0,0,0
368,2020,1,1,1,0,0,0
369,2020,1,1,1,0,0,0
370,2020,0.9,1,1,0,0,0
371,2020,1,1,1,0,0,0
372,2020,0.9,1,1,0,0,0
373,2020,0,0,0,0,0,0
374,2020,0.9,1,1,0,0,0
375,2020,0.9,1,1,0,0,0
376,2020,0.9,1,1,0,0,0
377,2020,1,1,1,0,0,0
378,2020,0.9,1,1,0,0,0
379,2020,0,0,0,0,0,0
380,2020,0.9,1,1,0,0,0
381,2020,0.9,1,1,0,0,0
382,2020,0.9,1,1,0,0,0
383,2020,0.9,1,1,0,0,0
384,2020,1,1,1,0,0,0
385,2020,1,1,1,0,0,0
386,2020,1,1,1,0,0,0
387,2020,1,1,1,0,0,0
388,2020,1,1,1,0,0,0
389,2020,0.9,1,1,0,0,0
390,2020,0.9,1,1,0,0,0
391,2020,1,1,1,0,0,0
392,2020,0.9,1,1,0,0,0
393,2020,1,1,1,0,0,0
394,2020,0.9,1,1,0,0,0
395,2020,1,1,1,0,0,0
396,2020,1,1,1,0,0,0
397,2020,1,1,1,0,0,0
398,2020,1,1,1,0,0,0
399,2020,1,1,1,0,0,0
400,2020,0.9,1,1,0,0,0
401,2020,0.9,1,1,0,0,0
402,2020,1,1,1,0,0,0
403,2020,1,1,1,0,0,0
404,2020,1,1,1,0,0,0
405,2020,1,1,1,0,0,0
406,2020,0.9,1,1,0,0,0
407,2020,1,1,1,0,0,0
408,2020,1,1,1,0,0,0
409,2020,1,1,1,0,0,0
410,2020,1,1,1,0,0,0
411,2020,1,1,1,0,0,0
412,2020,1,1,1,0,0,0
413,2020,1,1,1,0,0,0
414,2020,1,1,1,0,0,0
415,2020,1,1,1,0,0,0
416,2020,1,1,1,0,0,0
417,2020,1,1,1,0,0,0
418,2020,1,1,1,0,0,0
419,2020,1,1,1,0,0,0
420,2020,1,1,1,0,0,0
421,2020,1,1,1,0,0,0
422,2020,1,1,1,0,0,0
423,2020,1,1,1,0,0,0
424,2020,1,1,1,0,0,0
425,2020,1,1,1,0,0,0
426,2020,1,1,1,0,0,0
427,2020,1,1,1,0,0,0
428,2020,1,1,1,0,0,0
429,2020,1,1,1,0,0,0
430,2020,1,1,1,0,0,0
431,2020,1,1,1,0,0,0
432,2020,1,1,1,0,0,0
433,2020,1,1,1,0,0,0
434,2020,0.9,1,1,0,0,0
435,2020,1,1,1,0,0,0
436,2020,0.9,1,1,0,0,0
437,2020,1,1,1,0,0,0
438,2020,1,1,1,0,0,0
439,2020,1,1,1,0,0,0
440,2020,1,1,1,0,0,0
441,2020,1,1,1,0,0,0
442,2020,1,1,1,0,0,0
443,2020,0.9,1,1,0,0,0
444,2020,1,1,1,0,0,0
445,2020,1,1,1,0,0,0
446,2020,1,1,1,0,0,0
447,2020,1,1,1,0,0,0
448,2020,1,1,1,0,0,0
449,2020,1,1,1,0,0,0
450,2020,1,1,1,0,0,0
451,2020,1,1,1,0,0,0
452,2020,1,1,1,0,0,0
453,2020,1,1,1,0,0,0
454,2020,1,1,1,0,0,0
455,2020,1,1,1,0,0,0
456,2020,1,1,1,0,0,0
457,2020,1,1,1,0,0,0
458,2020,1,1,1,0,0,0
459,2020,1,1,1,0,0,0
1,2025,1,1,1,0,0,0
2,2025,1,1,1,0,0,0
3,2025,1,1,1,0,0,0
4,2025,1,1,1,0,0,0
5,2025,1,1,1,0,0,0
6,2025,1,1,1,0,0,0
7,2025,1,1,1,0,0,0
8,2025,1,1,1,0,0,0
9,2025,1,1,1,0,0,0
10,2025,1,1,1,0,0,0
11,2025,1,1,1,0,0,0
12,2025,1,1,1,0,0,0
13,2025,1,1,1,0,0,0
14,2025,1,1,1,0,0,0
15,2025,1,1,1,0,0,0
16,2025,1,1,1,0,0,0
17,2025,1,1,1,0,0,0
18,2025,1,1,1,0,0,0
19,2025,1,1,1,0,0,0
20,2025,1,1,1,0,0,0
21,2025,1,1,1,0,0,0
22,2025,1,1,1,0,0,0
23,2025,1,1,1,0,0,0
24,2025,1,1,1,0,0,0
25,2025,1,1,1,0,0,0
26,2025,1,1,1,0,0,0
27,2025,1,1,1,0,0,0
28,2025,1,1,1,0,0,0
29,2025,1,1,1,0,0,0
30,2025,1,1,1,0,0,0
31,2025,1,1,1,0,0,0
32,2025,1,1,1,0,0,0
33,2025,1,1,1,0,0,0
34,2025,1,1,1,0,0,0
35,2025,1,1,1,0,0,0
36,2025,1,1,1,0,0,0
37,2025,1,1,1,0,0,0
38,2025,1,1,1,0,0,0
39,2025,1,1,1,0,0,0
40,2025,1,1,1,0,0,0
41,2025,1,1,1,0,0,0
42,2025,1,1,1,0,0,0
43,2025,1,1,1,0,0,0
44,2025,1,1,1,0,0,0
45,2025,1,1,1,0,0,0
46,2025,1,1,1,0,0,0
47,2025,1,1,1,0,0,0
48,2025,1,1,1,0,0,0
49,2025,1,1,1,0,0,0
50,2025,1,1,1,0,0,0
51,2025,1,1,1,0,0,0
52,2025,1,1,1,0,0,0
53,2025,1,1,1,0,0,0
54,2025,1,1,1,0,0,0
55,2025,1,1,1,0,0,0
56,2025,1,1,1,0,0,0
57,2025,1,1,1,0,0,0
58,2025,1,1,1,0,0,0
59,2025,1,1,1,0,0,0
60,2025,1,1,1,0,0,0
61,2025,1,1,1,0,0,0
62,2025,1,1,1,0,0,0
63,2025,1,1,1,0,0,0
64,2025,1,1,1,0,0,0
65,2025,1,1,1,0,0,0
66,2025,1,1,1,0,0,0
67,2025,1,1,1,0,0,0
68,2025,1,1,1,0,0,0
69,2025,1,1,1,0,0,0
70,2025,1,1,1,0,0,0
71,2025,1,1,1,0,0,0
72,2025,1,1,1,0,0,0
73,2025,0.9,1,1,0,0,0
74,2025,1,1,1,0,0,0
75,2025,1,1,1,0,0,0
76,2025,1,1,1,0,0,0
77,2025,1,1,1,0,0,0
78,2025,1,1,1,0,0,0
79,2025,1,1,1,0,0,0
80,2025,1,1,1,0,0,0
81,2025,1,1,1,0,0,0
82,2025,1,1,1,0,0,0
83,2025,1,1,1,0,0,0
84,2025,1,1,1,0,0,0
85,2025,1,1,1,0,0,0
86,2025,1,1,1,0,0,0
87,2025,1,1,1,0,0,0
88,2025,1,1,1,0,0,0
89,2025,1,1,1,0,0,0
90,2025,1,1,1,0,0,0
91,2025,1,1,1,0,0,0
92,2025,1,1,1,0,0,0
93,2025,1,1,1,0,0,0
94,2025,1,1,1,0,0,0
95,2025,1,1,1,0,0,0
96,2025,1,1,1,0,0,0
97,2025,1,1,1,0,0,0
98,2025,1,1,1,0,0,0
99,2025,1,1,1,0,0,0
100,2025,1,1,1,0,0,0
101,2025,1,1,1,0,0,0
102,2025,1,1,1,0,0,0
103,2025,1,1,1,0,0,0
104,2025,1,1,1,0,0,0
105,2025,0.9,1,1,0,0,0
106,2025,0.9,1,1,0,0,0
107,2025,0.9,1,1,0,0,0
108,2025,1,1,1,0,0,0
109,2025,1,1,1,0,0,0
110,2025,1,1,1,0,0,0
111,2025,1,1,1,0,0,0
112,2025,1,1,1,0,0,0
113,2025,1,1,1,0,0,0
114,2025,1,1,1,0,0,0
115,2025,1,1,1,0,0,0
116,2025,1,1,1,0,0,0
117,2025,1,1,1,0,0,0
118,2025,1,1,1,0,0,0
119,2025,1,1,1,0,0,0
120,2025,1,1,1,0,0,0
121,2025,1,1,1,0,0,0
122,2025,1,1,1,0,0,0
123,2025,1,1,1,0,0,0
124,2025,1,1,1,0,0,0
125,2025,1,1,1,0,0,0
126,2025,1,1,1,0,0,0
127,2025,1,1,1,0,0,0
128,2025,1,1,1,0,0,0
129,2025,1,1,1,0,0,0
130,2025,1,1,1,0,0,0
131,2025,1,1,1,0,0,0
132,2025,1,1,1,0,0,0
133,2025,1,1,1,0,0,0
134,2025,1,1,1,0,0,0
135,2025,1,1,1,0,0,0
136,2025,1,1,1,0,0,0
137,2025,1,1,1,0,0,0
138,2025,1,1,1,0,0,0
139,2025,1,1,1,0,0,0
140,2025,1,1,1,0,0,0
141,2025,1,1,1,0,0,0
142,2025,1,1,1,0,0,0
143,2025,1,1,1,0,0,0
144,2025,1,1,1,0,0,0
145,2025,1,1,1,0,0,0
146,2025,1,1,1,0,0,0
147,2025,1,1,1,0,0,0
148,2025,1,1,1,0,0,0
149,2025,1,1,1,0,0,0
150,2025,1,1,1,0,0,0
151,2025,1,1,1,0,0,0
152,2025,1,1,1,0,0,0
153,2025,0.9,1,1,0,0,0
154,2025,1,1,1,0,0,0
155,2025,1,1,1,0,0,0
156,2025,1,1,1,0,0,0
157,2025,0.9,1,1,0,0,0
158,2025,1,1,1,0,0,0
159,2025,1,1,1,0,0,0
160,2025,0.9,1,1,0,0,0
161,2025,1,1,1,0,0,0
162,2025,0.9,1,1,0,0,0
163,2025,1,1,1,0,0,0
164,2025,1,1,1,0,0,0
165,2025,1,1,1,0,0,0
166,2025,1,1,1,0,0,0
167,2025,1,1,1,0,0,0
168,2025,1,1,1,0,0,0
169,2025,0.9,1,1,0,0,0
170,2025,1,1,1,0,0,0
171,2025,1,1,1,0,0,0
172,2025,1,1,1,0,0,0
173,2025,1,1,1,0,0,0
174,2025,1,1,1,0,0,0
175,2025,1,1,1,0,0,0
176,2025,1,1,1,0,0,0
177,2025,1,1,1,0,0,0
178,2025,1,1,1,0,0,0
179,2025,1,1,1,0,0,0
180,2025,1,1,1,0,0,0
181,2025,1,1,1,0,0,0
182,2025,1,1,1,0,0,0
183,2025,1,1,1,0,0,0
184,2025,1,1,1,0,0,0
185,2025,1,1,1,0,0,0
186,2025,1,1,1,0,0,0
187,2025,1,1,1,0,0,0
188,2025,1,1,1,0,0,0
189,2025,1,1,1,0,0,0
190,2025,1,1,1,0,0,0
191,2025,1,1,1,0,0,0
192,2025,1,1,1,0,0,0
193,2025,1,1,1,0,0,0
194,2025,1,1,1,0,0,0
195,2025,1,1,1,0,0,0
196,2025,1,1,1,0,0,0
197,2025,1,1,1,0,0,0
198,2025,1,1,1,0,0,0
199,2025,1,1,1,0,0,0
200,2025,1,1,1,0,0,0
201,2025,1,1,1,0,0,0
202,2025,1,1,1,0,0,0
203,2025,1,1,1,0,0,0
204,2025,1,1,1,0,0,0
205,2025,0.9,1,1,0,0,0
206,2025,1,1,1,0,0,0
207,2025,1,1,1,0,0,0
208,2025,1,1,1,0,0,0
209,2025,1,1,1,0,0,0
210,2025,1,1,1,0,0,0
211,2025,0.9,1,1,0,0,0
212,2025,0.9,1,1,0,0,0
213,2025,1,1,1,0,0,0
214,2025,1,1,1,0,0,0
215,2025,0.9,1,1,0,0,0
216,2025,1,1,1,0,0,0
217,2025,1,1,1,0,0,0
218,2025,0.9,1,1,0,0,0
219,2025,0.9,1,1,0,0,0
220,2025,0.9,1,1,0,0,0
221,2025,0.9,1,1,0,0,0
222,2025,0.9,1,1,0,0,0
223,2025,0.9,1,1,0,0,0
224,2025,0,0,0,0.9,1,1
225,2025,0,0,0,0.9,1,1
226,2025,0,0,0,0.9,1,1
227,2025,0,0,0,0.9,1,1
228,2025,0,0,0,0.9,1,1
229,2025,0.9,1,1,0,0,0
230,2025,0.9,1,1,0,0,0
231,2025,0.9,1,1,0,0,0
232,2025,0.9,1,1,0,0,0
233,2025,0.9,1,1,0,0,0
234,2025,0.9,1,1,0,0,0
235,2025,0.9,1,1,0,0,0
236,2025,0,0,0,0.9,1,1
237,2025,0,0,0,0.9,1,1
238,2025,0,0,0,0.9,1,1
239,2025,0,0,0,0.9,1,1
240,2025,0,0,0,0,0,0
241,2025,0,0,0,0.9,1,1
242,2025,0,0,0,0.9,1,1
243,2025,0,0,0,0.9,1,1
244,2025,0,0,0,0,0,0
245,2025,0,0,0,0,0,0
246,2025,0,0,0,0.9,1,1
247,2025,0,0,0,0.9,1,1
248,2025,0,0,0,0,0,0
249,2025,0,0,0,0,0,0
250,2025,0.9,1,1,0,0,0
251,2025,0,0,0,0,0,0
252,2025,1,1,1,0,0,0
253,2025,1,1,1,0,0,0
254,2025,1,1,1,0,0,0
255,2025,1,1,1,0,0,0
256,2025,1,1,1,0,0,0
257,2025,1,1,1,0,0,0
258,2025,1,1,1,0,0,0
259,2025,1,1,1,0,0,0
260,2025,1,1,1,0,0,0
261,2025,1,1,1,0,0,0
262,2025,1,1,1,0,0,0
263,2025,1,1,1,0,0,0
264,2025,1,1,1,0,0,0
265,2025,1,1,1,0,0,0
266,2025,1,1,1,0,0,0
267,2025,1,1,1,0,0,0
268,2025,1,1,1,0,0,0
269,2025,1,1,1,0,0,0
270,2025,1,1,1,0,0,0
271,2025,1,1,1,0,0,0
272,2025,1,1,1,0,0,0
273,2025,1,1,1,0,0,0
274,2025,1,1,1,0,0,0
275,2025,1,1,1,0,0,0
276,2025,1,1,1,0,0,0
277,2025,1,1,1,0,0,0
278,2025,1,1,1,0,0,0
279,2025,1,1,1,0,0,0
280,2025,0.9,1,1,0,0,0
281,2025,0.9,1,1,0,0,0
282,2025,1,1,1,0,0,0
283,2025,1,1,1,0,0,0
284,2025,1,1,1,0,0,0
285,2025,0.9,1,1,0,0,0
286,2025,1,1,1,0,0,0
287,2025,1,1,1,0,0,0
288,2025,1,1,1,0,0,0
289,2025,1,1,1,0,0,0
290,2025,1,1,1,0,0,0
291,2025,1,1,1,0,0,0
292,2025,1,1,1,0,0,0
293,2025,1,1,1,0,0,0
294,2025,1,1,1,0,0,0
295,2025,1,1,1,0,0,0
296,2025,1,1,1,0,0,0
297,2025,1,1,1,0,0,0
298,2025,1,1,1,0,0,0
299,2025,1,1,1,0,0,0
300,2025,0.9,1,1,0,0,0
301,2025,1,1,1,0,0,0
302,2025,1,1,1,0,0,0
303,2025,1,1,1,0,0,0
304,2025,1,1,1,0,0,0
305,2025,1,1,1,0,0,0
306,2025,1,1,1,0,0,0
307,2025,1,1,1,0,0,0
308,2025,1,1,1,0,0,0
309,2025,1,1,1,0,0,0
310,2025,0.9,1,1,0,0,0
311,2025,1,1,1,0,0,0
312,2025,1,1,1,0,0,0
313,2025,1,1,1,0,0,0
314,2025,1,1,1,0,0,0
315,2025,1,1,1,0,0,0
316,2025,1,1,1,0,0,0
317,2025,1,1,1,0,0,0
318,2025,1,1,1,0,0,0
319,2025,0.9,1,1,0,0,0
320,2025,0.9,1,1,0,0,0
321,2025,0.9,1,1,0,0,0
322,2025,1,1,1,0,0,0
323,2025,1,1,1,0,0,0
324,2025,0.9,1,1,0,0,0
325,2025,0.9,1,1,0,0,0
326,2025,0.9,1,1,0,0,0
327,2025,1,1,1,0,0,0
328,2025,1,1,1,0,0,0
329,2025,1,1,1,0,0,0
330,2025,1,1,1,0,0,0
331,2025,1,1,1,0,0,0
332,2025,1,1,1,0,0,0
333,2025,1,1,1,0,0,0
334,2025,1,1,1,0,0,0
335,2025,1,1,1,0,0,0
336,2025,0.9,1,1,0,0,0
337,2025,1,1,1,0,0,0
338,2025,1,1,1,0,0,0
339,2025,1,1,1,0,0,0
340,2025,1,1,1,0,0,0
341,2025,1,1,1,0,0,0
342,2025,1,1,1,0,0,0
343,2025,0.9,1,1,0,0,0
344,2025,0.9,1,1,0,0,0
345,2025,0.9,1,1,0,0,0
346,2025,0.9,1,1,0,0,0
347,2025,0,0,0,0.9,1,1
348,2025,1,1,1,0,0,0
349,2025,0.9,1,1,0,0,0
350,2025,0.9,1,1,0,0,0
351,2025,0.9,1,1,0,0,0
352,2025,0.9,1,1,0,0,0
353,2025,0,0,0,0,0,0
354,2025,0,0,0,0.9,1,1
355,2025,0,0,0,0,0,0
356,2025,0,0,0,0.9,1,1
357,2025,0,0,0,0.9,1,1
358,2025,0,0,0,0.9,1,1
359,2025,0,0,0,0.9,1,1
360,2025,0,0,0,0.9,1,1
361,2025,0,0,0,0.9,1,1
362,2025,0,0,0,0.9,1,1
363,2025,0.9,1,1,0,0,0
364,2025,1,1,1,0,0,0
365,2025,0.9,1,1,0,0,0
366,2025,0.9,1,1,0,0,0
367,2025,1,1,1,0,0,0
368,2025,1,1,1,0,0,0
369,2025,1,1,1,0,0,0
370,2025,0.9,1,1,0,0,0
371,2025,1,1,1,0,0,0
372,2025,0.9,1,1,0,0,0
373,2025,0,0,0,0,0,0
374,2025,0.9,1,1,0,0,0
375,2025,0.9,1,1,0,0,0
376,2025,0.9,1,1,0,0,0
377,2025,1,1,1,0,0,0
378,2025,0.9,1,1,0,0,0
379,2025,0,0,0,0,0,0
380,2025,0.9,1,1,0,0,0
381,2025,0.9,1,1,0,0,0
382,2025,0.9,1,1,0,0,0
383,2025,0.9,1,1,0,0,0
384,2025,1,1,1,0,0,0
385,2025,1,1,1,0,0,0
386,2025,1,1,1,0,0,0
387,2025,1,1,1,0,0,0
388,2025,1,1,1,0,0,0
389,2025,0.9,1,1,0,0,0
390,2025,0.9,1,1,0,0,0
391,2025,1,1,1,0,0,0
392,2025,0.9,1,1,0,0,0
393,2025,1,1,1,0,0,0
394,2025,0.9,1,1,0,0,0
395,2025,1,1,1,0,0,0
396,2025,1,1,1,0,0,0
397,2025,1,1,1,0,0,0
398,2025,1,1,1,0,0,0
399,2025,1,1,1,0,0,0
400,2025,0.9,1,1,0,0,0
401,2025,0.9,1,1,0,0,0
402,2025,1,1,1,0,0,0
403,2025,1,1,1,0,0,0
404,2025,1,1,1,0,0,0
405,2025,1,1,1,0,0,0
406,2025,0.9,1,1,0,0,0
407,2025,1,1,1,0,0,0
408,2025,1,1,1,0,0,0
409,2025,1,1,1,0,0,0
410,2025,1,1,1,0,0,0
411,2025,1,1,1,0,0,0
412,2025,1,1,1,0,0,0
413,2025,1,1,1,0,0,0
414,2025,1,1,1,0,0,0
415,2025,1,1,1,0,0,0
416,2025,1,1,1,0,0,0
417,2025,1,1,1,0,0,0
418,2025,1,1,1,0,0,0
419,2025,1,1,1,0,0,0
420,2025,1,1,1,0,0,0
421,2025,1,1,1,0,0,0
422,2025,1,1,1,0,0,0
423,2025,1,1,1,0,0,0
424,2025,1,1,1,0,0,0
425,2025,1,1,1,0,0,0
426,2025,1,1,1,0,0,0
427,2025,1,1,1,0,0,0
428,2025,1,1,1,0,0,0
429,2025,1,1,1,0,0,0
430,2025,1,1,1,0,0,0
431,2025,1,1,1,0,0,0
432,2025,1,1,1,0,0,0
433,2025,1,1,1,0,0,0
434,2025,0.9,1,1,0,0,0
435,2025,1,1,1,0,0,0
436,2025,0.9,1,1,0,0,0
437,2025,1,1,1,0,0,0
438,2025,1,1,1,0,0,0
439,2025,1,1,1,0,0,0
440,2025,1,1,1,0,0,0
441,2025,1,1,1,0,0,0
442,2025,1,1,1,0,0,0
443,2025,0.9,1,1,0,0,0
444,2025,1,1,1,0,0,0
445,2025,1,1,1,0,0,0
446,2025,1,1,1,0,0,0
447,2025,1,1,1,0,0,0
448,2025,1,1,1,0,0,0
449,2025,1,1,1,0,0,0
450,2025,1,1,1,0,0,0
451,2025,1,1,1,0,0,0
452,2025,1,1,1,0,0,0
453,2025,1,1,1,0,0,0
454,2025,1,1,1,0,0,0
455,2025,1,1,1,0,0,0
456,2025,1,1,1,0,0,0
457,2025,1,1,1,0,0,0
458,2025,1,1,1,0,0,0
459,2025,1,1,1,0,0,0
1,2030,1,1,1,0,0,0
2,2030,1,1,1,0,0,0
3,2030,1,1,1,0,0,0
4,2030,1,1,1,0,0,0
5,2030,1,1,1,0,0,0
6,2030,1,1,1,0,0,0
7,2030,1,1,1,0,0,0
8,2030,1,1,1,0,0,0
9,2030,1,1,1,0,0,0
10,2030,1,1,1,0,0,0
11,2030,1,1,1,0,0,0
12,2030,1,1,1,0,0,0
13,2030,1,1,1,0,0,0
14,2030,1,1,1,0,0,0
15,2030,1,1,1,0,0,0
16,2030,1,1,1,0,0,0
17,2030,1,1,1,0,0,0
18,2030,1,1,1,0,0,0
19,2030,1,1,1,0,0,0
20,2030,1,1,1,0,0,0
21,2030,1,1,1,0,0,0
22,2030,1,1,1,0,0,0
23,2030,1,1,1,0,0,0
24,2030,1,1,1,0,0,0
25,2030,1,1,1,0,0,0
26,2030,1,1,1,0,0,0
27,2030,1,1,1,0,0,0
28,2030,1,1,1,0,0,0
29,2030,1,1,1,0,0,0
30,2030,1,1,1,0,0,0
31,2030,1,1,1,0,0,0
32,2030,1,1,1,0,0,0
33,2030,1,1,1,0,0,0
34,2030,1,1,1,0,0,0
35,2030,1,1,1,0,0,0
36,2030,1,1,1,0,0,0
37,2030,1,1,1,0,0,0
38,2030,1,1,1,0,0,0
39,2030,1,1,1,0,0,0
40,2030,1,1,1,0,0,0
41,2030,1,1,1,0,0,0
42,2030,1,1,1,0,0,0
43,2030,1,1,1,0,0,0
44,2030,1,1,1,0,0,0
45,2030,1,1,1,0,0,0
46,2030,1,1,1,0,0,0
47,2030,1,1,1,0,0,0
48,2030,1,1,1,0,0,0
49,2030,1,1,1,0,0,0
50,2030,1,1,1,0,0,0
51,2030,1,1,1,0,0,0
52,2030,1,1,1,0,0,0
53,2030,1,1,1,0,0,0
54,2030,1,1,1,0,0,0
55,2030,1,1,1,0,0,0
56,2030,1,1,1,0,0,0
57,2030,1,1,1,0,0,0
58,2030,1,1,1,0,0,0
59,2030,1,1,1,0,0,0
60,2030,1,1,1,0,0,0
61,2030,1,1,1,0,0,0
62,2030,1,1,1,0,0,0
63,2030,1,1,1,0,0,0
64,2030,1,1,1,0,0,0
65,2030,1,1,1,0,0,0
66,2030,1,1,1,0,0,0
67,2030,1,1,1,0,0,0
68,2030,1,1,1,0,0,0
69,2030,1,1,1,0,0,0
70,2030,1,1,1,0,0,0
71,2030,1,1,1,0,0,0
72,2030,1,1,1,0,0,0
73,2030,0.9,1,1,0,0,0
74,2030,1,1,1,0,0,0
75,2030,1,1,1,0,0,0
76,2030,1,1,1,0,0,0
77,2030,1,1,1,0,0,0
78,2030,1,1,1,0,0,0
79,2030,1,1,1,0,0,0
80,2030,1,1,1,0,0,0
81,2030,1,1,1,0,0,0
82,2030,1,1,1,0,0,0
83,2030,1,1,1,0,0,0
84,2030,1,1,1,0,0,0
85,2030,1,1,1,0,0,0
86,2030,1,1,1,0,0,0
87,2030,1,1,1,0,0,0
88,2030,1,1,1,0,0,0
89,2030,1,1,1,0,0,0
90,2030,1,1,1,0,0,0
91,2030,1,1,1,0,0,0
92,2030,1,1,1,0,0,0
93,2030,1,1,1,0,0,0
94,2030,1,1,1,0,0,0
95,2030,1,1,1,0,0,0
96,2030,1,1,1,0,0,0
97,2030,1,1,1,0,0,0
98,2030,1,1,1,0,0,0
99,2030,1,1,1,0,0,0
100,2030,1,1,1,0,0,0
101,2030,1,1,1,0,0,0
102,2030,1,1,1,0,0,0
103,2030,1,1,1,0,0,0
104,2030,1,1,1,0,0,0
105,2030,0.9,1,1,0,0,0
106,2030,0.9,1,1,0,0,0
107,2030,0.9,1,1,0,0,0
108,2030,1,1,1,0,0,0
109,2030,1,1,1,0,0,0
110,2030,1,1,1,0,0,0
111,2030,1,1,1,0,0,0
112,2030,1,1,1,0,0,0
113,2030,1,1,1,0,0,0
114,2030,1,1,1,0,0,0
115,2030,1,1,1,0,0,0
116,2030,1,1,1,0,0,0
117,2030,1,1,1,0,0,0
118,2030,1,1,1,0,0,0
119,2030,1,1,1,0,0,0
120,2030,1,1,1,0,0,0
121,2030,1,1,1,0,0,0
122,2030,1,1,1,0,0,0
123,2030,1,1,1,0,0,0
124,2030,1,1,1,0,0,0
125,2030,1,1,1,0,0,0
126,2030,1,1,1,0,0,0
127,2030,1,1,1,0,0,0
128,2030,1,1,1,0,0,0
129,2030,1,1,1,0,0,0
130,2030,1,1,1,0,0,0
131,2030,1,1,1,0,0,0
132,2030,1,1,1,0,0,0
133,2030,1,1,1,0,0,0
134,2030,1,1,1,0,0,0
135,2030,1,1,1,0,0,0
136,2030,1,1,1,0,0,0
137,2030,1,1,1,0,0,0
138,2030,1,1,1,0,0,0
139,2030,1,1,1,0,0,0
140,2030,1,1,1,0,0,0
141,2030,1,1,1,0,0,0
142,2030,1,1,1,0,0,0
143,2030,1,1,1,0,0,0
144,2030,1,1,1,0,0,0
145,2030,1,1,1,0,0,0
146,2030,1,1,1,0,0,0
147,2030,1,1,1,0,0,0
148,2030,1,1,1,0,0,0
149,2030,1,1,1,0,0,0
150,2030,1,1,1,0,0,0
151,2030,1,1,1,0,0,0
152,2030,1,1,1,0,0,0
153,2030,0.9,1,1,0,0,0
154,2030,1,1,1,0,0,0
155,2030,1,1,1,0,0,0
156,2030,1,1,1,0,0,0
157,2030,0.9,1,1,0,0,0
158,2030,1,1,1,0,0,0
159,2030,1,1,1,0,0,0
160,2030,0.9,1,1,0,0,0
161,2030,1,1,1,0,0,0
162,2030,0.9,1,1,0,0,0
163,2030,1,1,1,0,0,0
164,2030,1,1,1,0,0,0
165,2030,1,1,1,0,0,0
166,2030,1,1,1,0,0,0
167,2030,1,1,1,0,0,0
168,2030,1,1,1,0,0,0
169,2030,0.9,1,1,0,0,0
170,2030,1,1,1,0,0,0
171,2030,1,1,1,0,0,0
172,2030,1,1,1,0,0,0
173,2030,1,1,1,0,0,0
174,2030,1,1,1,0,0,0
175,2030,1,1,1,0,0,0
176,2030,1,1,1,0,0,0
177,2030,1,1,1,0,0,0
178,2030,1,1,1,0,0,0
179,2030,1,1,1,0,0,0
180,2030,1,1,1,0,0,0
181,2030,1,1,1,0,0,0
182,2030,1,1,1,0,0,0
183,2030,1,1,1,0,0,0
184,2030,1,1,1,0,0,0
185,2030,1,1,1,0,0,0
186,2030,1,1,1,0,0,0
187,2030,1,1,1,0,0,0
188,2030,1,1,1,0,0,0
189,2030,1,1,1,0,0,0
190,2030,1,1,1,0,0,0
191,2030,1,1,1,0,0,0
192,2030,1,1,1,0,0,0
193,2030,1,1,1,0,0,0
194,2030,1,1,1,0,0,0
195,2030,1,1,1,0,0,0
196,2030,1,1,1,0,0,0
197,2030,1,1,1,0,0,0
198,2030,1,1,1,0,0,0
199,2030,1,1,1,0,0,0
200,2030,1,1,1,0,0,0
201,2030,1,1,1,0,0,0
202,2030,1,1,1,0,0,0
203,2030,1,1,1,0,0,0
204,2030,1,1,1,0,0,0
205,2030,0.9,1,1,0,0,0
206,2030,1,1,1,0,0,0
207,2030,1,1,1,0,0,0
208,2030,1,1,1,0,0,0
209,2030,1,1,1,0,0,0
210,2030,1,1,1,0,0,0
211,2030,0.9,1,1,0,0,0
212,2030,0.9,1,1,0,0,0
213,2030,1,1,1,0,0,0
214,2030,1,1,1,0,0,0
215,2030,0.9,1,1,0,0,0
216,2030,1,1,1,0,0,0
217,2030,1,1,1,0,0,0
218,2030,0.9,1,1,0,0,0
219,2030,0.9,1,1,0,0,0
220,2030,0.9,1,1,0,0,0
221,2030,0.9,1,1,0,0,0
222,2030,0.9,1,1,0,0,0
223,2030,0.9,1,1,0,0,0
224,2030,0,0,0,0.9,1,1
225,2030,0,0,0,0.9,1,1
226,2030,0,0,0,0.9,1,1
227,2030,0,0,0,0.9,1,1
228,2030,0,0,0,0.9,1,1
229,2030,0.9,1,1,0,0,0
230,2030,0.9,1,1,0,0,0
231,2030,0.9,1,1,0,0,0
232,2030,0.9,1,1,0,0,0
233,2030,0.9,1,1,0,0,0
234,2030,0.9,1,1,0,0,0
235,2030,0.9,1,1,0,0,0
236,2030,0,0,0,0.9,1,1
237,2030,0,0,0,0.9,1,1
238,2030,0,0,0,0.9,1,1
239,2030,0,0,0,0.9,1,1
240,2030,0,0,0,0,0,0
241,2030,0,0,0,0.9,1,1
242,2030,0,0,0,0.9,1,1
243,2030,0,0,0,0.9,1,1
244,2030,0,0,0,0,0,0
245,2030,0,0,0,0,0,0
246,2030,0,0,0,0.9,1,1
247,2030,0,0,0,0.9,1,1
248,2030,0,0,0,0,0,0
249,2030,0,0,0,0,0,0
250,2030,0.9,1,1,0,0,0
251,2030,0,0,0,0,0,0
252,2030,1,1,1,0,0,0
253,2030,1,1,1,0,0,0
254,2030,1,1,1,0,0,0
255,2030,1,1,1,0,0,0
256,2030,1,1,1,0,0,0
257,2030,1,1,1,0,0,0
258,2030,1,1,1,0,0,0
259,2030,1,1,1,0,0,0
260,2030,1,1,1,0,0,0
261,2030,1,1,1,0,0,0
262,2030,1,1,1,0,0,0
263,2030,1,1,1,0,0,0
264,2030,1,1,1,0,0,0
265,2030,1,1,1,0,0,0
266,2030,1,1,1,0,0,0
267,2030,1,1,1,0,0,0
268,2030,1,1,1,0,0,0
269,2030,1,1,1,0,0,0
270,2030,1,1,1,0,0,0
271,2030,1,1,1,0,0,0
272,2030,1,1,1,0,0,0
273,2030,1,1,1,0,0,0
274,2030,1,1,1,0,0,0
275,2030,1,1,1,0,0,0
276,2030,1,1,1,0,0,0
277,2030,1,1,1,0,0,0
278,2030,1,1,1,0,0,0
279,2030,1,1,1,0,0,0
280,2030,0.9,1,1,0,0,0
281,2030,0.9,1,1,0,0,0
282,2030,1,1,1,0,0,0
283,2030,1,1,1,0,0,0
284,2030,1,1,1,0,0,0
285,2030,0.9,1,1,0,0,0
286,2030,1,1,1,0,0,0
287,2030,1,1,1,0,0,0
288,2030,1,1,1,0,0,0
289,2030,1,1,1,0,0,0
290,2030,1,1,1,0,0,0
291,2030,1,1,1,0,0,0
292,2030,1,1,1,0,0,0
293,2030,1,1,1,0,0,0
294,2030,1,1,1,0,0,0
295,2030,1,1,1,0,0,0
296,2030,1,1,1,0,0,0
297,2030,1,1,1,0,0,0
298,2030,1,1,1,0,0,0
299,2030,1,1,1,0,0,0
300,2030,0.9,1,1,0,0,0
301,2030,1,1,1,0,0,0
302,2030,1,1,1,0,0,0
303,2030,1,1,1,0,0,0
304,2030,1,1,1,0,0,0
305,2030,1,1,1,0,0,0
306,2030,1,1,1,0,0,0
307,2030,1,1,1,0,0,0
308,2030,1,1,1,0,0,0
309,2030,1,1,1,0,0,0
310,2030,0.9,1,1,0,0,0
311,2030,1,1,1,0,0,0
312,2030,1,1,1,0,0,0
313,2030,1,1,1,0,0,0
314,2030,1,1,1,0,0,0
315,2030,1,1,1,0,0,0
316,2030,1,1,1,0,0,0
317,2030,1,1,1,0,0,0
318,2030,1,1,1,0,0,0
319,2030,0.9,1,1,0,0,0
320,2030,0.9,1,1,0,0,0
321,2030,0.9,1,1,0,0,0
322,2030,1,1,1,0,0,0
323,2030,1,1,1,0,0,0
324,2030,0.9,1,1,0,0,0
325,2030,0.9,1,1,0,0,0
326,2030,0.9,1,1,0,0,0
327,2030,1,1,1,0,0,0
328,2030,1,1,1,0,0,0
329,2030,1,1,1,0,0,0
330,2030,1,1,1,0,0,0
331,2030,1,1,1,0,0,0
332,2030,1,1,1,0,0,0
333,2030,1,1,1,0,0,0
334,2030,1,1,1,0,0,0
335,2030,1,1,1,0,0,0
336,2030,0.9,1,1,0,0,0
337,2030,1,1,1,0,0,0
338,2030,1,1,1,0,0,0
339,2030,1,1,1,0,0,0
340,2030,1,1,1,0,0,0
341,2030,1,1,1,0,0,0
342,2030,1,1,1,0,0,0
343,2030,0.9,1,1,0,0,0
344,2030,0.9,1,1,0,0,0
345,2030,0.9,1,1,0,0,0
346,2030,0.9,1,1,0,0,0
347,2030,0,0,0,0.9,1,1
348,2030,1,1,1,0,0,0
349,2030,0.9,1,1,0,0,0
350,2030,0.9,1,1,0,0,0
351,2030,0.9,1,1,0,0,0
352,2030,0.9,1,1,0,0,0
353,2030,0,0,0,0,0,0
354,2030,0,0,0,0.9,1,1
355,2030,0,0,0,0,0,0
356,2030,0,0,0,0.9,1,1
357,2030,0,0,0,0.9,1,1
358,2030,0,0,0,0.9,1,1
359,2030,0,0,0,0.9,1,1
360,2030,0,0,0,0.9,1,1
361,2030,0,0,0,0.9,1,1
362,2030,0,0,0,0.9,1,1
363,2030,0.9,1,1,0,0,0
364,2030,1,1,1,0,0,0
365,2030,0.9,1,1,0,0,0
366,2030,0.9,1,1,0,0,0
367,2030,1,1,1,0,0,0
368,2030,1,1,1,0,0,0
369,2030,1,1,1,0,0,0
370,2030,0.9,1,1,0,0,0
371,2030,1,1,1,0,0,0
372,2030,0.9,1,1,0,0,0
373,2030,0,0,0,0,0,0
374,2030,0.9,1,1,0,0,0
375,2030,0.9,1,1,0,0,0
376,2030,0.9,1,1,0,0,0
377,2030,1,1,1,0,0,0
378,2030,0.9,1,1,0,0,0
379,2030,0,0,0,0,0,0
380,2030,0.9,1,1,0,0,0
381,2030,0.9,1,1,0,0,0
382,2030,0.9,1,1,0,0,0
383,2030,0.9,1,1,0,0,0
384,2030,1,1,1,0,0,0
385,2030,1,1,1,0,0,0
386,2030,1,1,1,0,0,0
387,2030,1,1,1,0,0,0
388,2030,1,1,1,0,0,0
389,2030,0.9,1,1,0,0,0
390,2030,0.9,1,1,0,0,0
391,2030,1,1,1,0,0,0
392,2030,0.9,1,1,0,0,0
393,2030,1,1,1,0,0,0
394,2030,0.9,1,1,0,0,0
395,2030,1,1,1,0,0,0
396,2030,1,1,1,0,0,0
397,2030,1,1,1,0,0,0
398,2030,1,1,1,0,0,0
399,2030,1,1,1,0,0,0
400,2030,0.9,1,1,0,0,0
401,2030,0.9,1,1,0,0,0
402,2030,1,1,1,0,0,0
403,2030,1,1,1,0,0,0
404,2030,1,1,1,0,0,0
405,2030,1,1,1,0,0,0
406,2030,0.9,1,1,0,0,0
407,2030,1,1,1,0,0,0
408,2030,1,1,1,0,0,0
409,2030,1,1,1,0,0,0
410,2030,1,1,1,0,0,0
411,2030,1,1,1,0,0,0
412,2030,1,1,1,0,0,0
413,2030,1,1,1,0,0,0
414,2030,1,1,1,0,0,0
415,2030,1,1,1,0,0,0
416,2030,1,1,1,0,0,0
417,2030,1,1,1,0,0,0
418,2030,1,1,1,0,0,0
419,2030,1,1,1,0,0,0
420,2030,1,1,1,0,0,0
421,2030,1,1,1,0,0,0
422,2030,1,1,1,0,0,0
423,2030,1,1,1,0,0,0
424,2030,1,1,1,0,0,0
425,2030,1,1,1,0,0,0
426,2030,1,1,1,0,0,0
427,2030,1,1,1,0,0,0
428,2030,1,1,1,0,0,0
429,2030,1,1,1,0,0,0
430,2030,1,1,1,0,0,0
431,2030,1,1,1,0,0,0
432,2030,1,1,1,0,0,0
433,2030,1,1,1,0,0,0
434,2030,0.9,1,1,0,0,0
435,2030,1,1,1,0,0,0
436,2030,0.9,1,1,0,0,0
437,2030,1,1,1,0,0,0
438,2030,1,1,1,0,0,0
439,2030,1,1,1,0,0,0
440,2030,1,1,1,0,0,0
441,2030,1,1,1,0,0,0
442,2030,1,1,1,0,0,0
443,2030,0.9,1,1,0,0,0
444,2030,1,1,1,0,0,0
445,2030,1,1,1,0,0,0
446,2030,1,1,1,0,0,0
447,2030,1,1,1,0,0,0
448,2030,1,1,1,0,0,0
449,2030,1,1,1,0,0,0
450,2030,1,1,1,0,0,0
451,2030,1,1,1,0,0,0
452,2030,1,1,1,0,0,0
453,2030,1,1,1,0,0,0
454,2030,1,1,1,0,0,0
455,2030,1,1,1,0,0,0
456,2030,1,1,1,0,0,0
457,2030,1,1,1,0,0,0
458,2030,1,1,1,0,0,0
459,2030,1,1,1,0,0,0
1,2035,1,1,1,0,0,0
2,2035,1,1,1,0,0,0
3,2035,1,1,1,0,0,0
4,2035,1,1,1,0,0,0
5,2035,1,1,1,0,0,0
6,2035,1,1,1,0,0,0
7,2035,1,1,1,0,0,0
8,2035,1,1,1,0,0,0
9,2035,1,1,1,0,0,0
10,2035,1,1,1,0,0,0
11,2035,1,1,1,0,0,0
12,2035,1,1,1,0,0,0
13,2035,1,1,1,0,0,0
14,2035,1,1,1,0,0,0
15,2035,1,1,1,0,0,0
16,2035,1,1,1,0,0,0
17,2035,1,1,1,0,0,0
18,2035,1,1,1,0,0,0
19,2035,1,1,1,0,0,0
20,2035,1,1,1,0,0,0
21,2035,1,1,1,0,0,0
22,2035,1,1,1,0,0,0
23,2035,1,1,1,0,0,0
24,2035,1,1,1,0,0,0
25,2035,1,1,1,0,0,0
26,2035,1,1,1,0,0,0
27,2035,1,1,1,0,0,0
28,2035,1,1,1,0,0,0
29,2035,1,1,1,0,0,0
30,2035,1,1,1,0,0,0
31,2035,1,1,1,0,0,0
32,2035,1,1,1,0,0,0
33,2035,1,1,1,0,0,0
34,2035,1,1,1,0,0,0
35,2035,1,1,1,0,0,0
36,2035,1,1,1,0,0,0
37,2035,1,1,1,0,0,0
38,2035,1,1,1,0,0,0
39,2035,1,1,1,0,0,0
40,2035,1,1,1,0,0,0
41,2035,1,1,1,0,0,0
42,2035,1,1,1,0,0,0
43,2035,1,1,1,0,0,0
44,2035,1,1,1,0,0,0
45,2035,1,1,1,0,0,0
46,2035,1,1,1,0,0,0
47,2035,1,1,1,0,0,0
48,2035,1,1,1,0,0,0
49,2035,1,1,1,0,0,0
50,2035,1,1,1,0,0,0
51,2035,1,1,1,0,0,0
52,2035,1,1,1,0,0,0
53,2035,1,1,1,0,0,0
54,2035,1,1,1,0,0,0
55,2035,1,1,1,0,0,0
56,2035,1,1,1,0,0,0
57,2035,1,1,1,0,0,0
58,2035,1,1,1,0,0,0
59,2035,1,1,1,0,0,0
60,2035,1,1,1,0,0,0
61,2035,1,1,1,0,0,0
62,2035,1,1,1,0,0,0
63,2035,1,1,1,0,0,0
64,2035,1,1,1,0,0,0
65,2035,1,1,1,0,0,0
66,2035,1,1,1,0,0,0
67,2035,1,1,1,0,0,0
68,2035,1,1,1,0,0,0
69,2035,1,1,1,0,0,0
70,2035,1,1,1,0,0,0
71,2035,1,1,1,0,0,0
72,2035,1,1,1,0,0,0
73,2035,0.9,1,1,0,0,0
74,2035,1,1,1,0,0,0
75,2035,1,1,1,0,0,0
76,2035,1,1,1,0,0,0
77,2035,1,1,1,0,0,0
78,2035,1,1,1,0,0,0
79,2035,1,1,1,0,0,0
80,2035,1,1,1,0,0,0
81,2035,1,1,1,0,0,0
82,2035,1,1,1,0,0,0
83,2035,1,1,1,0,0,0
84,2035,1,1,1,0,0,0
85,2035,1,1,1,0,0,0
86,2035,1,1,1,0,0,0
87,2035,1,1,1,0,0,0
88,2035,1,1,1,0,0,0
89,2035,1,1,1,0,0,0
90,2035,1,1,1,0,0,0
91,2035,1,1,1,0,0,0
92,2035,1,1,1,0,0,0
93,2035,1,1,1,0,0,0
94,2035,1,1,1,0,0,0
95,2035,1,1,1,0,0,0
96,2035,1,1,1,0,0,0
97,2035,1,1,1,0,0,0
98,2035,1,1,1,0,0,0
99,2035,1,1,1,0,0,0
100,2035,1,1,1,0,0,0
101,2035,1,1,1,0,0,0
102,2035,1,1,1,0,0,0
103,2035,1,1,1,0,0,0
104,2035,1,1,1,0,0,0
105,2035,0.9,1,1,0,0,0
106,2035,0.9,1,1,0,0,0
107,2035,0.9,1,1,0,0,0
108,2035,1,1,1,0,0,0
109,2035,1,1,1,0,0,0
110,2035,1,1,1,0,0,0
111,2035,1,1,1,0,0,0
112,2035,1,1,1,0,0,0
113,2035,1,1,1,0,0,0
114,2035,1,1,1,0,0,0
115,2035,1,1,1,0,0,0
116,2035,1,1,1,0,0,0
117,2035,1,1,1,0,0,0
118,2035,1,1,1,0,0,0
119,2035,1,1,1,0,0,0
120,2035,1,1,1,0,0,0
121,2035,1,1,1,0,0,0
122,2035,1,1,1,0,0,0
123,2035,1,1,1,0,0,0
124,2035,1,1,1,0,0,0
125,2035,1,1,1,0,0,0
126,2035,1,1,1,0,0,0
127,2035,1,1,1,0,0,0
128,2035,1,1,1,0,0,0
129,2035,1,1,1,0,0,0
130,2035,1,1,1,0,0,0
131,2035,1,1,1,0,0,0
132,2035,1,1,1,0,0,0
133,2035,1,1,1,0,0,0
134,2035,1,1,1,0,0,0
135,2035,1,1,1,0,0,0
136,2035,1,1,1,0,0,0
137,2035,1,1,1,0,0,0
138,2035,1,1,1,0,0,0
139,2035,1,1,1,0,0,0
140,2035,1,1,1,0,0,0
141,2035,1,1,1,0,0,0
142,2035,1,1,1,0,0,0
143,2035,1,1,1,0,0,0
144,2035,1,1,1,0,0,0
145,2035,1,1,1,0,0,0
146,2035,1,1,1,0,0,0
147,2035,1,1,1,0,0,0
148,2035,1,1,1,0,0,0
149,2035,1,1,1,0,0,0
150,2035,1,1,1,0,0,0
151,2035,1,1,1,0,0,0
152,2035,1,1,1,0,0,0
153,2035,0.9,1,1,0,0,0
154,2035,1,1,1,0,0,0
155,2035,1,1,1,0,0,0
156,2035,1,1,1,0,0,0
157,2035,0.9,1,1,0,0,0
158,2035,1,1,1,0,0,0
159,2035,1,1,1,0,0,0
160,2035,0.9,1,1,0,0,0
161,2035,1,1,1,0,0,0
162,2035,0.9,1,1,0,0,0
163,2035,1,1,1,0,0,0
164,2035,1,1,1,0,0,0
165,2035,1,1,1,0,0,0
166,2035,1,1,1,0,0,0
167,2035,1,1,1,0,0,0
168,2035,1,1,1,0,0,0
169,2035,0.9,1,1,0,0,0
170,2035,1,1,1,0,0,0
171,2035,1,1,1,0,0,0
172,2035,1,1,1,0,0,0
173,2035,1,1,1,0,0,0
174,2035,1,1,1,0,0,0
175,2035,1,1,1,0,0,0
176,2035,1,1,1,0,0,0
177,2035,1,1,1,0,0,0
178,2035,1,1,1,0,0,0
179,2035,1,1,1,0,0,0
180,2035,1,1,1,0,0,0
181,2035,1,1,1,0,0,0
182,2035,1,1,1,0,0,0
183,2035,1,1,1,0,0,0
184,2035,1,1,1,0,0,0
185,2035,1,1,1,0,0,0
186,2035,1,1,1,0,0,0
187,2035,1,1,1,0,0,0
188,2035,1,1,1,0,0,0
189,2035,1,1,1,0,0,0
190,2035,1,1,1,0,0,0
191,2035,1,1,1,0,0,0
192,2035,1,1,1,0,0,0
193,2035,1,1,1,0,0,0
194,2035,1,1,1,0,0,0
195,2035,1,1,1,0,0,0
196,2035,1,1,1,0,0,0
197,2035,1,1,1,0,0,0
198,2035,1,1,1,0,0,0
199,2035,1,1,1,0,0,0
200,2035,1,1,1,0,0,0
201,2035,1,1,1,0,0,0
202,2035,1,1,1,0,0,0
203,2035,1,1,1,0,0,0
204,2035,1,1,1,0,0,0
205,2035,0.9,1,1,0,0,0
206,2035,1,1,1,0,0,0
207,2035,1,1,1,0,0,0
208,2035,1,1,1,0,0,0
209,2035,1,1,1,0,0,0
210,2035,1,1,1,0,0,0
211,2035,0.9,1,1,0,0,0
212,2035,0.9,1,1,0,0,0
213,2035,1,1,1,0,0,0
214,2035,1,1,1,0,0,0
215,2035,0.9,1,1,0,0,0
216,2035,1,1,1,0,0,0
217,2035,1,1,1,0,0,0
218,2035,0.9,1,1,0,0,0
219,2035,0.9,1,1,0,0,0
220,2035,0.9,1,1,0,0,0
221,2035,0.9,1,1,0,0,0
222,2035,0.9,1,1,0,0,0
223,2035,0.9,1,1,0,0,0
224,2035,0,0,0,0.9,1,1
225,2035,0,0,0,0.9,1,1
226,2035,0,0,0,0.9,1,1
227,2035,0,0,0,0.9,1,1
228,2035,0,0,0,0.9,1,1
229,2035,0.9,1,1,0,0,0
230,2035,0.9,1,1,0,0,0
231,2035,0.9,1,1,0,0,0
232,2035,0.9,1,1,0,0,0
233,2035,0.9,1,1,0,0,0
234,2035,0.9,1,1,0,0,0
235,2035,0.9,1,1,0,0,0
236,2035,0,0,0,0.9,1,1
237,2035,0,0,0,0.9,1,1
238,2035,0,0,0,0.9,1,1
239,2035,0,0,0,0.9,1,1
240,2035,0,0,0,0,0,0
241,2035,0,0,0,0.9,1,1
242,2035,0,0,0,0.9,1,1
243,2035,0,0,0,0.9,1,1
244,2035,0,0,0,0,0,0
245,2035,0,0,0,0,0,0
246,2035,0,0,0,0.9,1,1
247,2035,0,0,0,0.9,1,1
248,2035,0,0,0,0,0,0
249,2035,0,0,0,0,0,0
250,2035,0.9,1,1,0,0,0
251,2035,0,0,0,0,0,0
252,2035,1,1,1,0,0,0
253,2035,1,1,1,0,0,0
254,2035,1,1,1,0,0,0
255,2035,1,1,1,0,0,0
256,2035,1,1,1,0,0,0
257,2035,1,1,1,0,0,0
258,2035,1,1,1,0,0,0
259,2035,1,1,1,0,0,0
260,2035,1,1,1,0,0,0
261,2035,1,1,1,0,0,0
262,2035,1,1,1,0,0,0
263,2035,1,1,1,0,0,0
264,2035,1,1,1,0,0,0
265,2035,1,1,1,0,0,0
266,2035,1,1,1,0,0,0
267,2035,1,1,1,0,0,0
268,2035,1,1,1,0,0,0
269,2035,1,1,1,0,0,0
270,2035,1,1,1,0,0,0
271,2035,1,1,1,0,0,0
272,2035,1,1,1,0,0,0
273,2035,1,1,1,0,0,0
274,2035,1,1,1,0,0,0
275,2035,1,1,1,0,0,0
276,2035,1,1,1,0,0,0
277,2035,1,1,1,0,0,0
278,2035,1,1,1,0,0,0
279,2035,1,1,1,0,0,0
280,2035,0.9,1,1,0,0,0
281,2035,0.9,1,1,0,0,0
282,2035,1,1,1,0,0,0
283,2035,1,1,1,0,0,0
284,2035,1,1,1,0,0,0
285,2035,0.9,1,1,0,0,0
286,2035,1,1,1,0,0,0
287,2035,1,1,1,0,0,0
288,2035,1,1,1,0,0,0
289,2035,1,1,1,0,0,0
290,2035,1,1,1,0,0,0
291,2035,1,1,1,0,0,0
292,2035,1,1,1,0,0,0
293,2035,1,1,1,0,0,0
294,2035,1,1,1,0,0,0
295,2035,1,1,1,0,0,0
296,2035,1,1,1,0,0,0
297,2035,1,1,1,0,0,0
298,2035,1,1,1,0,0,0
299,2035,1,1,1,0,0,0
300,2035,0.9,1,1,0,0,0
301,2035,1,1,1,0,0,0
302,2035,1,1,1,0,0,0
303,2035,1,1,1,0,0,0
304,2035,1,1,1,0,0,0
305,2035,1,1,1,0,0,0
306,2035,1,1,1,0,0,0
307,2035,1,1,1,0,0,0
308,2035,1,1,1,0,0,0
309,2035,1,1,1,0,0,0
310,2035,0.9,1,1,0,0,0
311,2035,1,1,1,0,0,0
312,2035,1,1,1,0,0,0
313,2035,1,1,1,0,0,0
314,2035,1,1,1,0,0,0
315,2035,1,1,1,0,0,0
316,2035,1,1,1,0,0,0
317,2035,1,1,1,0,0,0
318,2035,1,1,1,0,0,0
319,2035,0.9,1,1,0,0,0
320,2035,0.9,1,1,0,0,0
321,2035,0.9,1,1,0,0,0
322,2035,1,1,1,0,0,0
323,2035,1,1,1,0,0,0
324,2035,0.9,1,1,0,0,0
325,2035,0.9,1,1,0,0,0
326,2035,0.9,1,1,0,0,0
327,2035,1,1,1,0,0,0
328,2035,1,1,1,0,0,0
329,2035,1,1,1,0,0,0
330,2035,1,1,1,0,0,0
331,2035,1,1,1,0,0,0
332,2035,1,1,1,0,0,0
333,2035,1,1,1,0,0,0
334,2035,1,1,1,0,0,0
335,2035,1,1,1,0,0,0
336,2035,0.9,1,1,0,0,0
337,2035,1,1,1,0,0,0
338,2035,1,1,1,0,0,0
339,2035,1,1,1,0,0,0
340,2035,1,1,1,0,0,0
341,2035,1,1,1,0,0,0
342,2035,1,1,1,0,0,0
343,2035,0.9,1,1,0,0,0
344,2035,0.9,1,1,0,0,0
345,2035,0.9,1,1,0,0,0
346,2035,0.9,1,1,0,0,0
347,2035,0,0,0,0.9,1,1
348,2035,1,1,1,0,0,0
349,2035,0.9,1,1,0,0,0
350,2035,0.9,1,1,0,0,0
351,2035,0.9,1,1,0,0,0
352,2035,0.9,1,1,0,0,0
353,2035,0,0,0,0,0,0
354,2035,0,0,0,0.9,1,1
355,2035,0,0,0,0,0,0
356,2035,0,0,0,0.9,1,1
357,2035,0,0,0,0.9,1,1
358,2035,0,0,0,0.9,1,1
359,2035,0,0,0,0.9,1,1
360,2035,0,0,0,0.9,1,1
361,2035,0,0,0,0.9,1,1
362,2035,0,0,0,0.9,1,1
363,2035,0.9,1,1,0,0,0
364,2035,1,1,1,0,0,0
365,2035,0.9,1,1,0,0,0
366,2035,0.9,1,1,0,0,0
367,2035,1,1,1,0,0,0
368,2035,1,1,1,0,0,0
369,2035,1,1,1,0,0,0
370,2035,0.9,1,1,0,0,0
371,2035,1,1,1,0,0,0
372,2035,0.9,1,1,0,0,0
373,2035,0,0,0,0,0,0
374,2035,0.9,1,1,0,0,0
375,2035,0.9,1,1,0,0,0
376,2035,0.9,1,1,0,0,0
377,2035,1,1,1,0,0,0
378,2035,0.9,1,1,0,0,0
379,2035,0,0,0,0,0,0
380,2035,0.9,1,1,0,0,0
381,2035,0.9,1,1,0,0,0
382,2035,0.9,1,1,0,0,0
383,2035,0.9,1,1,0,0,0
384,2035,1,1,1,0,0,0
385,2035,1,1,1,0,0,0
386,2035,1,1,1,0,0,0
387,2035,1,1,1,0,0,0
388,2035,1,1,1,0,0,0
389,2035,0.9,1,1,0,0,0
390,2035,0.9,1,1,0,0,0
391,2035,1,1,1,0,0,0
392,2035,0.9,1,1,0,0,0
393,2035,1,1,1,0,0,0
394,2035,0.9,1,1,0,0,0
395,2035,1,1,1,0,0,0
396,2035,1,1,1,0,0,0
397,2035,1,1,1,0,0,0
398,2035,1,1,1,0,0,0
399,2035,1,1,1,0,0,0
400,2035,0.9,1,1,0,0,0
401,2035,0.9,1,1,0,0,0
402,2035,1,1,1,0,0,0
403,2035,1,1,1,0,0,0
404,2035,1,1,1,0,0,0
405,2035,1,1,1,0,0,0
406,2035,0.9,1,1,0,0,0
407,2035,1,1,1,0,0,0
408,2035,1,1,1,0,0,0
409,2035,1,1,1,0,0,0
410,2035,1,1,1,0,0,0
411,2035,1,1,1,0,0,0
412,2035,1,1,1,0,0,0
413,2035,1,1,1,0,0,0
414,2035,1,1,1,0,0,0
415,2035,1,1,1,0,0,0
416,2035,1,1,1,0,0,0
417,2035,1,1,1,0,0,0
418,2035,1,1,1,0,0,0
419,2035,1,1,1,0,0,0
420,2035,1,1,1,0,0,0
421,2035,1,1,1,0,0,0
422,2035,1,1,1,0,0,0
423,2035,1,1,1,0,0,0
424,2035,1,1,1,0,0,0
425,2035,1,1,1,0,0,0
426,2035,1,1,1,0,0,0
427,2035,1,1,1,0,0,0
428,2035,1,1,1,0,0,0
429,2035,1,1,1,0,0,0
430,2035,1,1,1,0,0,0
431,2035,1,1,1,0,0,0
432,2035,1,1,1,0,0,0
433,2035,1,1,1,0,0,0
434,2035,0.9,1,1,0,0,0
435,2035,1,1,1,0,0,0
436,2035,0.9,1,1,0,0,0
437,2035,1,1,1,0,0,0
438,2035,1,1,1,0,0,0
439,2035,1,1,1,0,0,0
440,2035,1,1,1,0,0,0
441,2035,1,1,1,0,0,0
442,2035,1,1,1,0,0,0
443,2035,0.9,1,1,0,0,0
444,2035,1,1,1,0,0,0
445,2035,1,1,1,0,0,0
446,2035,1,1,1,0,0,0
447,2035,1,1,1,0,0,0
448,2035,1,1,1,0,0,0
449,2035,1,1,1,0,0,0
450,2035,1,1,1,0,0,0
451,2035,1,1,1,0,0,0
452,2035,1,1,1,0,0,0
453,2035,1,1,1,0,0,0
454,2035,1,1,1,0,0,0
455,2035,1,1,1,0,0,0
456,2035,1,1,1,0,0,0
457,2035,1,1,1,0,0,0
458,2035,1,1,1,0,0,0
459,2035,1,1,1,0,0,0
1,2040,1,1,1,0,0,0
2,2040,1,1,1,0,0,0
3,2040,1,1,1,0,0,0
4,2040,1,1,1,0,0,0
5,2040,1,1,1,0,0,0
6,2040,1,1,1,0,0,0
7,2040,1,1,1,0,0,0
8,2040,1,1,1,0,0,0
9,2040,1,1,1,0,0,0
10,2040,1,1,1,0,0,0
11,2040,1,1,1,0,0,0
12,2040,1,1,1,0,0,0
13,2040,1,1,1,0,0,0
14,2040,1,1,1,0,0,0
15,2040,1,1,1,0,0,0
16,2040,1,1,1,0,0,0
17,2040,1,1,1,0,0,0
18,2040,1,1,1,0,0,0
19,2040,1,1,1,0,0,0
20,2040,1,1,1,0,0,0
21,2040,1,1,1,0,0,0
22,2040,1,1,1,0,0,0
23,2040,1,1,1,0,0,0
24,2040,1,1,1,0,0,0
25,2040,1,1,1,0,0,0
26,2040,1,1,1,0,0,0
27,2040,1,1,1,0,0,0
28,2040,1,1,1,0,0,0
29,2040,1,1,1,0,0,0
30,2040,1,1,1,0,0,0
31,2040,1,1,1,0,0,0
32,2040,1,1,1,0,0,0
33,2040,1,1,1,0,0,0
34,2040,1,1,1,0,0,0
35,2040,1,1,1,0,0,0
36,2040,1,1,1,0,0,0
37,2040,1,1,1,0,0,0
38,2040,1,1,1,0,0,0
39,2040,1,1,1,0,0,0
40,2040,1,1,1,0,0,0
41,2040,1,1,1,0,0,0
42,2040,1,1,1,0,0,0
43,2040,1,1,1,0,0,0
44,2040,1,1,1,0,0,0
45,2040,1,1,1,0,0,0
46,2040,1,1,1,0,0,0
47,2040,1,1,1,0,0,0
48,2040,1,1,1,0,0,0
49,2040,1,1,1,0,0,0
50,2040,1,1,1,0,0,0
51,2040,1,1,1,0,0,0
52,2040,1,1,1,0,0,0
53,2040,1,1,1,0,0,0
54,2040,1,1,1,0,0,0
55,2040,1,1,1,0,0,0
56,2040,1,1,1,0,0,0
57,2040,1,1,1,0,0,0
58,2040,1,1,1,0,0,0
59,2040,1,1,1,0,0,0
60,2040,1,1,1,0,0,0
61,2040,1,1,1,0,0,0
62,2040,1,1,1,0,0,0
63,2040,1,1,1,0,0,0
64,2040,1,1,1,0,0,0
65,2040,1,1,1,0,0,0
66,2040,1,1,1,0,0,0
67,2040,1,1,1,0,0,0
68,2040,1,1,1,0,0,0
69,2040,1,1,1,0,0,0
70,2040,1,1,1,0,0,0
71,2040,1,1,1,0,0,0
72,2040,1,1,1,0,0,0
73,2040,0.9,1,1,0,0,0
74,2040,1,1,1,0,0,0
75,2040,1,1,1,0,0,0
76,2040,1,1,1,0,0,0
77,2040,1,1,1,0,0,0
78,2040,1,1,1,0,0,0
79,2040,1,1,1,0,0,0
80,2040,1,1,1,0,0,0
81,2040,1,1,1,0,0,0
82,2040,1,1,1,0,0,0
83,2040,1,1,1,0,0,0
84,2040,1,1,1,0,0,0
85,2040,1,1,1,0,0,0
86,2040,1,1,1,0,0,0
87,2040,1,1,1,0,0,0
88,2040,1,1,1,0,0,0
89,2040,1,1,1,0,0,0
90,2040,1,1,1,0,0,0
91,2040,1,1,1,0,0,0
92,2040,1,1,1,0,0,0
93,2040,1,1,1,0,0,0
94,2040,1,1,1,0,0,0
95,2040,1,1,1,0,0,0
96,2040,1,1,1,0,0,0
97,2040,1,1,1,0,0,0
98,2040,1,1,1,0,0,0
99,2040,1,1,1,0,0,0
100,2040,1,1,1,0,0,0
101,2040,1,1,1,0,0,0
102,2040,1,1,1,0,0,0
103,2040,1,1,1,0,0,0
104,2040,1,1,1,0,0,0
105,2040,0.9,1,1,0,0,0
106,2040,0.9,1,1,0,0,0
107,2040,0.9,1,1,0,0,0
108,2040,1,1,1,0,0,0
109,2040,1,1,1,0,0,0
110,2040,1,1,1,0,0,0
111,2040,1,1,1,0,0,0
112,2040,1,1,1,0,0,0
113,2040,1,1,1,0,0,0
114,2040,1,1,1,0,0,0
115,2040,1,1,1,0,0,0
116,2040,1,1,1,0,0,0
117,2040,1,1,1,0,0,0
118,2040,1,1,1,0,0,0
119,2040,1,1,1,0,0,0
120,2040,1,1,1,0,0,0
121,2040,1,1,1,0,0,0
122,2040,1,1,1,0,0,0
123,2040,1,1,1,0,0,0
124,2040,1,1,1,0,0,0
125,2040,1,1,1,0,0,0
126,2040,1,1,1,0,0,0
127,2040,1,1,1,0,0,0
128,2040,1,1,1,0,0,0
129,2040,1,1,1,0,0,0
130,2040,1,1,1,0,0,0
131,2040,1,1,1,0,0,0
132,2040,1,1,1,0,0,0
133,2040,1,1,1,0,0,0
134,2040,1,1,1,0,0,0
135,2040,1,1,1,0,0,0
136,2040,1,1,1,0,0,0
137,2040,1,1,1,0,0,0
138,2040,1,1,1,0,0,0
139,2040,1,1,1,0,0,0
140,2040,1,1,1,0,0,0
141,2040,1,1,1,0,0,0
142,2040,1,1,1,0,0,0
143,2040,1,1,1,0,0,0
144,2040,1,1,1,0,0,0
145,2040,1,1,1,0,0,0
146,2040,1,1,1,0,0,0
147,2040,1,1,1,0,0,0
148,2040,1,1,1,0,0,0
149,2040,1,1,1,0,0,0
150,2040,1,1,1,0,0,0
151,2040,1,1,1,0,0,0
152,2040,1,1,1,0,0,0
153,2040,0.9,1,1,0,0,0
154,2040,1,1,1,0,0,0
155,2040,1,1,1,0,0,0
156,2040,1,1,1,0,0,0
157,2040,0.9,1,1,0,0,0
158,2040,1,1,1,0,0,0
159,2040,1,1,1,0,0,0
160,2040,0.9,1,1,0,0,0
161,2040,1,1,1,0,0,0
162,2040,0.9,1,1,0,0,0
163,2040,1,1,1,0,0,0
164,2040,1,1,1,0,0,0
165,2040,1,1,1,0,0,0
166,2040,1,1,1,0,0,0
167,2040,1,1,1,0,0,0
168,2040,1,1,1,0,0,0
169,2040,0.9,1,1,0,0,0
170,2040,1,1,1,0,0,0
171,2040,1,1,1,0,0,0
172,2040,1,1,1,0,0,0
173,2040,1,1,1,0,0,0
174,2040,1,1,1,0,0,0
175,2040,1,1,1,0,0,0
176,2040,1,1,1,0,0,0
177,2040,1,1,1,0,0,0
178,2040,1,1,1,0,0,0
179,2040,1,1,1,0,0,0
180,2040,1,1,1,0,0,0
181,2040,1,1,1,0,0,0
182,2040,1,1,1,0,0,0
183,2040,1,1,1,0,0,0
184,2040,1,1,1,0,0,0
185,2040,1,1,1,0,0,0
186,2040,1,1,1,0,0,0
187,2040,1,1,1,0,0,0
188,2040,1,1,1,0,0,0
189,2040,1,1,1,0,0,0
190,2040,1,1,1,0,0,0
191,2040,1,1,1,0,0,0
192,2040,1,1,1,0,0,0
193,2040,1,1,1,0,0,0
194,2040,1,1,1,0,0,0
195,2040,1,1,1,0,0,0
196,2040,1,1,1,0,0,0
197,2040,1,1,1,0,0,0
198,2040,1,1,1,0,0,0
199,2040,1,1,1,0,0,0
200,2040,1,1,1,0,0,0
201,2040,1,1,1,0,0,0
202,2040,1,1,1,0,0,0
203,2040,1,1,1,0,0,0
204,2040,1,1,1,0,0,0
205,2040,0.9,1,1,0,0,0
206,2040,1,1,1,0,0,0
207,2040,1,1,1,0,0,0
208,2040,1,1,1,0,0,0
209,2040,1,1,1,0,0,0
210,2040,1,1,1,0,0,0
211,2040,0.9,1,1,0,0,0
212,2040,0.9,1,1,0,0,0
213,2040,1,1,1,0,0,0
214,2040,1,1,1,0,0,0
215,2040,0.9,1,1,0,0,0
216,2040,1,1,1,0,0,0
217,2040,1,1,1,0,0,0
218,2040,0.9,1,1,0,0,0
219,2040,0.9,1,1,0,0,0
220,2040,0.9,1,1,0,0,0
221,2040,0.9,1,1,0,0,0
222,2040,0.9,1,1,0,0,0
223,2040,0.9,1,1,0,0,0
224,2040,0,0,0,0.9,1,1
225,2040,0,0,0,0.9,1,1
226,2040,0,0,0,0.9,1,1
227,2040,0,0,0,0.9,1,1
228,2040,0,0,0,0.9,1,1
229,2040,0.9,1,1,0,0,0
230,2040,0.9,1,1,0,0,0
231,2040,0.9,1,1,0,0,0
232,2040,0.9,1,1,0,0,0
233,2040,0.9,1,1,0,0,0
234,2040,0.9,1,1,0,0,0
235,2040,0.9,1,1,0,0,0
236,2040,0,0,0,0.9,1,1
237,2040,0,0,0,0.9,1,1
238,2040,0,0,0,0.9,1,1
239,2040,0,0,0,0.9,1,1
240,2040,0,0,0,0,0,0
241,2040,0,0,0,0.9,1,1
242,2040,0,0,0,0.9,1,1
243,2040,0,0,0,0.9,1,1
244,2040,0,0,0,0,0,0
245,2040,0,0,0,0,0,0
246,2040,0,0,0,0.9,1,1
247,2040,0,0,0,0.9,1,1
248,2040,0,0,0,0,0,0
249,2040,0,0,0,0,0,0
250,2040,0.9,1,1,0,0,0
251,2040,0,0,0,0,0,0
252,2040,1,1,1,0,0,0
253,2040,1,1,1,0,0,0
254,2040,1,1,1,0,0,0
255,2040,1,1,1,0,0,0
256,2040,1,1,1,0,0,0
257,2040,1,1,1,0,0,0
258,2040,1,1,1,0,0,0
259,2040,1,1,1,0,0,0
260,2040,1,1,1,0,0,0
261,2040,1,1,1,0,0,0
262,2040,1,1,1,0,0,0
263,2040,1,1,1,0,0,0
264,2040,1,1,1,0,0,0
265,2040,1,1,1,0,0,0
266,2040,1,1,1,0,0,0
267,2040,1,1,1,0,0,0
268,2040,1,1,1,0,0,0
269,2040,1,1,1,0,0,0
270,2040,1,1,1,0,0,0
271,2040,1,1,1,0,0,0
272,2040,1,1,1,0,0,0
273,2040,1,1,1,0,0,0
274,2040,1,1,1,0,0,0
275,2040,1,1,1,0,0,0
276,2040,1,1,1,0,0,0
277,2040,1,1,1,0,0,0
278,2040,1,1,1,0,0,0
279,2040,1,1,1,0,0,0
280,2040,0.9,1,1,0,0,0
281,2040,0.9,1,1,0,0,0
282,2040,1,1,1,0,0,0
283,2040,1,1,1,0,0,0
284,2040,1,1,1,0,0,0
285,2040,0.9,1,1,0,0,0
286,2040,1,1,1,0,0,0
287,2040,1,1,1,0,0,0
288,2040,1,1,1,0,0,0
289,2040,1,1,1,0,0,0
290,2040,1,1,1,0,0,0
291,2040,1,1,1,0,0,0
292,2040,1,1,1,0,0,0
293,2040,1,1,1,0,0,0
294,2040,1,1,1,0,0,0
295,2040,1,1,1,0,0,0
296,2040,1,1,1,0,0,0
297,2040,1,1,1,0,0,0
298,2040,1,1,1,0,0,0
299,2040,1,1,1,0,0,0
300,2040,0.9,1,1,0,0,0
301,2040,1,1,1,0,0,0
302,2040,1,1,1,0,0,0
303,2040,1,1,1,0,0,0
304,2040,1,1,1,0,0,0
305,2040,1,1,1,0,0,0
306,2040,1,1,1,0,0,0
307,2040,1,1,1,0,0,0
308,2040,1,1,1,0,0,0
309,2040,1,1,1,0,0,0
310,2040,0.9,1,1,0,0,0
311,2040,1,1,1,0,0,0
312,2040,1,1,1,0,0,0
313,2040,1,1,1,0,0,0
314,2040,1,1,1,0,0,0
315,2040,1,1,1,0,0,0
316,2040,1,1,1,0,0,0
317,2040,1,1,1,0,0,0
318,2040,1,1,1,0,0,0
319,2040,0.9,1,1,0,0,0
320,2040,0.9,1,1,0,0,0
321,2040,0.9,1,1,0,0,0
322,2040,1,1,1,0,0,0
323,2040,1,1,1,0,0,0
324,2040,0.9,1,1,0,0,0
325,2040,0.9,1,1,0,0,0
326,2040,0.9,1,1,0,0,0
327,2040,1,1,1,0,0,0
328,2040,1,1,1,0,0,0
329,2040,1,1,1,0,0,0
330,2040,1,1,1,0,0,0
331,2040,1,1,1,0,0,0
332,2040,1,1,1,0,0,0
333,2040,1,1,1,0,0,0
334,2040,1,1,1,0,0,0
335,2040,1,1,1,0,0,0
336,2040,0.9,1,1,0,0,0
337,2040,1,1,1,0,0,0
338,2040,1,1,1,0,0,0
339,2040,1,1,1,0,0,0
340,2040,1,1,1,0,0,0
341,2040,1,1,1,0,0,0
342,2040,1,1,1,0,0,0
343,2040,0.9,1,1,0,0,0
344,2040,0.9,1,1,0,0,0
345,2040,0.9,1,1,0,0,0
346,2040,0.9,1,1,0,0,0
347,2040,0,0,0,0.9,1,1
348,2040,1,1,1,0,0,0
349,2040,0.9,1,1,0,0,0
350,2040,0.9,1,1,0,0,0
351,2040,0.9,1,1,0,0,0
352,2040,0.9,1,1,0,0,0
353,2040,0,0,0,0,0,0
354,2040,0,0,0,0.9,1,1
355,2040,0,0,0,0,0,0
356,2040,0,0,0,0.9,1,1
357,2040,0,0,0,0.9,1,1
358,2040,0,0,0,0.9,1,1
359,2040,0,0,0,0.9,1,1
360,2040,0,0,0,0.9,1,1
361,2040,0,0,0,0.9,1,1
362,2040,0,0,0,0.9,1,1
363,2040,0.9,1,1,0,0,0
364,2040,1,1,1,0,0,0
365,2040,0.9,1,1,0,0,0
366,2040,0.9,1,1,0,0,0
367,2040,1,1,1,0,0,0
368,2040,1,1,1,0,0,0
369,2040,1,1,1,0,0,0
370,2040,0.9,1,1,0,0,0
371,2040,1,1,1,0,0,0
372,2040,0.9,1,1,0,0,0
373,2040,0,0,0,0,0,0
374,2040,0.9,1,1,0,0,0
375,2040,0.9,1,1,0,0,0
376,2040,0.9,1,1,0,0,0
377,2040,1,1,1,0,0,0
378,2040,0.9,1,1,0,0,0
379,2040,0,0,0,0,0,0
380,2040,0.9,1,1,0,0,0
381,2040,0.9,1,1,0,0,0
382,2040,0.9,1,1,0,0,0
383,2040,0.9,1,1,0,0,0
384,2040,1,1,1,0,0,0
385,2040,1,1,1,0,0,0
386,2040,1,1,1,0,0,0
387,2040,1,1,1,0,0,0
388,2040,1,1,1,0,0,0
389,2040,0.9,1,1,0,0,0
390,2040,0.9,1,1,0,0,0
391,2040,1,1,1,0,0,0
392,2040,0.9,1,1,0,0,0
393,2040,1,1,1,0,0,0
394,2040,0.9,1,1,0,0,0
395,2040,1,1,1,0,0,0
396,2040,1,1,1,0,0,0
397,2040,1,1,1,0,0,0
398,2040,1,1,1,0,0,0
399,2040,1,1,1,0,0,0
400,2040,0.9,1,1,0,0,0
401,2040,0.9,1,1,0,0,0
402,2040,1,1,1,0,0,0
403,2040,1,1,1,0,0,0
404,2040,1,1,1,0,0,0
405,2040,1,1,1,0,0,0
406,2040,0.9,1,1,0,0,0
407,2040,1,1,1,0,0,0
408,2040,1,1,1,0,0,0
409,2040,1,1,1,0,0,0
410,2040,1,1,1,0,0,0
411,2040,1,1,1,0,0,0
412,2040,1,1,1,0,0,0
413,2040,1,1,1,0,0,0
414,2040,1,1,1,0,0,0
415,2040,1,1,1,0,0,0
416,2040,1,1,1,0,0,0
417,2040,1,1,1,0,0,0
418,2040,1,1,1,0,0,0
419,2040,1,1,1,0,0,0
420,2040,1,1,1,0,0,0
421,2040,1,1,1,0,0,0
422,2040,1,1,1,0,0,0
423,2040,1,1,1,0,0,0
424,2040,1,1,1,0,0,0
425,2040,1,1,1,0,0,0
426,2040,1,1,1,0,0,0
427,2040,1,1,1,0,0,0
428,2040,1,1,1,0,0,0
429,2040,1,1,1,0,0,0
430,2040,1,1,1,0,0,0
431,2040,1,1,1,0,0,0
432,2040,1,1,1,0,0,0
433,2040,1,1,1,0,0,0
434,2040,0.9,1,1,0,0,0
435,2040,1,1,1,0,0,0
436,2040,0.9,1,1,0,0,0
437,2040,1,1,1,0,0,0
438,2040,1,1,1,0,0,0
439,2040,1,1,1,0,0,0
440,2040,1,1,1,0,0,0
441,2040,1,1,1,0,0,0
442,2040,1,1,1,0,0,0
443,2040,0.9,1,1,0,0,0
444,2040,1,1,1,0,0,0
445,2040,1,1,1,0,0,0
446,2040,1,1,1,0,0,0
447,2040,1,1,1,0,0,0
448,2040,1,1,1,0,0,0
449,2040,1,1,1,0,0,0
450,2040,1,1,1,0,0,0
451,2040,1,1,1,0,0,0
452,2040,1,1,1,0,0,0
453,2040,1,1,1,0,0,0
454,2040,1,1,1,0,0,0
455,2040,1,1,1,0,0,0
456,2040,1,1,1,0,0,0
457,2040,1,1,1,0,0,0
458,2040,1,1,1,0,0,0
459,2040,1,1,1,0,0,0
1,2045,1,1,1,0,0,0
2,2045,1,1,1,0,0,0
3,2045,1,1,1,0,0,0
4,2045,1,1,1,0,0,0
5,2045,1,1,1,0,0,0
6,2045,1,1,1,0,0,0
7,2045,1,1,1,0,0,0
8,2045,1,1,1,0,0,0
9,2045,1,1,1,0,0,0
10,2045,1,1,1,0,0,0
11,2045,1,1,1,0,0,0
12,2045,1,1,1,0,0,0
13,2045,1,1,1,0,0,0
14,2045,1,1,1,0,0,0
15,2045,1,1,1,0,0,0
16,2045,1,1,1,0,0,0
17,2045,1,1,1,0,0,0
18,2045,1,1,1,0,0,0
19,2045,1,1,1,0,0,0
20,2045,1,1,1,0,0,0
21,2045,1,1,1,0,0,0
22,2045,1,1,1,0,0,0
23,2045,1,1,1,0,0,0
24,2045,1,1,1,0,0,0
25,2045,1,1,1,0,0,0
26,2045,1,1,1,0,0,0
27,2045,1,1,1,0,0,0
28,2045,1,1,1,0,0,0
29,2045,1,1,1,0,0,0
30,2045,1,1,1,0,0,0
31,2045,1,1,1,0,0,0
32,2045,1,1,1,0,0,0
33,2045,1,1,1,0,0,0
34,2045,1,1,1,0,0,0
35,2045,1,1,1,0,0,0
36,2045,1,1,1,0,0,0
37,2045,1,1,1,0,0,0
38,2045,1,1,1,0,0,0
39,2045,1,1,1,0,0,0
40,2045,1,1,1,0,0,0
41,2045,1,1,1,0,0,0
42,2045,1,1,1,0,0,0
43,2045,1,1,1,0,0,0
44,2045,1,1,1,0,0,0
45,2045,1,1,1,0,0,0
46,2045,1,1,1,0,0,0
47,2045,1,1,1,0,0,0
48,2045,1,1,1,0,0,0
49,2045,1,1,1,0,0,0
50,2045,1,1,1,0,0,0
51,2045,1,1,1,0,0,0
52,2045,1,1,1,0,0,0
53,2045,1,1,1,0,0,0
54,2045,1,1,1,0,0,0
55,2045,1,1,1,0,0,0
56,2045,1,1,1,0,0,0
57,2045,1,1,1,0,0,0
58,2045,1,1,1,0,0,0
59,2045,1,1,1,0,0,0
60,2045,1,1,1,0,0,0
61,2045,1,1,1,0,0,0
62,2045,1,1,1,0,0,0
63,2045,1,1,1,0,0,0
64,2045,1,1,1,0,0,0
65,2045,1,1,1,0,0,0
66,2045,1,1,1,0,0,0
67,2045,1,1,1,0,0,0
68,2045,1,1,1,0,0,0
69,2045,1,1,1,0,0,0
70,2045,1,1,1,0,0,0
71,2045,1,1,1,0,0,0
72,2045,1,1,1,0,0,0
73,2045,0.9,1,1,0,0,0
74,2045,1,1,1,0,0,0
75,2045,1,1,1,0,0,0
76,2045,1,1,1,0,0,0
77,2045,1,1,1,0,0,0
78,2045,1,1,1,0,0,0
79,2045,1,1,1,0,0,0
80,2045,1,1,1,0,0,0
81,2045,1,1,1,0,0,0
82,2045,1,1,1,0,0,0
83,2045,1,1,1,0,0,0
84,2045,1,1,1,0,0,0
85,2045,1,1,1,0,0,0
86,2045,1,1,1,0,0,0
87,2045,1,1,1,0,0,0
88,2045,1,1,1,0,0,0
89,2045,1,1,1,0,0,0
90,2045,1,1,1,0,0,0
91,2045,1,1,1,0,0,0
92,2045,1,1,1,0,0,0
93,2045,1,1,1,0,0,0
94,2045,1,1,1,0,0,0
95,2045,1,1,1,0,0,0
96,2045,1,1,1,0,0,0
97,2045,1,1,1,0,0,0
98,2045,1,1,1,0,0,0
99,2045,1,1,1,0,0,0
100,2045,1,1,1,0,0,0
101,2045,1,1,1,0,0,0
102,2045,1,1,1,0,0,0
103,2045,1,1,1,0,0,0
104,2045,1,1,1,0,0,0
105,2045,0.9,1,1,0,0,0
106,2045,0.9,1,1,0,0,0
107,2045,0.9,1,1,0,0,0
108,2045,1,1,1,0,0,0
109,2045,1,1,1,0,0,0
110,2045,1,1,1,0,0,0
111,2045,1,1,1,0,0,0
112,2045,1,1,1,0,0,0
113,2045,1,1,1,0,0,0
114,2045,1,1,1,0,0,0
115,2045,1,1,1,0,0,0
116,2045,1,1,1,0,0,0
117,2045,1,1,1,0,0,0
118,2045,1,1,1,0,0,0
119,2045,1,1,1,0,0,0
120,2045,1,1,1,0,0,0
121,2045,1,1,1,0,0,0
122,2045,1,1,1,0,0,0
123,2045,1,1,1,0,0,0
124,2045,1,1,1,0,0,0
125,2045,1,1,1,0,0,0
126,2045,1,1,1,0,0,0
127,2045,1,1,1,0,0,0
128,2045,1,1,1,0,0,0
129,2045,1,1,1,0,0,0
130,2045,1,1,1,0,0,0
131,2045,1,1,1,0,0,0
132,2045,1,1,1,0,0,0
133,2045,1,1,1,0,0,0
134,2045,1,1,1,0,0,0
135,2045,1,1,1,0,0,0
136,2045,1,1,1,0,0,0
137,2045,1,1,1,0,0,0
138,2045,1,1,1,0,0,0
139,2045,1,1,1,0,0,0
140,2045,1,1,1,0,0,0
141,2045,1,1,1,0,0,0
142,2045,1,1,1,0,0,0
143,2045,1,1,1,0,0,0
144,2045,1,1,1,0,0,0
145,2045,1,1,1,0,0,0
146,2045,1,1,1,0,0,0
147,2045,1,1,1,0,0,0
148,2045,1,1,1,0,0,0
149,2045,1,1,1,0,0,0
150,2045,1,1,1,0,0,0
151,2045,1,1,1,0,0,0
152,2045,1,1,1,0,0,0
153,2045,0.9,1,1,0,0,0
154,2045,1,1,1,0,0,0
155,2045,1,1,1,0,0,0
156,2045,1,1,1,0,0,0
157,2045,0.9,1,1,0,0,0
158,2045,1,1,1,0,0,0
159,2045,1,1,1,0,0,0
160,2045,0.9,1,1,0,0,0
161,2045,1,1,1,0,0,0
162,2045,0.9,1,1,0,0,0
163,2045,1,1,1,0,0,0
164,2045,1,1,1,0,0,0
165,2045,1,1,1,0,0,0
166,2045,1,1,1,0,0,0
167,2045,1,1,1,0,0,0
168,2045,1,1,1,0,0,0
169,2045,0.9,1,1,0,0,0
170,2045,1,1,1,0,0,0
171,2045,1,1,1,0,0,0
172,2045,1,1,1,0,0,0
173,2045,1,1,1,0,0,0
174,2045,1,1,1,0,0,0
175,2045,1,1,1,0,0,0
176,2045,1,1,1,0,0,0
177,2045,1,1,1,0,0,0
178,2045,1,1,1,0,0,0
179,2045,1,1,1,0,0,0
180,2045,1,1,1,0,0,0
181,2045,1,1,1,0,0,0
182,2045,1,1,1,0,0,0
183,2045,1,1,1,0,0,0
184,2045,1,1,1,0,0,0
185,2045,1,1,1,0,0,0
186,2045,1,1,1,0,0,0
187,2045,1,1,1,0,0,0
188,2045,1,1,1,0,0,0
189,2045,1,1,1,0,0,0
190,2045,1,1,1,0,0,0
191,2045,1,1,1,0,0,0
192,2045,1,1,1,0,0,0
193,2045,1,1,1,0,0,0
194,2045,1,1,1,0,0,0
195,2045,1,1,1,0,0,0
196,2045,1,1,1,0,0,0
197,2045,1,1,1,0,0,0
198,2045,1,1,1,0,0,0
199,2045,1,1,1,0,0,0
200,2045,1,1,1,0,0,0
201,2045,1,1,1,0,0,0
202,2045,1,1,1,0,0,0
203,2045,1,1,1,0,0,0
204,2045,1,1,1,0,0,0
205,2045,0.9,1,1,0,0,0
206,2045,1,1,1,0,0,0
207,2045,1,1,1,0,0,0
208,2045,1,1,1,0,0,0
209,2045,1,1,1,0,0,0
210,2045,1,1,1,0,0,0
211,2045,0.9,1,1,0,0,0
212,2045,0.9,1,1,0,0,0
213,2045,1,1,1,0,0,0
214,2045,1,1,1,0,0,0
215,2045,0.9,1,1,0,0,0
216,2045,1,1,1,0,0,0
217,2045,1,1,1,0,0,0
218,2045,0.9,1,1,0,0,0
219,2045,0.9,1,1,0,0,0
220,2045,0.9,1,1,0,0,0
221,2045,0.9,1,1,0,0,0
222,2045,0.9,1,1,0,0,0
223,2045,0.9,1,1,0,0,0
224,2045,0,0,0,0.9,1,1
225,2045,0,0,0,0.9,1,1
226,2045,0,0,0,0.9,1,1
227,2045,0,0,0,0.9,1,1
228,2045,0,0,0,0.9,1,1
229,2045,0.9,1,1,0,0,0
230,2045,0.9,1,1,0,0,0
231,2045,0.9,1,1,0,0,0
232,2045,0.9,1,1,0,0,0
233,2045,0.9,1,1,0,0,0
234,2045,0.9,1,1,0,0,0
235,2045,0.9,1,1,0,0,0
236,2045,0,0,0,0.9,1,1
237,2045,0,0,0,0.9,1,1
238,2045,0,0,0,0.9,1,1
239,2045,0,0,0,0.9,1,1
240,2045,0,0,0,0,0,0
241,2045,0,0,0,0.9,1,1
242,2045,0,0,0,0.9,1,1
243,2045,0,0,0,0.9,1,1
244,2045,0,0,0,0,0,0
245,2045,0,0,0,0,0,0
246,2045,0,0,0,0.9,1,1
247,2045,0,0,0,0.9,1,1
248,2045,0,0,0,0,0,0
249,2045,0,0,0,0,0,0
250,2045,0.9,1,1,0,0,0
251,2045,0,0,0,0,0,0
252,2045,1,1,1,0,0,0
253,2045,1,1,1,0,0,0
254,2045,1,1,1,0,0,0
255,2045,1,1,1,0,0,0
256,2045,1,1,1,0,0,0
257,2045,1,1,1,0,0,0
258,2045,1,1,1,0,0,0
259,2045,1,1,1,0,0,0
260,2045,1,1,1,0,0,0
261,2045,1,1,1,0,0,0
262,2045,1,1,1,0,0,0
263,2045,1,1,1,0,0,0
264,2045,1,1,1,0,0,0
265,2045,1,1,1,0,0,0
266,2045,1,1,1,0,0,0
267,2045,1,1,1,0,0,0
268,2045,1,1,1,0,0,0
269,2045,1,1,1,0,0,0
270,2045,1,1,1,0,0,0
271,2045,1,1,1,0,0,0
272,2045,1,1,1,0,0,0
273,2045,1,1,1,0,0,0
274,2045,1,1,1,0,0,0
275,2045,1,1,1,0,0,0
276,2045,1,1,1,0,0,0
277,2045,1,1,1,0,0,0
278,2045,1,1,1,0,0,0
279,2045,1,1,1,0,0,0
280,2045,0.9,1,1,0,0,0
281,2045,0.9,1,1,0,0,0
282,2045,1,1,1,0,0,0
283,2045,1,1,1,0,0,0
284,2045,1,1,1,0,0,0
285,2045,0.9,1,1,0,0,0
286,2045,1,1,1,0,0,0
287,2045,1,1,1,0,0,0
288,2045,1,1,1,0,0,0
289,2045,1,1,1,0,0,0
290,2045,1,1,1,0,0,0
291,2045,1,1,1,0,0,0
292,2045,1,1,1,0,0,0
293,2045,1,1,1,0,0,0
294,2045,1,1,1,0,0,0
295,2045,1,1,1,0,0,0
296,2045,1,1,1,0,0,0
297,2045,1,1,1,0,0,0
298,2045,1,1,1,0,0,0
299,2045,1,1,1,0,0,0
300,2045,0.9,1,1,0,0,0
301,2045,1,1,1,0,0,0
302,2045,1,1,1,0,0,0
303,2045,1,1,1,0,0,0
304,2045,1,1,1,0,0,0
305,2045,1,1,1,0,0,0
306,2045,1,1,1,0,0,0
307,2045,1,1,1,0,0,0
308,2045,1,1,1,0,0,0
309,2045,1,1,1,0,0,0
310,2045,0.9,1,1,0,0,0
311,2045,1,1,1,0,0,0
312,2045,1,1,1,0,0,0
313,2045,1,1,1,0,0,0
314,2045,1,1,1,0,0,0
315,2045,1,1,1,0,0,0
316,2045,1,1,1,0,0,0
317,2045,1,1,1,0,0,0
318,2045,1,1,1,0,0,0
319,2045,0.9,1,1,0,0,0
320,2045,0.9,1,1,0,0,0
321,2045,0.9,1,1,0,0,0
322,2045,1,1,1,0,0,0
323,2045,1,1,1,0,0,0
324,2045,0.9,1,1,0,0,0
325,2045,0.9,1,1,0,0,0
326,2045,0.9,1,1,0,0,0
327,2045,1,1,1,0,0,0
328,2045,1,1,1,0,0,0
329,2045,1,1,1,0,0,0
330,2045,1,1,1,0,0,0
331,2045,1,1,1,0,0,0
332,2045,1,1,1,0,0,0
333,2045,1,1,1,0,0,0
334,2045,1,1,1,0,0,0
335,2045,1,1,1,0,0,0
336,2045,0.9,1,1,0,0,0
337,2045,1,1,1,0,0,0
338,2045,1,1,1,0,0,0
339,2045,1,1,1,0,0,0
340,2045,1,1,1,0,0,0
341,2045,1,1,1,0,0,0
342,2045,1,1,1,0,0,0
343,2045,0.9,1,1,0,0,0
344,2045,0.9,1,1,0,0,0
345,2045,0.9,1,1,0,0,0
346,2045,0.9,1,1,0,0,0
347,2045,0,0,0,0.9,1,1
348,2045,1,1,1,0,0,0
349,2045,0.9,1,1,0,0,0
350,2045,0.9,1,1,0,0,0
351,2045,0.9,1,1,0,0,0
352,2045,0.9,1,1,0,0,0
353,2045,0,0,0,0,0,0
354,2045,0,0,0,0.9,1,1
355,2045,0,0,0,0,0,0
356,2045,0,0,0,0.9,1,1
357,2045,0,0,0,0.9,1,1
358,2045,0,0,0,0.9,1,1
359,2045,0,0,0,0.9,1,1
360,2045,0,0,0,0.9,1,1
361,2045,0,0,0,0.9,1,1
362,2045,0,0,0,0.9,1,1
363,2045,0.9,1,1,0,0,0
364,2045,1,1,1,0,0,0
365,2045,0.9,1,1,0,0,0
366,2045,0.9,1,1,0,0,0
367,2045,1,1,1,0,0,0
368,2045,1,1,1,0,0,0
369,2045,1,1,1,0,0,0
370,2045,0.9,1,1,0,0,0
371,2045,1,1,1,0,0,0
372,2045,0.9,1,1,0,0,0
373,2045,0,0,0,0,0,0
374,2045,0.9,1,1,0,0,0
375,2045,0.9,1,1,0,0,0
376,2045,0.9,1,1,0,0,0
377,2045,1,1,1,0,0,0
378,2045,0.9,1,1,0,0,0
379,2045,0,0,0,0,0,0
380,2045,0.9,1,1,0,0,0
381,2045,0.9,1,1,0,0,0
382,2045,0.9,1,1,0,0,0
383,2045,0.9,1,1,0,0,0
384,2045,1,1,1,0,0,0
385,2045,1,1,1,0,0,0
386,2045,1,1,1,0,0,0
387,2045,1,1,1,0,0,0
388,2045,1,1,1,0,0,0
389,2045,0.9,1,1,0,0,0
390,2045,0.9,1,1,0,0,0
391,2045,1,1,1,0,0,0
392,2045,0.9,1,1,0,0,0
393,2045,1,1,1,0,0,0
394,2045,0.9,1,1,0,0,0
395,2045,1,1,1,0,0,0
396,2045,1,1,1,0,0,0
397,2045,1,1,1,0,0,0
398,2045,1,1,1,0,0,0
399,2045,1,1,1,0,0,0
400,2045,0.9,1,1,0,0,0
401,2045,0.9,1,1,0,0,0
402,2045,1,1,1,0,0,0
403,2045,1,1,1,0,0,0
404,2045,1,1,1,0,0,0
405,2045,1,1,1,0,0,0
406,2045,0.9,1,1,0,0,0
407,2045,1,1,1,0,0,0
408,2045,1,1,1,0,0,0
409,2045,1,1,1,0,0,0
410,2045,1,1,1,0,0,0
411,2045,1,1,1,0,0,0
412,2045,1,1,1,0,0,0
413,2045,1,1,1,0,0,0
414,2045,1,1,1,0,0,0
415,2045,1,1,1,0,0,0
416,2045,1,1,1,0,0,0
417,2045,1,1,1,0,0,0
418,2045,1,1,1,0,0,0
419,2045,1,1,1,0,0,0
420,2045,1,1,1,0,0,0
421,2045,1,1,1,0,0,0
422,2045,1,1,1,0,0,0
423,2045,1,1,1,0,0,0
424,2045,1,1,1,0,0,0
425,2045,1,1,1,0,0,0
426,2045,1,1,1,0,0,0
427,2045,1,1,1,0,0,0
428,2045,1,1,1,0,0,0
429,2045,1,1,1,0,0,0
430,2045,1,1,1,0,0,0
431,2045,1,1,1,0,0,0
432,2045,1,1,1,0,0,0
433,2045,1,1,1,0,0,0
434,2045,0.9,1,1,0,0,0
435,2045,1,1,1,0,0,0
436,2045,0.9,1,1,0,0,0
437,2045,1,1,1,0,0,0
438,2045,1,1,1,0,0,0
439,2045,1,1,1,0,0,0
440,2045,1,1,1,0,0,0
441,2045,1,1,1,0,0,0
442,2045,1,1,1,0,0,0
443,2045,0.9,1,1,0,0,0
444,2045,1,1,1,0,0,0
445,2045,1,1,1,0,0,0
446,2045,1,1,1,0,0,0
447,2045,1,1,1,0,0,0
448,2045,1,1,1,0,0,0
449,2045,1,1,1,0,0,0
450,2045,1,1,1,0,0,0
451,2045,1,1,1,0,0,0
452,2045,1,1,1,0,0,0
453,2045,1,1,1,0,0,0
454,2045,1,1,1,0,0,0
455,2045,1,1,1,0,0,0
456,2045,1,1,1,0,0,0
457,2045,1,1,1,0,0,0
458,2045,1,1,1,0,0,0
459,2045,1,1,1,0,0,0
1,2050,1,1,1,0,0,0
2,2050,1,1,1,0,0,0
3,2050,1,1,1,0,0,0
4,2050,1,1,1,0,0,0
5,2050,1,1,1,0,0,0
6,2050,1,1,1,0,0,0
7,2050,1,1,1,0,0,0
8,2050,1,1,1,0,0,0
9,2050,1,1,1,0,0,0
10,2050,1,1,1,0,0,0
11,2050,1,1,1,0,0,0
12,2050,1,1,1,0,0,0
13,2050,1,1,1,0,0,0
14,2050,1,1,1,0,0,0
15,2050,1,1,1,0,0,0
16,2050,1,1,1,0,0,0
17,2050,1,1,1,0,0,0
18,2050,1,1,1,0,0,0
19,2050,1,1,1,0,0,0
20,2050,1,1,1,0,0,0
21,2050,1,1,1,0,0,0
22,2050,1,1,1,0,0,0
23,2050,1,1,1,0,0,0
24,2050,1,1,1,0,0,0
25,2050,1,1,1,0,0,0
26,2050,1,1,1,0,0,0
27,2050,1,1,1,0,0,0
28,2050,1,1,1,0,0,0
29,2050,1,1,1,0,0,0
30,2050,1,1,1,0,0,0
31,2050,1,1,1,0,0,0
32,2050,1,1,1,0,0,0
33,2050,1,1,1,0,0,0
34,2050,1,1,1,0,0,0
35,2050,1,1,1,0,0,0
36,2050,1,1,1,0,0,0
37,2050,1,1,1,0,0,0
38,2050,1,1,1,0,0,0
39,2050,1,1,1,0,0,0
40,2050,1,1,1,0,0,0
41,2050,1,1,1,0,0,0
42,2050,1,1,1,0,0,0
43,2050,1,1,1,0,0,0
44,2050,1,1,1,0,0,0
45,2050,1,1,1,0,0,0
46,2050,1,1,1,0,0,0
47,2050,1,1,1,0,0,0
48,2050,1,1,1,0,0,0
49,2050,1,1,1,0,0,0
50,2050,1,1,1,0,0,0
51,2050,1,1,1,0,0,0
52,2050,1,1,1,0,0,0
53,2050,1,1,1,0,0,0
54,2050,1,1,1,0,0,0
55,2050,1,1,1,0,0,0
56,2050,1,1,1,0,0,0
57,2050,1,1,1,0,0,0
58,2050,1,1,1,0,0,0
59,2050,1,1,1,0,0,0
60,2050,1,1,1,0,0,0
61,2050,1,1,1,0,0,0
62,2050,1,1,1,0,0,0
63,2050,1,1,1,0,0,0
64,2050,1,1,1,0,0,0
65,2050,1,1,1,0,0,0
66,2050,1,1,1,0,0,0
67,2050,1,1,1,0,0,0
68,2050,1,1,1,0,0,0
69,2050,1,1,1,0,0,0
70,2050,1,1,1,0,0,0
71,2050,1,1,1,0,0,0
72,2050,1,1,1,0,0,0
73,2050,0.9,1,1,0,0,0
74,2050,1,1,1,0,0,0
75,2050,1,1,1,0,0,0
76,2050,1,1,1,0,0,0
77,2050,1,1,1,0,0,0
78,2050,1,1,1,0,0,0
79,2050,1,1,1,0,0,0
80,2050,1,1,1,0,0,0
81,2050,1,1,1,0,0,0
82,2050,1,1,1,0,0,0
83,2050,1,1,1,0,0,0
84,2050,1,1,1,0,0,0
85,2050,1,1,1,0,0,0
86,2050,1,1,1,0,0,0
87,2050,1,1,1,0,0,0
88,2050,1,1,1,0,0,0
89,2050,1,1,1,0,0,0
90,2050,1,1,1,0,0,0
91,2050,1,1,1,0,0,0
92,2050,1,1,1,0,0,0
93,2050,1,1,1,0,0,0
94,2050,1,1,1,0,0,0
95,2050,1,1,1,0,0,0
96,2050,1,1,1,0,0,0
97,2050,1,1,1,0,0,0
98,2050,1,1,1,0,0,0
99,2050,1,1,1,0,0,0
100,2050,1,1,1,0,0,0
101,2050,1,1,1,0,0,0
102,2050,1,1,1,0,0,0
103,2050,1,1,1,0,0,0
104,2050,1,1,1,0,0,0
105,2050,0.9,1,1,0,0,0
106,2050,0.9,1,1,0,0,0
107,2050,0.9,1,1,0,0,0
108,2050,1,1,1,0,0,0
109,2050,1,1,1,0,0,0
110,2050,1,1,1,0,0,0
111,2050,1,1,1,0,0,0
112,2050,1,1,1,0,0,0
113,2050,1,1,1,0,0,0
114,2050,1,1,1,0,0,0
115,2050,1,1,1,0,0,0
116,2050,1,1,1,0,0,0
117,2050,1,1,1,0,0,0
118,2050,1,1,1,0,0,0
119,2050,1,1,1,0,0,0
120,2050,1,1,1,0,0,0
121,2050,1,1,1,0,0,0
122,2050,1,1,1,0,0,0
123,2050,1,1,1,0,0,0
124,2050,1,1,1,0,0,0
125,2050,1,1,1,0,0,0
126,2050,1,1,1,0,0,0
127,2050,1,1,1,0,0,0
128,2050,1,1,1,0,0,0
129,2050,1,1,1,0,0,0
130,2050,1,1,1,0,0,0
131,2050,1,1,1,0,0,0
132,2050,1,1,1,0,0,0
133,2050,1,1,1,0,0,0
134,2050,1,1,1,0,0,0
135,2050,1,1,1,0,0,0
136,2050,1,1,1,0,0,0
137,2050,1,1,1,0,0,0
138,2050,1,1,1,0,0,0
139,2050,1,1,1,0,0,0
140,2050,1,1,1,0,0,0
141,2050,1,1,1,0,0,0
142,2050,1,1,1,0,0,0
143,2050,1,1,1,0,0,0
144,2050,1,1,1,0,0,0
145,2050,1,1,1,0,0,0
146,2050,1,1,1,0,0,0
147,2050,1,1,1,0,0,0
148,2050,1,1,1,0,0,0
149,2050,1,1,1,0,0,0
150,2050,1,1,1,0,0,0
151,2050,1,1,1,0,0,0
152,2050,1,1,1,0,0,0
153,2050,0.9,1,1,0,0,0
154,2050,1,1,1,0,0,0
155,2050,1,1,1,0,0,0
156,2050,1,1,1,0,0,0
157,2050,0.9,1,1,0,0,0
158,2050,1,1,1,0,0,0
159,2050,1,1,1,0,0,0
160,2050,0.9,1,1,0,0,0
161,2050,1,1,1,0,0,0
162,2050,0.9,1,1,0,0,0
163,2050,1,1,1,0,0,0
164,2050,1,1,1,0,0,0
165,2050,1,1,1,0,0,0
166,2050,1,1,1,0,0,0
167,2050,1,1,1,0,0,0
168,2050,1,1,1,0,0,0
169,2050,0.9,1,1,0,0,0
170,2050,1,1,1,0,0,0
171,2050,1,1,1,0,0,0
172,2050,1,1,1,0,0,0
173,2050,1,1,1,0,0,0
174,2050,1,1,1,0,0,0
175,2050,1,1,1,0,0,0
176,2050,1,1,1,0,0,0
177,2050,1,1,1,0,0,0
178,2050,1,1,1,0,0,0
179,2050,1,1,1,0,0,0
180,2050,1,1,1,0,0,0
181,2050,1,1,1,0,0,0
182,2050,1,1,1,0,0,0
183,2050,1,1,1,0,0,0
184,2050,1,1,1,0,0,0
185,2050,1,1,1,0,0,0
186,2050,1,1,1,0,0,0
187,2050,1,1,1,0,0,0
188,2050,1,1,1,0,0,0
189,2050,1,1,1,0,0,0
190,2050,1,1,1,0,0,0
191,2050,1,1,1,0,0,0
192,2050,1,1,1,0,0,0
193,2050,1,1,1,0,0,0
194,2050,1,1,1,0,0,0
195,2050,1,1,1,0,0,0
196,2050,1,1,1,0,0,0
197,2050,1,1,1,0,0,0
198,2050,1,1,1,0,0,0
199,2050,1,1,1,0,0,0
200,2050,1,1,1,0,0,0
201,2050,1,1,1,0,0,0
202,2050,1,1,1,0,0,0
203,2050,1,1,1,0,0,0
204,2050,1,1,1,0,0,0
205,2050,0.9,1,1,0,0,0
206,2050,1,1,1,0,0,0
207,2050,1,1,1,0,0,0
208,2050,1,1,1,0,0,0
209,2050,1,1,1,0,0,0
210,2050,1,1,1,0,0,0
211,2050,0.9,1,1,0,0,0
212,2050,0.9,1,1,0,0,0
213,2050,1,1,1,0,0,0
214,2050,1,1,1,0,0,0
215,2050,0.9,1,1,0,0,0
216,2050,1,1,1,0,0,0
217,2050,1,1,1,0,0,0
218,2050,0.9,1,1,0,0,0
219,2050,0.9,1,1,0,0,0
220,2050,0.9,1,1,0,0,0
221,2050,0.9,1,1,0,0,0
222,2050,0.9,1,1,0,0,0
223,2050,0.9,1,1,0,0,0
224,2050,0,0,0,0.9,1,1
225,2050,0,0,0,0.9,1,1
226,2050,0,0,0,0.9,1,1
227,2050,0,0,0,0.9,1,1
228,2050,0,0,0,0.9,1,1
229,2050,0.9,1,1,0,0,0
230,2050,0.9,1,1,0,0,0
231,2050,0.9,1,1,0,0,0
232,2050,0.9,1,1,0,0,0
233,2050,0.9,1,1,0,0,0
234,2050,0.9,1,1,0,0,0
235,2050,0.9,1,1,0,0,0
236,2050,0,0,0,0.9,1,1
237,2050,0,0,0,0.9,1,1
238,2050,0,0,0,0.9,1,1
239,2050,0,0,0,0.9,1,1
240,2050,0,0,0,0,0,0
241,2050,0,0,0,0.9,1,1
242,2050,0,0,0,0.9,1,1
243,2050,0,0,0,0.9,1,1
244,2050,0,0,0,0,0,0
245,2050,0,0,0,0,0,0
246,2050,0,0,0,0.9,1,1
247,2050,0,0,0,0.9,1,1
248,2050,0,0,0,0,0,0
249,2050,0,0,0,0,0,0
250,2050,0.9,1,1,0,0,0
251,2050,0,0,0,0,0,0
252,2050,1,1,1,0,0,0
253,2050,1,1,1,0,0,0
254,2050,1,1,1,0,0,0
255,2050,1,1,1,0,0,0
256,2050,1,1,1,0,0,0
257,2050,1,1,1,0,0,0
258,2050,1,1,1,0,0,0
259,2050,1,1,1,0,0,0
260,2050,1,1,1,0,0,0
261,2050,1,1,1,0,0,0
262,2050,1,1,1,0,0,0
263,2050,1,1,1,0,0,0
264,2050,1,1,1,0,0,0
265,2050,1,1,1,0,0,0
266,2050,1,1,1,0,0,0
267,2050,1,1,1,0,0,0
268,2050,1,1,1,0,0,0
269,2050,1,1,1,0,0,0
270,2050,1,1,1,0,0,0
271,2050,1,1,1,0,0,0
272,2050,1,1,1,0,0,0
273,2050,1,1,1,0,0,0
274,2050,1,1,1,0,0,0
275,2050,1,1,1,0,0,0
276,2050,1,1,1,0,0,0
277,2050,1,1,1,0,0,0
278,2050,1,1,1,0,0,0
279,2050,1,1,1,0,0,0
280,2050,0.9,1,1,0,0,0
281,2050,0.9,1,1,0,0,0
282,2050,1,1,1,0,0,0
283,2050,1,1,1,0,0,0
284,2050,1,1,1,0,0,0
285,2050,0.9,1,1,0,0,0
286,2050,1,1,1,0,0,0
287,2050,1,1,1,0,0,0
288,2050,1,1,1,0,0,0
289,2050,1,1,1,0,0,0
290,2050,1,1,1,0,0,0
291,2050,1,1,1,0,0,0
292,2050,1,1,1,0,0,0
293,2050,1,1,1,0,0,0
294,2050,1,1,1,0,0,0
295,2050,1,1,1,0,0,0
296,2050,1,1,1,0,0,0
297,2050,1,1,1,0,0,0
298,2050,1,1,1,0,0,0
299,2050,1,1,1,0,0,0
300,2050,0.9,1,1,0,0,0
301,2050,1,1,1,0,0,0
302,2050,1,1,1,0,0,0
303,2050,1,1,1,0,0,0
304,2050,1,1,1,0,0,0
305,2050,1,1,1,0,0,0
306,2050,1,1,1,0,0,0
307,2050,1,1,1,0,0,0
308,2050,1,1,1,0,0,0
309,2050,1,1,1,0,0,0
310,2050,0.9,1,1,0,0,0
311,2050,1,1,1,0,0,0
312,2050,1,1,1,0,0,0
313,2050,1,1,1,0,0,0
314,2050,1,1,1,0,0,0
315,2050,1,1,1,0,0,0
316,2050,1,1,1,0,0,0
317,2050,1,1,1,0,0,0
318,2050,1,1,1,0,0,0
319,2050,0.9,1,1,0,0,0
320,2050,0.9,1,1,0,0,0
321,2050,0.9,1,1,0,0,0
322,2050,1,1,1,0,0,0
323,2050,1,1,1,0,0,0
324,2050,0.9,1,1,0,0,0
325,2050,0.9,1,1,0,0,0
326,2050,0.9,1,1,0,0,0
327,2050,1,1,1,0,0,0
328,2050,1,1,1,0,0,0
329,2050,1,1,1,0,0,0
330,2050,1,1,1,0,0,0
331,2050,1,1,1,0,0,0
332,2050,1,1,1,0,0,0
333,2050,1,1,1,0,0,0
334,2050,1,1,1,0,0,0
335,2050,1,1,1,0,0,0
336,2050,0.9,1,1,0,0,0
337,2050,1,1,1,0,0,0
338,2050,1,1,1,0,0,0
339,2050,1,1,1,0,0,0
340,2050,1,1,1,0,0,0
341,2050,1,1,1,0,0,0
342,2050,1,1,1,0,0,0
343,2050,0.9,1,1,0,0,0
344,2050,0.9,1,1,0,0,0
345,2050,0.9,1,1,0,0,0
346,2050,0.9,1,1,0,0,0
347,2050,0,0,0,0.9,1,1
348,2050,1,1,1,0,0,0
349,2050,0.9,1,1,0,0,0
350,2050,0.9,1,1,0,0,0
351,2050,0.9,1,1,0,0,0
352,2050,0.9,1,1,0,0,0
353,2050,0,0,0,0,0,0
354,2050,0,0,0,0.9,1,1
355,2050,0,0,0,0,0,0
356,2050,0,0,0,0.9,1,1
357,2050,0,0,0,0.9,1,1
358,2050,0,0,0,0.9,1,1
359,2050,0,0,0,0.9,1,1
360,2050,0,0,0,0.9,1,1
361,2050,0,0,0,0.9,1,1
362,2050,0,0,0,0.9,1,1
363,2050,0.9,1,1,0,0,0
364,2050,1,1,1,0,0,0
365,2050,0.9,1,1,0,0,0
366,2050,0.9,1,1,0,0,0
367,2050,1,1,1,0,0,0
368,2050,1,1,1,0,0,0
369,2050,1,1,1,0,0,0
370,2050,0.9,1,1,0,0,0
371,2050,1,1,1,0,0,0
372,2050,0.9,1,1,0,0,0
373,2050,0,0,0,0,0,0
374,2050,0.9,1,1,0,0,0
375,2050,0.9,1,1,0,0,0
376,2050,0.9,1,1,0,0,0
377,2050,1,1,1,0,0,0
378,2050,0.9,1,1,0,0,0
379,2050,0,0,0,0,0,0
380,2050,0.9,1,1,0,0,0
381,2050,0.9,1,1,0,0,0
382,2050,0.9,1,1,0,0,0
383,2050,0.9,1,1,0,0,0
384,2050,1,1,1,0,0,0
385,2050,1,1,1,0,0,0
386,2050,1,1,1,0,0,0
387,2050,1,1,1,0,0,0
388,2050,1,1,1,0,0,0
389,2050,0.9,1,1,0,0,0
390,2050,0.9,1,1,0,0,0
391,2050,1,1,1,0,0,0
392,2050,0.9,1,1,0,0,0
393,2050,1,1,1,0,0,0
394,2050,0.9,1,1,0,0,0
395,2050,1,1,1,0,0,0
396,2050,1,1,1,0,0,0
397,2050,1,1,1,0,0,0
398,2050,1,1,1,0,0,0
399,2050,1,1,1,0,0,0
400,2050,0.9,1,1,0,0,0
401,2050,0.9,1,1,0,0,0
402,2050,1,1,1,0,0,0
403,2050,1,1,1,0,0,0
404,2050,1,1,1,0,0,0
405,2050,1,1,1,0,0,0
406,2050,0.9,1,1,0,0,0
407,2050,1,1,1,0,0,0
408,2050,1,1,1,0,0,0
409,2050,1,1,1,0,0,0
410,2050,1,1,1,0,0,0
411,2050,1,1,1,0,0,0
412,2050,1,1,1,0,0,0
413,2050,1,1,1,0,0,0
414,2050,1,1,1,0,0,0
415,2050,1,1,1,0,0,0
416,2050,1,1,1,0,0,0
417,2050,1,1,1,0,0,0
418,2050,1,1,1,0,0,0
419,2050,1,1,1,0,0,0
420,2050,1,1,1,0,0,0
421,2050,1,1,1,0,0,0
422,2050,1,1,1,0,0,0
423,2050,1,1,1,0,0,0
424,2050,1,1,1,0,0,0
425,2050,1,1,1,0,0,0
426,2050,1,1,1,0,0,0
427,2050,1,1,1,0,0,0
428,2050,1,1,1,0,0,0
429,2050,1,1,1,0,0,0
430,2050,1,1,1,0,0,0
431,2050,1,1,1,0,0,0
432,2050,1,1,1,0,0,0
433,2050,1,1,1,0,0,0
434,2050,0.9,1,1,0,0,0
435,2050,1,1,1,0,0,0
436,2050,0.9,1,1,0,0,0
437,2050,1,1,1,0,0,0
438,2050,1,1,1,0,0,0
439,2050,1,1,1,0,0,0
440,2050,1,1,1,0,0,0
441,2050,1,1,1,0,0,0
442,2050,1,1,1,0,0,0
443,2050,0.9,1,1,0,0,0
444,2050,1,1,1,0,0,0
445,2050,1,1,1,0,0,0
446,2050,1,1,1,0,0,0
447,2050,1,1,1,0,0,0
448,2050,1,1,1,0,0,0
449,2050,1,1,1,0,0,0
450,2050,1,1,1,0,0,0
451,2050,1,1,1,0,0,0
452,2050,1,1,1,0,0,0
453,2050,1,1,1,0,0,0
454,2050,1,1,1,0,0,0
455,2050,1,1,1,0,0,0
456,2050,1,1,1,0,0,0
457,2050,1,1,1,0,0,0
458,2050,1,1,1,0,0,0
459,2050,1,1,1,0,0,0
