Geo,Year,SFDU,MFDU,GQDU
1,2005,1573,1050,0
2,2005,1551,1313,0
3,2005,1535,1205,602
4,2005,2708,50,366
5,2005,2099,319,0
6,2005,668,160,0
7,2005,1354,133,0
8,2005,1949,680,0
9,2005,1467,384,0
10,2005,1742,683,0
11,2005,872,371,0
12,2005,1981,347,0
13,2005,719,391,0
14,2005,592,182,0
15,2005,1988,659,0
16,2005,1203,2243,0
17,2005,1506,1233,0
18,2005,2,396,0
19,2005,79,116,0
20,2005,589,2319,0
21,2005,1234,1743,0
22,2005,491,681,0
23,2005,842,433,0
24,2005,757,131,0
25,2005,0,0,0
26,2005,3281,1101,0
27,2005,1782,534,0
28,2005,1610,1001,0
29,2005,990,663,0
30,2005,617,456,0
31,2005,411,222,0
32,2005,1752,201,0
33,2005,874,3056,0
34,2005,11,265,0
35,2005,139,391,0
36,2005,159,402,0
37,2005,935,480,0
38,2005,344,1945,0
39,2005,1448,42,0
40,2005,546,1389,0
41,2005,210,95,0
42,2005,2139,98,0
43,2005,760,815,0
44,2005,1542,248,0
45,2005,178,161,0
46,2005,0,0,0
47,2005,2159,844,0
48,2005,1774,649,0
49,2005,1461,296,0
50,2005,1513,93,0
51,2005,710,12,0
52,2005,2336,911,0
53,2005,1069,255,0
54,2005,686,307,0
55,2005,445,308,0
56,2005,706,152,0
57,2005,410,260,0
58,2005,783,281,0
59,2005,3380,562,471
60,2005,172,24,0
61,2005,1107,165,0
62,2005,666,644,0
63,2005,1163,338,0
64,2005,738,262,0
65,2005,1247,520,0
66,2005,3461,401,0
67,2005,869,90,0
68,2005,1342,391,0
69,2005,1730,449,1674
70,2005,2589,1033,0
71,2005,1490,865,0
72,2005,0,0,0
73,2005,983,1234,0
74,2005,14,56,0
75,2005,1092,1733,0
76,2005,1209,593,0
77,2005,163,3275,0
78,2005,0,0,0
79,2005,64,2344,0
80,2005,16,727,0
81,2005,5,3711,0
82,2005,70,2042,0
83,2005,0,0,0
84,2005,1,2850,1299
85,2005,70,2570,549
86,2005,205,832,0
87,2005,738,1182,0
88,2005,803,320,0
89,2005,718,207,0
90,2005,1068,0,0
91,2005,1250,136,0
92,2005,1361,177,1168
93,2005,2188,418,0
94,2005,795,662,0
95,2005,858,561,0
96,2005,2156,221,0
97,2005,834,822,0
98,2005,1169,206,0
99,2005,784,497,0
100,2005,940,717,0
101,2005,1618,1207,0
102,2005,509,8,0
103,2005,864,245,0
104,2005,1031,38,0
105,2005,2334,339,0
106,2005,908,307,0
107,2005,24,1232,0
108,2005,482,549,0
109,2005,186,58,0
110,2005,537,660,0
111,2005,1772,705,0
112,2005,1070,183,0
113,2005,873,65,0
114,2005,477,311,0
115,2005,886,702,0
116,2005,715,72,0
117,2005,884,19,0
118,2005,1857,2386,0
119,2005,513,330,0
120,2005,1040,426,0
121,2005,1203,786,0
122,2005,929,234,0
123,2005,1129,1116,0
124,2005,863,335,0
125,2005,786,179,0
126,2005,0,0,0
127,2005,1579,104,0
128,2005,2486,467,0
129,2005,657,551,0
130,2005,934,1009,0
131,2005,433,924,0
132,2005,2226,1398,0
133,2005,2020,1334,0
134,2005,390,3,0
135,2005,1150,1711,0
136,2005,962,262,0
137,2005,1843,216,0
138,2005,974,938,0
139,2005,951,761,0
140,2005,921,495,0
141,2005,639,996,0
142,2005,986,1124,0
143,2005,356,979,0
144,2005,1635,829,0
145,2005,845,643,0
146,2005,881,1296,0
147,2005,1068,1240,0
148,2005,1154,356,0
149,2005,1672,7,0
150,2005,594,1077,0
151,2005,556,292,0
152,2005,1282,12,0
153,2005,1406,296,0
154,2005,732,1450,0
155,2005,869,682,0
156,2005,1430,1728,0
157,2005,857,1334,0
158,2005,585,1065,0
159,2005,725,773,0
160,2005,1140,200,0
161,2005,1173,527,0
162,2005,1866,70,0
163,2005,1246,1226,0
164,2005,1361,322,0
165,2005,783,1141,0
166,2005,1467,897,0
167,2005,613,1422,0
168,2005,260,795,0
169,2005,1367,13,0
170,2005,0,2306,0
171,2005,33,4,0
172,2005,1123,401,0
173,2005,2070,1538,0
174,2005,975,314,0
175,2005,778,1072,0
176,2005,1606,740,0
177,2005,1806,225,0
178,2005,718,0,0
179,2005,1900,70,0
180,2005,1595,744,0
181,2005,1186,207,0
182,2005,1961,289,0
183,2005,674,32,0
184,2005,2285,474,0
185,2005,1189,101,0
186,2005,775,1162,0
187,2005,679,552,0
188,2005,1936,298,0
189,2005,1716,312,0
190,2005,1243,1554,0
191,2005,1771,363,0
192,2005,1056,101,0
193,2005,1733,381,0
194,2005,1133,1104,0
195,2005,989,931,0
196,2005,1419,1739,0
197,2005,2069,29,0
198,2005,878,560,0
199,2005,369,180,0
200,2005,2441,377,0
201,2005,1733,787,0
202,2005,1920,162,0
203,2005,898,486,0
204,2005,692,1126,0
205,2005,346,825,0
206,2005,311,1888,0
207,2005,250,824,0
208,2005,1895,227,0
209,2005,1578,2,0
210,2005,1250,31,0
211,2005,1225,200,0
212,2005,1104,547,0
213,2005,952,459,0
214,2005,1956,933,0
215,2005,1174,170,0
216,2005,626,447,0
217,2005,1271,911,0
218,2005,1818,151,0
219,2005,2138,231,0
220,2005,603,58,0
221,2005,1436,571,0
222,2005,309,1435,0
223,2005,2423,619,0
224,2005,512,180,0
225,2005,0,0,0
226,2005,1227,439,0
227,2005,765,370,0
228,2005,880,656,0
229,2005,1610,0,0
230,2005,877,93,0
231,2005,2102,0,0
232,2005,1530,0,0
233,2005,1549,231,0
234,2005,1896,9,0
235,2005,1461,166,0
236,2005,1828,625,0
237,2005,748,114,0
238,2005,1629,476,0
239,2005,1412,0,0
240,2005,1586,70,0
241,2005,2241,2,0
242,2005,1223,273,0
243,2005,1287,259,0
244,2005,1007,36,0
245,2005,1776,0,0
246,2005,1601,265,0
247,2005,1782,85,0
248,2005,0,0,0
249,2005,2021,306,0
250,2005,760,923,0
251,2005,106,72,0
252,2005,1967,1713,0
253,2005,893,1082,0
254,2005,1755,831,0
255,2005,1235,357,0
256,2005,1038,893,0
257,2005,693,1056,0
258,2005,1487,897,0
259,2005,935,396,0
260,2005,2002,870,0
261,2005,90,654,0
262,2005,1720,1659,0
263,2005,1467,835,0
264,2005,83,686,0
265,2005,994,66,0
266,2005,588,1041,0
267,2005,1845,1892,0
268,2005,1851,1091,0
269,2005,773,569,0
270,2005,1023,1956,0
271,2005,437,682,0
272,2005,509,1334,0
273,2005,1058,1937,0
274,2005,27,1470,0
275,2005,1208,515,0
276,2005,1701,517,0
277,2005,1508,1047,0
278,2005,556,21,0
279,2005,1278,975,0
280,2005,1982,170,0
281,2005,555,440,0
282,2005,418,64,0
283,2005,2148,335,0
284,2005,2926,242,0
285,2005,2451,435,0
286,2005,890,339,0
287,2005,1166,2115,0
288,2005,846,1125,0
289,2005,1585,2097,0
290,2005,1020,191,0
291,2005,1105,1482,0
292,2005,1382,143,0
293,2005,1698,214,0
294,2005,94,1136,0
295,2005,0,2240,0
296,2005,1357,381,0
297,2005,2445,507,0
298,2005,403,457,0
299,2005,1008,1482,0
300,2005,2258,393,0
301,2005,1809,93,0
302,2005,1170,154,0
303,2005,881,641,0
304,2005,606,1439,0
305,2005,1348,608,0
306,2005,532,2,0
307,2005,2595,555,0
308,2005,890,295,0
309,2005,1705,955,0
310,2005,1795,466,0
311,2005,1409,8,0
312,2005,2299,594,0
313,2005,916,397,0
314,2005,1213,344,0
315,2005,1099,899,0
316,2005,126,1545,0
317,2005,0,0,0
318,2005,222,1592,0
319,2005,2878,568,0
320,2005,1115,75,0
321,2005,733,19,0
322,2005,1845,440,0
323,2005,562,0,0
324,2005,291,180,0
325,2005,2179,38,0
326,2005,1109,64,0
327,2005,2025,158,0
328,2005,2081,598,0
329,2005,1416,232,0
330,2005,1424,682,0
331,2005,470,1152,0
332,2005,776,378,0
333,2005,323,531,0
334,2005,545,125,0
335,2005,799,336,0
336,2005,2207,245,0
337,2005,1059,440,0
338,2005,1643,791,0
339,2005,366,670,0
340,2005,212,471,0
341,2005,871,338,0
342,2005,340,18,0
343,2005,1623,94,0
344,2005,466,0,0
345,2005,848,763,0
346,2005,1598,315,0
347,2005,1997,102,0
348,2005,859,219,0
349,2005,757,552,0
350,2005,533,1587,902
351,2005,1244,466,0
352,2005,1451,0,0
353,2005,790,0,0
354,2005,1197,49,0
355,2005,815,0,0
356,2005,1510,23,0
357,2005,840,0,0
358,2005,1760,96,0
359,2005,1181,0,0
360,2005,1644,0,0
361,2005,406,3,0
362,2005,1718,113,0
363,2005,1378,6,0
364,2005,1266,313,0
365,2005,999,16,0
366,2005,669,70,0
367,2005,294,416,0
368,2005,1028,402,0
369,2005,669,71,0
370,2005,1031,124,0
371,2005,1008,204,0
372,2005,1027,0,0
373,2005,1552,2,0
374,2005,1651,13,0
375,2005,877,264,0
376,2005,1562,79,0
377,2005,918,539,0
378,2005,998,6,0
379,2005,859,7,0
380,2005,1333,0,0
381,2005,1696,4,0
382,2005,1117,75,0
383,2005,943,8,0
384,2005,1004,4,0
385,2005,833,0,0
386,2005,2006,28,0
387,2005,948,308,0
388,2005,952,24,0
389,2005,931,10,0
390,2005,1459,116,0
391,2005,992,322,0
392,2005,1200,2,0
393,2005,1422,230,0
394,2005,1755,107,0
395,2005,1276,20,0
396,2005,537,22,0
397,2005,1211,499,0
398,2005,772,96,0
399,2005,1445,789,0
400,2005,1024,4,0
401,2005,1379,1,0
402,2005,2000,23,0
403,2005,1432,591,0
404,2005,1078,6,0
405,2005,1394,263,0
406,2005,483,389,0
407,2005,897,336,0
408,2005,1361,26,0
409,2005,961,638,0
410,2005,828,793,0
411,2005,957,175,0
412,2005,791,308,0
413,2005,1514,163,0
414,2005,654,2,0
415,2005,1249,2273,0
416,2005,1392,421,0
417,2005,121,987,0
418,2005,822,400,0
419,2005,1063,1235,0
420,2005,1077,520,0
421,2005,762,994,0
422,2005,1709,371,0
423,2005,1075,761,0
424,2005,1714,630,0
425,2005,661,678,0
426,2005,252,724,0
427,2005,761,593,0
428,2005,978,920,0
429,2005,1362,383,0
430,2005,1517,701,0
431,2005,901,84,0
432,2005,689,1129,0
433,2005,1272,944,0
434,2005,1392,7,0
435,2005,760,2,0
436,2005,1853,3,0
437,2005,1434,1010,0
438,2005,632,205,0
439,2005,1413,39,0
440,2005,423,445,0
441,2005,1130,16,0
442,2005,1040,5,0
443,2005,1553,354,0
444,2005,686,388,0
445,2005,429,1375,0
446,2005,659,835,0
447,2005,1032,548,0
448,2005,732,381,0
449,2005,472,102,0
450,2005,722,336,0
451,2005,640,637,0
452,2005,16,417,0
453,2005,307,529,0
454,2005,535,1855,0
455,2005,554,1386,0
456,2005,846,248,0
457,2005,430,211,0
458,2005,372,248,0
459,2005,1714,326,0
1,2010,1681,1081,0
2,2010,1551,1320,0
3,2010,1555,1205,602
4,2010,2715,50,366
5,2010,2156,324,0
6,2010,686,165,0
7,2010,1386,143,0
8,2010,2007,705,0
9,2010,1481,391,0
10,2010,1851,779,0
11,2010,893,376,0
12,2010,1999,377,0
13,2010,718,391,0
14,2010,605,182,0
15,2010,1987,700,0
16,2010,1228,2323,0
17,2010,1507,1278,0
18,2010,2,430,0
19,2010,77,115,0
20,2010,590,2475,0
21,2010,1222,1766,0
22,2010,480,714,0
23,2010,839,471,0
24,2010,756,130,0
25,2010,0,0,0
26,2010,3360,1128,0
27,2010,1831,535,0
28,2010,1723,1063,0
29,2010,1046,681,0
30,2010,637,468,0
31,2010,420,227,0
32,2010,1765,203,0
33,2010,886,3107,0
34,2010,11,262,0
35,2010,147,397,0
36,2010,162,507,0
37,2010,935,524,0
38,2010,349,1977,0
39,2010,1447,42,0
40,2010,545,1379,0
41,2010,222,109,0
42,2010,2143,122,0
43,2010,731,832,0
44,2010,1522,245,0
45,2010,179,173,0
46,2010,0,0,0
47,2010,2162,830,0
48,2010,1846,765,0
49,2010,1485,307,0
50,2010,1512,96,0
51,2010,713,12,0
52,2010,2396,1009,0
53,2010,1101,270,0
54,2010,706,339,0
55,2010,409,426,0
56,2010,747,169,0
57,2010,370,308,0
58,2010,796,325,0
59,2010,3406,566,471
60,2010,138,19,0
61,2010,1137,167,0
62,2010,655,790,0
63,2010,1164,384,0
64,2010,754,269,0
65,2010,1218,603,0
66,2010,3581,403,0
67,2010,878,89,0
68,2010,1124,820,0
69,2010,1741,477,1674
70,2010,2768,1062,0
71,2010,1466,1078,0
72,2010,0,0,0
73,2010,960,1309,0
74,2010,15,98,0
75,2010,1019,1850,0
76,2010,1243,607,0
77,2010,160,3299,0
78,2010,0,0,0
79,2010,61,2438,0
80,2010,18,928,0
81,2010,6,5344,0
82,2010,65,2201,0
83,2010,0,0,0
84,2010,1,3015,1299
85,2010,59,3000,549
86,2010,203,817,0
87,2010,796,1332,0
88,2010,707,365,0
89,2010,686,261,0
90,2010,1118,0,0
91,2010,1260,137,0
92,2010,1367,170,1168
93,2010,2261,406,0
94,2010,802,675,0
95,2010,868,645,0
96,2010,2209,220,0
97,2010,908,850,0
98,2010,1162,210,0
99,2010,793,535,0
100,2010,940,720,0
101,2010,1730,1128,0
102,2010,434,7,0
103,2010,852,244,0
104,2010,1146,54,0
105,2010,2709,508,0
106,2010,915,301,0
107,2010,21,1259,0
108,2010,534,624,0
109,2010,176,65,0
110,2010,588,702,0
111,2010,1815,773,0
112,2010,1033,160,0
113,2010,891,66,0
114,2010,481,309,0
115,2010,909,723,0
116,2010,744,78,0
117,2010,864,18,0
118,2010,1811,2692,0
119,2010,502,359,0
120,2010,1171,518,0
121,2010,1238,1036,0
122,2010,934,222,0
123,2010,1241,1218,0
124,2010,910,397,0
125,2010,824,207,0
126,2010,0,0,0
127,2010,1644,104,0
128,2010,2903,568,0
129,2010,626,542,0
130,2010,904,1126,0
131,2010,500,1000,0
132,2010,2449,1575,0
133,2010,2069,1459,0
134,2010,369,3,0
135,2010,1203,1808,0
136,2010,1005,270,0
137,2010,1835,215,0
138,2010,1006,1036,0
139,2010,927,764,0
140,2010,930,493,0
141,2010,613,1008,0
142,2010,995,1200,0
143,2010,375,1079,0
144,2010,1702,870,0
145,2010,859,667,0
146,2010,909,1317,0
147,2010,1067,1296,0
148,2010,1149,366,0
149,2010,1765,9,0
150,2010,551,1010,0
151,2010,565,294,0
152,2010,1327,16,0
153,2010,1534,279,0
154,2010,886,1765,0
155,2010,876,953,0
156,2010,1597,2056,0
157,2010,1048,1329,0
158,2010,658,1330,0
159,2010,975,498,0
160,2010,1314,184,0
161,2010,1260,426,0
162,2010,2111,68,0
163,2010,1131,1408,0
164,2010,1511,353,0
165,2010,856,1174,0
166,2010,1670,1088,0
167,2010,606,1369,0
168,2010,327,637,0
169,2010,1420,13,0
170,2010,0,2434,0
171,2010,32,5,0
172,2010,1078,396,0
173,2010,2151,1541,0
174,2010,997,312,0
175,2010,785,1077,0
176,2010,1634,749,0
177,2010,1853,237,0
178,2010,732,0,0
179,2010,1948,62,0
180,2010,1901,890,0
181,2010,1343,228,0
182,2010,1976,295,0
183,2010,698,33,0
184,2010,2397,463,0
185,2010,1194,110,0
186,2010,768,1170,0
187,2010,681,558,0
188,2010,1936,302,0
189,2010,1724,309,0
190,2010,1280,1545,0
191,2010,1803,374,0
192,2010,1000,97,0
193,2010,1901,389,0
194,2010,1128,981,0
195,2010,1036,1043,0
196,2010,1441,1730,0
197,2010,2212,34,0
198,2010,914,582,0
199,2010,391,200,0
200,2010,2524,385,0
201,2010,1754,808,0
202,2010,2011,361,0
203,2010,923,536,0
204,2010,738,1054,0
205,2010,139,1023,0
206,2010,331,1899,0
207,2010,330,830,0
208,2010,2445,300,0
209,2010,1858,2,0
210,2010,1652,17,0
211,2010,1278,195,0
212,2010,1277,571,0
213,2010,963,465,0
214,2010,2009,951,0
215,2010,1259,175,0
216,2010,771,455,0
217,2010,1419,957,0
218,2010,2178,156,0
219,2010,2212,240,0
220,2010,629,348,0
221,2010,1474,582,0
222,2010,371,1795,0
223,2010,2534,611,0
224,2010,538,184,0
225,2010,0,0,0
226,2010,1377,448,0
227,2010,838,401,0
228,2010,985,725,0
229,2010,1601,0,0
230,2010,963,77,0
231,2010,2167,0,0
232,2010,1572,0,0
233,2010,1824,262,0
234,2010,1888,7,0
235,2010,1509,171,0
236,2010,2336,675,0
237,2010,866,112,0
238,2010,1648,440,0
239,2010,1439,0,0
240,2010,1633,69,0
241,2010,2247,2,0
242,2010,1540,292,0
243,2010,1268,361,0
244,2010,951,36,0
245,2010,1830,0,0
246,2010,1750,260,0
247,2010,1839,86,0
248,2010,0,0,0
249,2010,2109,312,0
250,2010,728,884,0
251,2010,82,54,0
252,2010,1776,2175,0
253,2010,1152,1016,0
254,2010,1881,786,0
255,2010,1215,348,0
256,2010,1131,956,0
257,2010,692,1016,0
258,2010,1493,904,0
259,2010,1002,411,0
260,2010,2102,865,0
261,2010,90,645,0
262,2010,1838,1666,0
263,2010,1485,844,0
264,2010,91,719,0
265,2010,1149,70,0
266,2010,576,1110,0
267,2010,1733,1902,0
268,2010,1987,1160,0
269,2010,786,576,0
270,2010,1081,1939,0
271,2010,455,682,0
272,2010,516,1332,0
273,2010,1071,2053,0
274,2010,27,1486,0
275,2010,1244,513,0
276,2010,1627,477,0
277,2010,1552,1075,0
278,2010,621,24,0
279,2010,1340,1022,0
280,2010,2238,179,0
281,2010,655,579,0
282,2010,422,63,0
283,2010,2384,321,0
284,2010,3551,405,0
285,2010,2711,389,0
286,2010,910,340,0
287,2010,1472,2533,0
288,2010,876,1203,0
289,2010,1689,2214,0
290,2010,1189,281,0
291,2010,1415,1643,0
292,2010,1495,161,0
293,2010,1710,214,0
294,2010,118,1230,0
295,2010,0,2275,0
296,2010,1376,373,0
297,2010,2711,530,0
298,2010,438,452,0
299,2010,1136,1481,0
300,2010,2566,423,0
301,2010,1853,91,0
302,2010,1198,134,0
303,2010,906,668,0
304,2010,576,2039,0
305,2010,1556,527,0
306,2010,605,2,0
307,2010,2918,678,0
308,2010,904,337,0
309,2010,1819,921,0
310,2010,2044,535,0
311,2010,1612,9,0
312,2010,2611,575,0
313,2010,945,398,0
314,2010,1261,345,0
315,2010,1140,978,0
316,2010,159,1666,0
317,2010,0,0,0
318,2010,221,1556,0
319,2010,3351,652,0
320,2010,1171,78,0
321,2010,746,23,0
322,2010,1880,438,0
323,2010,818,0,0
324,2010,306,322,0
325,2010,2229,352,0
326,2010,1365,71,0
327,2010,2179,181,0
328,2010,2254,595,0
329,2010,1546,259,0
330,2010,1859,1164,0
331,2010,470,1194,0
332,2010,836,406,0
333,2010,373,568,0
334,2010,745,129,0
335,2010,889,365,0
336,2010,2356,252,0
337,2010,1169,428,0
338,2010,1678,797,0
339,2010,410,745,0
340,2010,229,505,0
341,2010,1016,360,0
342,2010,355,19,0
343,2010,1694,95,0
344,2010,465,0,0
345,2010,981,776,0
346,2010,1643,333,0
347,2010,2056,102,0
348,2010,879,223,0
349,2010,751,542,0
350,2010,630,1541,902
351,2010,1432,487,0
352,2010,1592,0,0
353,2010,809,0,0
354,2010,1266,54,0
355,2010,823,0,0
356,2010,1709,27,0
357,2010,911,0,0
358,2010,1930,111,0
359,2010,1262,0,0
360,2010,1778,0,0
361,2010,425,3,0
362,2010,2098,138,0
363,2010,1431,6,0
364,2010,1471,344,0
365,2010,1115,18,0
366,2010,693,78,0
367,2010,326,554,0
368,2010,1177,461,0
369,2010,800,99,0
370,2010,1529,195,0
371,2010,1056,218,0
372,2010,1109,0,0
373,2010,1701,3,0
374,2010,1740,14,0
375,2010,898,262,0
376,2010,2015,88,0
377,2010,938,554,0
378,2010,1210,7,0
379,2010,938,7,0
380,2010,1428,0,0
381,2010,1817,5,0
382,2010,1391,118,0
383,2010,1179,11,0
384,2010,1340,5,0
385,2010,1039,0,0
386,2010,2057,25,0
387,2010,842,456,0
388,2010,962,27,0
389,2010,1333,12,0
390,2010,1552,146,0
391,2010,1062,282,0
392,2010,1361,2,0
393,2010,1541,248,0
394,2010,1913,128,0
395,2010,1505,21,0
396,2010,571,22,0
397,2010,1501,551,0
398,2010,879,116,0
399,2010,1515,794,0
400,2010,1100,5,0
401,2010,1531,1,0
402,2010,2149,25,0
403,2010,1496,566,0
404,2010,1392,7,0
405,2010,1405,269,0
406,2010,476,455,0
407,2010,903,345,0
408,2010,1401,27,0
409,2010,977,665,0
410,2010,856,803,0
411,2010,963,193,0
412,2010,897,373,0
413,2010,1650,167,0
414,2010,779,3,0
415,2010,1352,2629,0
416,2010,1515,422,0
417,2010,129,1110,0
418,2010,1023,571,0
419,2010,1093,1488,0
420,2010,1136,552,0
421,2010,805,1058,0
422,2010,1698,369,0
423,2010,1095,777,0
424,2010,1740,642,0
425,2010,807,848,0
426,2010,231,816,0
427,2010,1008,557,0
428,2010,1081,921,0
429,2010,1475,427,0
430,2010,1560,817,0
431,2010,979,94,0
432,2010,738,1182,0
433,2010,1291,940,0
434,2010,1716,9,0
435,2010,799,3,0
436,2010,2500,4,0
437,2010,1641,1195,0
438,2010,805,145,0
439,2010,1471,41,0
440,2010,492,453,0
441,2010,1174,17,0
442,2010,1052,5,0
443,2010,1644,368,0
444,2010,712,432,0
445,2010,434,1408,0
446,2010,650,814,0
447,2010,1037,550,0
448,2010,727,382,0
449,2010,475,103,0
450,2010,760,370,0
451,2010,641,666,0
452,2010,19,618,0
453,2010,305,574,0
454,2010,519,1969,0
455,2010,569,1397,0
456,2010,797,264,0
457,2010,454,211,0
458,2010,370,245,0
459,2010,1709,325,0
1,2020,1659,1441,0
2,2020,1556,1709,0
3,2020,1562,1159,602
4,2020,2858,70,366
5,2020,2219,422,0
6,2020,724,245,0
7,2020,1578,178,0
8,2020,2197,1005,0
9,2020,1562,643,0
10,2020,1855,1023,0
11,2020,972,433,0
12,2020,2045,538,0
13,2020,737,732,0
14,2020,613,343,0
15,2020,1983,1094,0
16,2020,1325,3119,0
17,2020,1558,1563,0
18,2020,3,625,0
19,2020,78,194,0
20,2020,565,2762,0
21,2020,1226,2129,0
22,2020,496,889,0
23,2020,818,488,0
24,2020,743,225,0
25,2020,0,0,0
26,2020,3142,1617,0
27,2020,1927,975,0
28,2020,1712,1485,0
29,2020,1162,917,0
30,2020,612,617,0
31,2020,450,262,0
32,2020,1888,271,0
33,2020,904,4286,0
34,2020,19,718,0
35,2020,170,994,0
36,2020,27,2632,0
37,2020,956,712,0
38,2020,333,2370,0
39,2020,1498,42,0
40,2020,555,1770,0
41,2020,236,339,0
42,2020,2189,218,0
43,2020,746,1030,0
44,2020,1591,403,0
45,2020,192,209,0
46,2020,0,0,0
47,2020,2235,978,0
48,2020,2003,811,0
49,2020,1673,427,0
50,2020,1528,119,0
51,2020,743,9,0
52,2020,2512,1532,0
53,2020,1126,495,0
54,2020,752,929,0
55,2020,449,671,0
56,2020,791,244,0
57,2020,383,748,0
58,2020,867,499,0
59,2020,3547,775,471
60,2020,168,28,0
61,2020,1127,238,0
62,2020,657,922,0
63,2020,1272,735,0
64,2020,823,448,0
65,2020,1241,1009,0
66,2020,3750,584,0
67,2020,882,117,0
68,2020,1176,900,0
69,2020,1762,635,1674
70,2020,2785,1406,0
71,2020,1552,1900,0
72,2020,0,0,0
73,2020,1017,1542,0
74,2020,21,600,0
75,2020,1130,2015,0
76,2020,1359,966,0
77,2020,161,3513,0
78,2020,0,0,0
79,2020,66,3225,0
80,2020,24,1654,0
81,2020,9,8478,0
82,2020,66,2566,0
83,2020,0,0,0
84,2020,0,3431,1299
85,2020,153,6127,549
86,2020,143,766,0
87,2020,830,2103,0
88,2020,764,536,0
89,2020,771,397,0
90,2020,1136,1,0
91,2020,1457,165,0
92,2020,1436,36,1168
93,2020,2502,462,0
94,2020,906,1021,0
95,2020,812,763,0
96,2020,2195,310,0
97,2020,834,1476,0
98,2020,1404,376,0
99,2020,870,865,0
100,2020,984,978,0
101,2020,1482,1724,0
102,2020,507,10,0
103,2020,880,269,0
104,2020,1276,152,0
105,2020,3156,621,0
106,2020,1165,98,0
107,2020,50,1973,0
108,2020,752,862,0
109,2020,230,66,0
110,2020,606,803,0
111,2020,1743,971,0
112,2020,1021,191,0
113,2020,851,77,0
114,2020,517,330,0
115,2020,932,794,0
116,2020,754,88,0
117,2020,858,27,0
118,2020,1766,3698,0
119,2020,694,565,0
120,2020,1059,671,0
121,2020,1056,1992,0
122,2020,900,242,0
123,2020,1214,1262,0
124,2020,915,493,0
125,2020,878,245,0
126,2020,0,0,0
127,2020,1758,136,0
128,2020,3231,730,0
129,2020,719,842,0
130,2020,1067,1300,0
131,2020,401,1032,0
132,2020,2655,1792,0
133,2020,1958,1690,0
134,2020,362,4,0
135,2020,1129,1908,0
136,2020,1006,405,0
137,2020,2091,374,0
138,2020,1042,1176,0
139,2020,913,936,0
140,2020,1053,598,0
141,2020,453,825,0
142,2020,1276,1541,0
143,2020,454,1345,0
144,2020,1799,1078,0
145,2020,877,794,0
146,2020,920,1272,0
147,2020,1141,1331,0
148,2020,1180,426,0
149,2020,2180,15,0
150,2020,610,585,0
151,2020,596,304,0
152,2020,1405,20,0
153,2020,1893,377,0
154,2020,931,1841,0
155,2020,1074,1636,0
156,2020,1804,2091,0
157,2020,1035,1181,0
158,2020,937,1255,0
159,2020,643,1032,0
160,2020,1353,151,0
161,2020,1297,397,0
162,2020,2400,91,0
163,2020,1299,1281,0
164,2020,1409,446,0
165,2020,979,1155,0
166,2020,1961,1039,0
167,2020,423,1603,0
168,2020,313,759,0
169,2020,1468,16,0
170,2020,5,3649,0
171,2020,42,19,0
172,2020,1077,482,0
173,2020,2249,1814,0
174,2020,1048,375,0
175,2020,755,1162,0
176,2020,1572,730,0
177,2020,1923,268,0
178,2020,720,0,0
179,2020,2150,76,0
180,2020,2117,913,0
181,2020,984,445,0
182,2020,1820,267,0
183,2020,1160,57,0
184,2020,2758,512,0
185,2020,1277,111,0
186,2020,852,1268,0
187,2020,764,507,0
188,2020,1986,342,0
189,2020,1796,296,0
190,2020,943,2031,0
191,2020,2042,367,0
192,2020,1152,87,0
193,2020,1937,641,0
194,2020,1165,1163,0
195,2020,1173,956,0
196,2020,1345,1736,0
197,2020,2206,31,0
198,2020,725,792,0
199,2020,439,213,0
200,2020,2555,525,0
201,2020,1819,816,0
202,2020,2411,483,0
203,2020,821,618,0
204,2020,806,1199,0
205,2020,125,1008,0
206,2020,266,2417,0
207,2020,400,1051,0
208,2020,2461,633,0
209,2020,2171,173,0
210,2020,2592,101,0
211,2020,1339,264,0
212,2020,2037,571,0
213,2020,968,613,0
214,2020,2106,999,0
215,2020,1555,167,0
216,2020,878,635,0
217,2020,1398,1112,0
218,2020,2631,174,0
219,2020,2351,329,0
220,2020,1406,626,0
221,2020,1697,754,0
222,2020,342,1680,0
223,2020,2588,764,0
224,2020,677,197,0
225,2020,0,0,0
226,2020,1577,502,0
227,2020,859,544,0
228,2020,1088,799,0
229,2020,1868,13,0
230,2020,854,79,0
231,2020,2218,0,0
232,2020,3071,11,0
233,2020,2488,280,0
234,2020,1943,9,0
235,2020,1607,163,0
236,2020,2631,833,0
237,2020,1175,130,0
238,2020,1652,488,0
239,2020,1487,1,0
240,2020,1660,67,0
241,2020,2305,2,0
242,2020,1727,297,0
243,2020,1496,296,0
244,2020,918,40,0
245,2020,1789,0,0
246,2020,1906,335,0
247,2020,1907,93,0
248,2020,0,0,0
249,2020,2179,308,0
250,2020,1057,1396,0
251,2020,143,0,0
252,2020,2307,2365,0
253,2020,1224,2032,0
254,2020,1842,1059,0
255,2020,1373,509,0
256,2020,995,884,0
257,2020,763,1285,0
258,2020,1561,1023,0
259,2020,1097,438,0
260,2020,2256,1018,0
261,2020,104,1288,0
262,2020,1899,2034,0
263,2020,1564,1035,0
264,2020,106,791,0
265,2020,948,56,0
266,2020,680,1434,0
267,2020,1933,2011,0
268,2020,2025,1382,0
269,2020,776,670,0
270,2020,944,1762,0
271,2020,477,899,0
272,2020,491,1529,0
273,2020,1151,2061,0
274,2020,27,1487,0
275,2020,1354,568,0
276,2020,1842,600,0
277,2020,1668,1033,0
278,2020,625,25,0
279,2020,1055,1206,0
280,2020,2652,178,0
281,2020,1946,1015,0
282,2020,671,97,0
283,2020,2087,384,0
284,2020,4016,445,0
285,2020,2699,765,0
286,2020,991,378,0
287,2020,1873,4522,0
288,2020,1041,1399,0
289,2020,1719,2145,0
290,2020,1114,770,0
291,2020,1649,1721,0
292,2020,1657,176,0
293,2020,1753,230,0
294,2020,99,1191,0
295,2020,0,3032,0
296,2020,1430,392,0
297,2020,2763,519,0
298,2020,551,504,0
299,2020,1381,1565,0
300,2020,4132,539,0
301,2020,2173,100,0
302,2020,1050,135,0
303,2020,1005,828,0
304,2020,585,2369,0
305,2020,1337,821,0
306,2020,727,1,0
307,2020,2707,749,0
308,2020,953,311,0
309,2020,2035,1115,0
310,2020,2724,545,0
311,2020,1956,10,0
312,2020,2996,685,0
313,2020,896,393,0
314,2020,1346,358,0
315,2020,1234,1240,0
316,2020,186,1580,0
317,2020,0,0,0
318,2020,191,1731,0
319,2020,3456,1155,0
320,2020,1105,71,0
321,2020,800,9,0
322,2020,2002,426,0
323,2020,860,0,0
324,2020,526,353,0
325,2020,3511,492,0
326,2020,3297,678,0
327,2020,2251,250,0
328,2020,2344,823,0
329,2020,1586,260,0
330,2020,1892,1756,0
331,2020,567,1388,0
332,2020,872,451,0
333,2020,366,798,0
334,2020,842,142,0
335,2020,1015,347,0
336,2020,2504,368,0
337,2020,1394,771,0
338,2020,1682,1077,0
339,2020,480,885,0
340,2020,265,548,0
341,2020,1144,394,0
342,2020,381,19,0
343,2020,1898,74,0
344,2020,508,0,0
345,2020,1056,821,0
346,2020,1937,366,0
347,2020,2107,75,0
348,2020,1081,316,0
349,2020,740,785,0
350,2020,887,1972,902
351,2020,1869,583,0
352,2020,2284,0,0
353,2020,837,0,0
354,2020,1481,3,0
355,2020,881,0,0
356,2020,1893,33,0
357,2020,1002,0,0
358,2020,2260,141,0
359,2020,1410,0,0
360,2020,1924,0,0
361,2020,650,3,0
362,2020,3965,192,0
363,2020,2082,20,0
364,2020,1631,451,0
365,2020,1710,70,0
366,2020,863,98,0
367,2020,309,567,0
368,2020,1460,489,0
369,2020,1016,124,0
370,2020,1906,249,0
371,2020,1364,238,0
372,2020,1402,0,0
373,2020,1904,3,0
374,2020,1880,13,0
375,2020,964,286,0
376,2020,2364,96,0
377,2020,1001,589,0
378,2020,1578,32,0
379,2020,1051,6,0
380,2020,1542,0,0
381,2020,2406,5,0
382,2020,1954,133,0
383,2020,1311,94,0
384,2020,1407,8,0
385,2020,1315,1,0
386,2020,2104,48,0
387,2020,870,457,0
388,2020,983,34,0
389,2020,1362,248,0
390,2020,2263,211,0
391,2020,1096,359,0
392,2020,1531,15,0
393,2020,1701,305,0
394,2020,2533,262,0
395,2020,1600,47,0
396,2020,679,20,0
397,2020,1602,581,0
398,2020,987,129,0
399,2020,1610,896,0
400,2020,1308,5,0
401,2020,1966,2,0
402,2020,2320,26,0
403,2020,1575,616,0
404,2020,1574,14,0
405,2020,1454,298,0
406,2020,623,367,0
407,2020,978,366,0
408,2020,1476,28,0
409,2020,961,708,0
410,2020,896,865,0
411,2020,1070,158,0
412,2020,981,376,0
413,2020,1854,168,0
414,2020,948,3,0
415,2020,1336,2818,0
416,2020,1655,469,0
417,2020,146,1156,0
418,2020,1049,613,0
419,2020,1236,1562,0
420,2020,1258,586,0
421,2020,812,1129,0
422,2020,1792,382,0
423,2020,1097,794,0
424,2020,1811,613,0
425,2020,868,943,0
426,2020,300,793,0
427,2020,740,1309,0
428,2020,1228,959,0
429,2020,1510,432,0
430,2020,1599,885,0
431,2020,1305,144,0
432,2020,581,1321,0
433,2020,1243,1062,0
434,2020,1827,24,0
435,2020,820,2,0
436,2020,2754,4,0
437,2020,1841,1093,0
438,2020,556,401,0
439,2020,1536,40,0
440,2020,609,384,0
441,2020,1210,12,0
442,2020,1066,4,0
443,2020,2089,395,0
444,2020,766,426,0
445,2020,438,1565,0
446,2020,678,882,0
447,2020,1048,566,0
448,2020,745,409,0
449,2020,530,115,0
450,2020,770,383,0
451,2020,615,822,0
452,2020,41,1456,0
453,2020,309,907,0
454,2020,633,2287,0
455,2020,604,1506,0
456,2020,859,278,0
457,2020,449,273,0
458,2020,368,243,0
459,2020,1769,340,0
1,2025,1665,1715,0
2,2025,1560,2020,0
3,2025,1571,1317,602
4,2025,2909,89,366
5,2025,2247,507,0
6,2025,751,325,0
7,2025,1702,201,0
8,2025,2275,1306,0
9,2025,1568,942,0
10,2025,1931,1424,0
11,2025,1021,488,0
12,2025,2085,712,0
13,2025,740,861,0
14,2025,613,517,0
15,2025,1993,1187,0
16,2025,1346,3688,0
17,2025,1560,1834,0
18,2025,3,755,0
19,2025,79,233,0
20,2025,566,2821,0
21,2025,1227,2278,0
22,2025,499,931,0
23,2025,820,520,0
24,2025,750,282,0
25,2025,0,0,0
26,2025,3125,1809,0
27,2025,1884,1502,0
28,2025,1743,1863,0
29,2025,1158,1092,0
30,2025,611,709,0
31,2025,457,286,0
32,2025,1921,331,0
33,2025,908,5041,0
34,2025,22,948,0
35,2025,171,1281,0
36,2025,27,3611,0
37,2025,957,854,0
38,2025,333,2683,0
39,2025,1512,39,0
40,2025,557,1913,0
41,2025,254,421,0
42,2025,2225,255,0
43,2025,746,1264,0
44,2025,1602,564,0
45,2025,192,233,0
46,2025,0,0,0
47,2025,2247,1149,0
48,2025,2044,954,0
49,2025,1680,527,0
50,2025,1531,141,0
51,2025,759,4,0
52,2025,2518,1935,0
53,2025,1131,613,0
54,2025,764,1036,0
55,2025,452,781,0
56,2025,799,324,0
57,2025,381,932,0
58,2025,883,697,0
59,2025,3568,951,471
60,2025,168,32,0
61,2025,1127,306,0
62,2025,655,1054,0
63,2025,1281,1095,0
64,2025,852,666,0
65,2025,1255,1271,0
66,2025,3795,732,0
67,2025,889,143,0
68,2025,1182,933,0
69,2025,1775,769,1674
70,2025,2831,1572,0
71,2025,1569,2418,0
72,2025,0,0,0
73,2025,1057,1760,0
74,2025,21,797,0
75,2025,1153,2174,0
76,2025,1375,1012,0
77,2025,160,3612,0
78,2025,0,0,0
79,2025,65,3628,0
80,2025,25,1879,0
81,2025,8,9595,0
82,2025,67,2842,0
83,2025,0,0,0
84,2025,0,3470,1299
85,2025,152,7658,549
86,2025,130,966,0
87,2025,839,2679,0
88,2025,805,625,0
89,2025,777,591,0
90,2025,1160,1,0
91,2025,1500,171,0
92,2025,1498,36,1168
93,2025,2622,466,0
94,2025,924,1340,0
95,2025,823,875,0
96,2025,2256,325,0
97,2025,843,1964,0
98,2025,1427,499,0
99,2025,877,1211,0
100,2025,1027,1249,0
101,2025,1506,2152,0
102,2025,524,10,0
103,2025,888,283,0
104,2025,1418,282,0
105,2025,3509,721,0
106,2025,1224,91,0
107,2025,53,2552,0
108,2025,781,1039,0
109,2025,222,64,0
110,2025,630,879,0
111,2025,1790,1167,0
112,2025,1039,197,0
113,2025,861,85,0
114,2025,530,331,0
115,2025,959,865,0
116,2025,768,98,0
117,2025,864,27,0
118,2025,1821,4244,0
119,2025,705,663,0
120,2025,1085,709,0
121,2025,977,2812,0
122,2025,955,268,0
123,2025,1274,1308,0
124,2025,934,542,0
125,2025,920,276,0
126,2025,0,0,0
127,2025,1826,141,0
128,2025,3479,833,0
129,2025,752,895,0
130,2025,1122,1336,0
131,2025,413,1078,0
132,2025,2879,1846,0
133,2025,2040,1820,0
134,2025,365,4,0
135,2025,1182,2035,0
136,2025,1034,442,0
137,2025,2128,420,0
138,2025,1077,1249,0
139,2025,924,1088,0
140,2025,1076,650,0
141,2025,454,852,0
142,2025,1298,1568,0
143,2025,454,1378,0
144,2025,1821,1098,0
145,2025,900,828,0
146,2025,928,1305,0
147,2025,1152,1372,0
148,2025,1189,447,0
149,2025,2455,13,0
150,2025,613,591,0
151,2025,604,303,0
152,2025,1450,23,0
153,2025,2225,388,0
154,2025,965,2185,0
155,2025,1094,1681,0
156,2025,1890,2128,0
157,2025,1052,1188,0
158,2025,981,1316,0
159,2025,672,1048,0
160,2025,1397,170,0
161,2025,1318,397,0
162,2025,2742,104,0
163,2025,1309,1295,0
164,2025,1494,450,0
165,2025,1022,1212,0
166,2025,2104,1045,0
167,2025,424,1614,0
168,2025,318,764,0
169,2025,1493,12,0
170,2025,10,4131,0
171,2025,43,43,0
172,2025,1101,525,0
173,2025,2310,1940,0
174,2025,1085,383,0
175,2025,760,1162,0
176,2025,1588,741,0
177,2025,1953,271,0
178,2025,750,0,0
179,2025,2194,66,0
180,2025,2285,910,0
181,2025,1065,481,0
182,2025,1854,280,0
183,2025,1210,62,0
184,2025,2832,524,0
185,2025,1310,111,0
186,2025,981,1334,0
187,2025,797,526,0
188,2025,2058,342,0
189,2025,1842,288,0
190,2025,989,2086,0
191,2025,2113,367,0
192,2025,1199,87,0
193,2025,2028,668,0
194,2025,1207,1164,0
195,2025,1318,961,0
196,2025,1401,1746,0
197,2025,2289,28,0
198,2025,755,791,0
199,2025,459,215,0
200,2025,2621,536,0
201,2025,1842,817,0
202,2025,2711,521,0
203,2025,861,619,0
204,2025,864,1339,0
205,2025,127,1006,0
206,2025,271,2702,0
207,2025,457,1199,0
208,2025,2581,647,0
209,2025,2227,151,0
210,2025,3230,189,0
211,2025,1457,340,0
212,2025,2543,608,0
213,2025,996,656,0
214,2025,2176,1000,0
215,2025,1924,168,0
216,2025,901,653,0
217,2025,1475,1137,0
218,2025,2862,176,0
219,2025,2604,334,0
220,2025,1773,696,0
221,2025,1863,766,0
222,2025,351,1710,0
223,2025,2712,789,0
224,2025,836,205,0
225,2025,0,0,0
226,2025,1750,547,0
227,2025,1011,563,0
228,2025,1203,845,0
229,2025,2062,35,0
230,2025,868,77,0
231,2025,2277,0,0
232,2025,4491,17,0
233,2025,2982,346,0
234,2025,1980,9,0
235,2025,1688,163,0
236,2025,2909,875,0
237,2025,1352,138,0
238,2025,1690,489,0
239,2025,1487,1,0
240,2025,1659,64,0
241,2025,2325,2,0
242,2025,1806,303,0
243,2025,1603,302,0
244,2025,924,47,0
245,2025,1787,0,0
246,2025,1970,338,0
247,2025,1959,100,0
248,2025,0,0,0
249,2025,2193,312,0
250,2025,1281,1414,0
251,2025,146,0,0
252,2025,2525,2611,0
253,2025,1335,2138,0
254,2025,1953,1242,0
255,2025,1417,549,0
256,2025,1039,977,0
257,2025,790,1327,0
258,2025,1653,1053,0
259,2025,1169,449,0
260,2025,2408,1126,0
261,2025,106,1917,0
262,2025,1986,2273,0
263,2025,1576,1047,0
264,2025,114,797,0
265,2025,988,55,0
266,2025,761,1820,0
267,2025,1954,2070,0
268,2025,2062,1386,0
269,2025,781,687,0
270,2025,943,1782,0
271,2025,481,950,0
272,2025,499,1567,0
273,2025,1192,2166,0
274,2025,26,1491,0
275,2025,1407,614,0
276,2025,1846,622,0
277,2025,1691,1040,0
278,2025,624,27,0
279,2025,1157,1391,0
280,2025,2883,188,0
281,2025,3032,1289,0
282,2025,672,96,0
283,2025,2135,384,0
284,2025,4230,452,0
285,2025,2766,808,0
286,2025,1003,382,0
287,2025,1790,6114,0
288,2025,1058,1399,0
289,2025,1779,2154,0
290,2025,1126,768,0
291,2025,1839,1792,0
292,2025,1696,173,0
293,2025,1780,251,0
294,2025,99,1243,0
295,2025,0,3147,0
296,2025,1477,407,0
297,2025,2864,531,0
298,2025,586,529,0
299,2025,1498,1574,0
300,2025,5655,566,0
301,2025,2288,99,0
302,2025,1058,133,0
303,2025,1048,872,0
304,2025,586,2414,0
305,2025,1423,820,0
306,2025,791,1,0
307,2025,2726,762,0
308,2025,967,306,0
309,2025,2296,1156,0
310,2025,3543,559,0
311,2025,2043,10,0
312,2025,3128,753,0
313,2025,899,393,0
314,2025,1373,357,0
315,2025,1249,1298,0
316,2025,187,1588,0
317,2025,0,0,0
318,2025,194,1746,0
319,2025,3670,1226,0
320,2025,1121,71,0
321,2025,804,4,0
322,2025,2017,429,0
323,2025,873,0,0
324,2025,778,375,0
325,2025,4536,640,0
326,2025,5338,1048,0
327,2025,2335,249,0
328,2025,2391,851,0
329,2025,1642,259,0
330,2025,2001,1884,0
331,2025,583,1506,0
332,2025,847,466,0
333,2025,368,970,0
334,2025,870,153,0
335,2025,1084,319,0
336,2025,2661,392,0
337,2025,1434,929,0
338,2025,1699,1165,0
339,2025,462,868,0
340,2025,273,520,0
341,2025,1152,389,0
342,2025,382,17,0
343,2025,1958,77,0
344,2025,540,0,0
345,2025,1110,851,0
346,2025,2134,517,0
347,2025,2147,75,0
348,2025,1275,400,0
349,2025,788,855,0
350,2025,1047,2139,902
351,2025,1991,603,0
352,2025,2869,0,0
353,2025,835,0,0
354,2025,1603,6,0
355,2025,879,0,0
356,2025,2079,41,0
357,2025,1083,0,0
358,2025,2600,156,0
359,2025,1539,0,0
360,2025,2055,0,0
361,2025,862,3,0
362,2025,5474,288,0
363,2025,2672,45,0
364,2025,1819,489,0
365,2025,2195,170,0
366,2025,1027,102,0
367,2025,336,598,0
368,2025,1517,546,0
369,2025,1257,143,0
370,2025,2129,393,0
371,2025,1606,255,0
372,2025,1633,0,0
373,2025,1996,2,0
374,2025,1989,11,0
375,2025,1017,304,0
376,2025,2575,103,0
377,2025,1029,602,0
378,2025,1874,69,0
379,2025,1146,3,0
380,2025,1633,0,0
381,2025,2971,5,0
382,2025,2440,138,0
383,2025,1420,147,0
384,2025,1417,12,0
385,2025,1388,3,0
386,2025,2150,73,0
387,2025,900,478,0
388,2025,990,42,0
389,2025,1573,244,0
390,2025,2734,280,0
391,2025,1136,435,0
392,2025,1639,36,0
393,2025,1804,322,0
394,2025,2958,324,0
395,2025,1664,63,0
396,2025,751,16,0
397,2025,1654,591,0
398,2025,1041,136,0
399,2025,1678,979,0
400,2025,1511,5,0
401,2025,2275,1,0
402,2025,2421,25,0
403,2025,1604,627,0
404,2025,1754,26,0
405,2025,1490,303,0
406,2025,651,382,0
407,2025,999,373,0
408,2025,1494,26,0
409,2025,1004,741,0
410,2025,946,884,0
411,2025,1126,156,0
412,2025,1010,384,0
413,2025,1957,169,0
414,2025,988,1,0
415,2025,1322,2832,0
416,2025,1711,486,0
417,2025,147,1160,0
418,2025,1092,662,0
419,2025,1287,1552,0
420,2025,1259,590,0
421,2025,821,1133,0
422,2025,1852,384,0
423,2025,1100,793,0
424,2025,1835,618,0
425,2025,917,947,0
426,2025,297,800,0
427,2025,862,1402,0
428,2025,1252,1038,0
429,2025,1542,424,0
430,2025,1617,919,0
431,2025,1494,280,0
432,2025,585,1331,0
433,2025,1243,1062,0
434,2025,1866,40,0
435,2025,830,2,0
436,2025,2984,3,0
437,2025,1883,1122,0
438,2025,583,494,0
439,2025,1544,38,0
440,2025,606,408,0
441,2025,1230,8,0
442,2025,1070,4,0
443,2025,2523,400,0
444,2025,799,444,0
445,2025,448,1698,0
446,2025,682,884,0
447,2025,1045,569,0
448,2025,740,439,0
449,2025,570,119,0
450,2025,768,385,0
451,2025,596,926,0
452,2025,58,2188,0
453,2025,356,1256,0
454,2025,635,2598,0
455,2025,626,1525,0
456,2025,866,275,0
457,2025,450,340,0
458,2025,369,243,0
459,2025,1783,342,0
1,2030,1637,1995,0
2,2030,1530,2333,0
3,2030,1563,1467,602
4,2030,2951,110,366
5,2030,2259,595,0
6,2030,760,412,0
7,2030,1781,219,0
8,2030,2289,1634,0
9,2030,1495,1287,0
10,2030,1913,1871,0
11,2030,1050,537,0
12,2030,2091,899,0
13,2030,726,994,0
14,2030,571,716,0
15,2030,1992,1279,0
16,2030,1300,4262,0
17,2030,1521,2091,0
18,2030,3,853,0
19,2030,74,267,0
20,2030,566,2874,0
21,2030,1209,2414,0
22,2030,499,969,0
23,2030,817,551,0
24,2030,746,341,0
25,2030,0,0,0
26,2030,3087,2003,0
27,2030,1717,2103,0
28,2030,1708,2266,0
29,2030,1130,1274,0
30,2030,600,802,0
31,2030,462,309,0
32,2030,1944,394,0
33,2030,865,5767,0
34,2030,24,1158,0
35,2030,153,1557,0
36,2030,9,4511,0
37,2030,940,1001,0
38,2030,327,2969,0
39,2030,1527,37,0
40,2030,552,2048,0
41,2030,262,504,0
42,2030,2254,293,0
43,2030,715,1505,0
44,2030,1583,738,0
45,2030,190,258,0
46,2030,0,0,0
47,2030,2229,1332,0
48,2030,2054,1100,0
49,2030,1670,632,0
50,2030,1529,162,0
51,2030,774,0,0
52,2030,2438,2381,0
53,2030,1121,737,0
54,2030,767,1141,0
55,2030,444,894,0
56,2030,791,411,0
57,2030,356,1118,0
58,2030,857,916,0
59,2030,3553,1132,471
60,2030,171,38,0
61,2030,1117,379,0
62,2030,639,1188,0
63,2030,1217,1491,0
64,2030,820,923,0
65,2030,1232,1541,0
66,2030,3805,886,0
67,2030,891,169,0
68,2030,1185,964,0
69,2030,1767,910,1674
70,2030,2852,1738,0
71,2030,1509,2960,0
72,2030,0,0,0
73,2030,1074,1974,0
74,2030,12,980,0
75,2030,1166,2323,0
76,2030,1386,1056,0
77,2030,159,3701,0
78,2030,0,0,0
79,2030,59,3961,0
80,2030,24,2070,0
81,2030,7,10587,0
82,2030,66,3093,0
83,2030,0,0,0
84,2030,0,3513,1299
85,2030,74,9088,549
86,2030,101,1164,0
87,2030,775,3247,0
88,2030,829,713,0
89,2030,732,817,0
90,2030,1178,1,0
91,2030,1539,176,0
92,2030,1545,36,1168
93,2030,2705,461,0
94,2030,899,1664,0
95,2030,816,989,0
96,2030,2292,339,0
97,2030,798,2457,0
98,2030,1422,633,0
99,2030,823,1582,0
100,2030,1025,1532,0
101,2030,1485,2581,0
102,2030,538,10,0
103,2030,895,298,0
104,2030,1501,440,0
105,2030,3790,826,0
106,2030,1270,82,0
107,2030,47,3085,0
108,2030,788,1208,0
109,2030,231,61,0
110,2030,650,952,0
111,2030,1794,1377,0
112,2030,1053,202,0
113,2030,868,93,0
114,2030,541,332,0
115,2030,972,938,0
116,2030,781,109,0
117,2030,868,27,0
118,2030,1837,4773,0
119,2030,708,755,0
120,2030,1104,745,0
121,2030,730,3726,0
122,2030,992,288,0
123,2030,1329,1348,0
124,2030,951,595,0
125,2030,955,307,0
126,2030,0,0,0
127,2030,1872,143,0
128,2030,3645,955,0
129,2030,776,944,0
130,2030,1179,1366,0
131,2030,424,1126,0
132,2030,3092,1880,0
133,2030,2110,1949,0
134,2030,367,4,0
135,2030,1230,2158,0
136,2030,1055,478,0
137,2030,2138,481,0
138,2030,1100,1318,0
139,2030,935,1234,0
140,2030,1093,701,0
141,2030,455,881,0
142,2030,1323,1601,0
143,2030,452,1408,0
144,2030,1840,1117,0
145,2030,917,856,0
146,2030,931,1339,0
147,2030,1158,1411,0
148,2030,1194,467,0
149,2030,2700,10,0
150,2030,614,595,0
151,2030,612,303,0
152,2030,1491,25,0
153,2030,2500,400,0
154,2030,960,2527,0
155,2030,1106,1725,0
156,2030,1958,2156,0
157,2030,1067,1208,0
158,2030,997,1379,0
159,2030,695,1069,0
160,2030,1421,192,0
161,2030,1334,394,0
162,2030,3050,114,0
163,2030,1315,1309,0
164,2030,1563,452,0
165,2030,1060,1261,0
166,2030,2231,1050,0
167,2030,425,1627,0
168,2030,323,767,0
169,2030,1530,7,0
170,2030,16,4495,0
171,2030,32,76,0
172,2030,1116,555,0
173,2030,2358,2033,0
174,2030,1114,390,0
175,2030,765,1161,0
176,2030,1601,750,0
177,2030,1978,272,0
178,2030,779,0,0
179,2030,2235,56,0
180,2030,2441,903,0
181,2030,1136,516,0
182,2030,1884,293,0
183,2030,1255,66,0
184,2030,2902,534,0
185,2030,1340,110,0
186,2030,1087,1352,0
187,2030,817,538,0
188,2030,2091,335,0
189,2030,1871,278,0
190,2030,1030,2130,0
191,2030,2158,361,0
192,2030,1226,86,0
193,2030,2083,688,0
194,2030,1239,1164,0
195,2030,1412,955,0
196,2030,1442,1753,0
197,2030,2342,25,0
198,2030,777,790,0
199,2030,473,215,0
200,2030,2670,543,0
201,2030,1858,819,0
202,2030,2912,525,0
203,2030,900,619,0
204,2030,916,1462,0
205,2030,131,1014,0
206,2030,265,2969,0
207,2030,509,1333,0
208,2030,2677,659,0
209,2030,2261,133,0
210,2030,3737,309,0
211,2030,1542,412,0
212,2030,2962,624,0
213,2030,1016,695,0
214,2030,2230,991,0
215,2030,2205,163,0
216,2030,921,671,0
217,2030,1550,1154,0
218,2030,3021,173,0
219,2030,2839,340,0
220,2030,2111,751,0
221,2030,2016,773,0
222,2030,360,1732,0
223,2030,2818,808,0
224,2030,989,200,0
225,2030,0,0,0
226,2030,1907,585,0
227,2030,1161,565,0
228,2030,1312,882,0
229,2030,2264,62,0
230,2030,895,76,0
231,2030,2320,0,0
232,2030,5805,22,0
233,2030,3509,390,0
234,2030,2021,8,0
235,2030,1754,161,0
236,2030,3168,904,0
237,2030,1512,144,0
238,2030,1736,492,0
239,2030,1498,2,0
240,2030,1670,62,0
241,2030,2348,2,0
242,2030,1879,307,0
243,2030,1702,304,0
244,2030,922,54,0
245,2030,1789,0,0
246,2030,2029,338,0
247,2030,2006,105,0
248,2030,0,0,0
249,2030,2210,315,0
250,2030,1485,1424,0
251,2030,148,0,0
252,2030,2639,2912,0
253,2030,1429,2238,0
254,2030,2044,1403,0
255,2030,1453,589,0
256,2030,1071,1060,0
257,2030,810,1357,0
258,2030,1721,1064,0
259,2030,1216,448,0
260,2030,2512,1217,0
261,2030,102,2491,0
262,2030,2052,2503,0
263,2030,1587,1057,0
264,2030,122,804,0
265,2030,1025,53,0
266,2030,816,2196,0
267,2030,1970,2124,0
268,2030,2089,1384,0
269,2030,783,704,0
270,2030,942,1804,0
271,2030,483,998,0
272,2030,508,1612,0
273,2030,1225,2263,0
274,2030,26,1531,0
275,2030,1437,653,0
276,2030,1852,647,0
277,2030,1710,1044,0
278,2030,624,29,0
279,2030,1228,1552,0
280,2030,3089,197,0
281,2030,4059,1491,0
282,2030,676,95,0
283,2030,2173,383,0
284,2030,4420,458,0
285,2030,2824,849,0
286,2030,1017,390,0
287,2030,1154,8114,0
288,2030,1069,1397,0
289,2030,1828,2152,0
290,2030,1139,768,0
291,2030,2009,1850,0
292,2030,1731,170,0
293,2030,1803,267,0
294,2030,100,1291,0
295,2030,0,3250,0
296,2030,1516,421,0
297,2030,2946,535,0
298,2030,615,551,0
299,2030,1599,1573,0
300,2030,7018,595,0
301,2030,2396,99,0
302,2030,1069,131,0
303,2030,1090,911,0
304,2030,587,2457,0
305,2030,1505,821,0
306,2030,850,0,0
307,2030,2744,774,0
308,2030,994,303,0
309,2030,2540,1186,0
310,2030,4170,567,0
311,2030,2123,10,0
312,2030,3241,820,0
313,2030,903,394,0
314,2030,1401,355,0
315,2030,1261,1343,0
316,2030,188,1593,0
317,2030,0,0,0
318,2030,196,1758,0
319,2030,3863,1309,0
320,2030,1138,71,0
321,2030,824,0,0
322,2030,2040,434,0
323,2030,885,0,0
324,2030,1001,399,0
325,2030,5387,859,0
326,2030,7447,1116,0
327,2030,2401,247,0
328,2030,2431,875,0
329,2030,1688,256,0
330,2030,2104,1995,0
331,2030,592,1617,0
332,2030,824,480,0
333,2030,356,1141,0
334,2030,895,163,0
335,2030,1151,287,0
336,2030,2791,415,0
337,2030,1445,1091,0
338,2030,1702,1256,0
339,2030,446,850,0
340,2030,280,495,0
341,2030,1166,387,0
342,2030,386,16,0
343,2030,2009,83,0
344,2030,569,0,0
345,2030,1161,875,0
346,2030,2247,714,0
347,2030,2183,75,0
348,2030,1443,481,0
349,2030,829,919,0
350,2030,1204,2283,902
351,2030,2105,615,0
352,2030,3391,0,0
353,2030,840,0,0
354,2030,1705,10,0
355,2030,882,0,0
356,2030,2220,49,0
357,2030,1145,0,0
358,2030,2868,160,0
359,2030,1638,0,0
360,2030,2156,0,0
361,2030,1025,3,0
362,2030,6586,412,0
363,2030,3114,75,0
364,2030,1970,511,0
365,2030,2515,299,0
366,2030,1156,102,0
367,2030,354,624,0
368,2030,1551,600,0
369,2030,1433,167,0
370,2030,2217,589,0
371,2030,1794,266,0
372,2030,1810,0,0
373,2030,2067,2,0
374,2030,2074,8,0
375,2030,1059,318,0
376,2030,2738,109,0
377,2030,1052,610,0
378,2030,2087,113,0
379,2030,1221,0,0
380,2030,1703,0,0
381,2030,3406,5,0
382,2030,2819,136,0
383,2030,1504,188,0
384,2030,1424,16,0
385,2030,1444,4,0
386,2030,2178,98,0
387,2030,922,496,0
388,2030,993,49,0
389,2030,1753,223,0
390,2030,3089,340,0
391,2030,1161,499,0
392,2030,1712,62,0
393,2030,1885,334,0
394,2030,3259,399,0
395,2030,1710,79,0
396,2030,808,11,0
397,2030,1695,598,0
398,2030,1084,139,0
399,2030,1728,1045,0
400,2030,1668,5,0
401,2030,2512,1,0
402,2030,2499,24,0
403,2030,1626,635,0
404,2030,1888,40,0
405,2030,1520,306,0
406,2030,673,393,0
407,2030,1015,378,0
408,2030,1508,25,0
409,2030,1038,767,0
410,2030,987,896,0
411,2030,1172,151,0
412,2030,1032,390,0
413,2030,2039,168,0
414,2030,1018,0,0
415,2030,1308,2846,0
416,2030,1752,500,0
417,2030,148,1163,0
418,2030,1118,707,0
419,2030,1328,1542,0
420,2030,1260,594,0
421,2030,829,1135,0
422,2030,1900,384,0
423,2030,1104,791,0
424,2030,1852,623,0
425,2030,956,950,0
426,2030,294,806,0
427,2030,957,1471,0
428,2030,1270,1099,0
429,2030,1570,413,0
430,2030,1630,947,0
431,2030,1548,476,0
432,2030,588,1339,0
433,2030,1243,1063,0
434,2030,1891,58,0
435,2030,837,2,0
436,2030,3161,2,0
437,2030,1903,1156,0
438,2030,603,565,0
439,2030,1552,36,0
440,2030,603,427,0
441,2030,1247,3,0
442,2030,1074,3,0
443,2030,2866,393,0
444,2030,826,456,0
445,2030,455,1801,0
446,2030,685,886,0
447,2030,1043,572,0
448,2030,733,465,0
449,2030,604,119,0
450,2030,766,388,0
451,2030,572,1017,0
452,2030,68,2755,0
453,2030,386,1531,0
454,2030,637,2837,0
455,2030,642,1540,0
456,2030,872,272,0
457,2030,452,390,0
458,2030,370,243,0
459,2030,1793,344,0
1,2035,1674,2190,0
2,2035,1559,2565,0
3,2035,1586,1572,602
4,2035,2927,191,366
5,2035,2283,663,0
6,2035,778,483,0
7,2035,1824,238,0
8,2035,2370,1869,0
9,2035,1515,1517,0
10,2035,1991,2191,0
11,2035,1072,575,0
12,2035,2124,1043,0
13,2035,747,1082,0
14,2035,589,843,0
15,2035,2024,1329,0
16,2035,1362,4687,0
17,2035,1559,2233,0
18,2035,3,927,0
19,2035,76,287,0
20,2035,575,2912,0
21,2035,1228,2490,0
22,2035,504,996,0
23,2035,824,570,0
24,2035,747,394,0
25,2035,0,0,0
26,2035,3111,2125,0
27,2035,1746,2476,0
28,2035,1720,2594,0
29,2035,1127,1420,0
30,2035,614,864,0
31,2035,473,323,0
32,2035,1909,511,0
33,2035,891,6373,0
34,2035,27,1354,0
35,2035,159,1791,0
36,2035,10,5326,0
37,2035,953,1111,0
38,2035,336,3220,0
39,2035,1518,59,0
40,2035,567,2154,0
41,2035,244,605,0
42,2035,2214,393,0
43,2035,741,1673,0
44,2035,1592,872,0
45,2035,194,276,0
46,2035,0,0,0
47,2035,2259,1456,0
48,2035,2062,1230,0
49,2035,1687,705,0
50,2035,1539,167,0
51,2035,756,28,0
52,2035,2499,2657,0
53,2035,1139,823,0
54,2035,789,1219,0
55,2035,454,983,0
56,2035,812,461,0
57,2035,370,1250,0
58,2035,888,1063,0
59,2035,3605,1226,471
60,2035,174,48,0
61,2035,1132,422,0
62,2035,655,1280,0
63,2035,1232,1782,0
64,2035,837,1116,0
65,2035,1262,1740,0
66,2035,3854,984,0
67,2035,896,190,0
68,2035,1195,986,0
69,2035,1797,1002,1674
70,2035,2884,1877,0
71,2035,1568,3347,0
72,2035,0,0,0
73,2035,1115,2147,0
74,2035,13,1139,0
75,2035,1202,2434,0
76,2035,1407,1086,0
77,2035,158,3784,0
78,2035,0,0,0
79,2035,62,4237,0
80,2035,24,2236,0
81,2035,11,11489,0
82,2035,69,3321,0
83,2035,0,0,0
84,2035,28,3530,1299
85,2035,81,10315,549
86,2035,107,1314,0
87,2035,821,3653,0
88,2035,849,795,0
89,2035,758,958,0
90,2035,1193,1,0
91,2035,1528,228,0
92,2035,1582,36,1168
93,2035,2742,470,0
94,2035,930,1906,0
95,2035,831,1070,0
96,2035,2310,352,0
97,2035,836,2833,0
98,2035,1455,717,0
99,2035,867,1832,0
100,2035,1057,1761,0
101,2035,1533,2910,0
102,2035,548,10,0
103,2035,902,311,0
104,2035,1525,635,0
105,2035,4026,931,0
106,2035,1285,92,0
107,2035,49,3574,0
108,2035,808,1343,0
109,2035,247,64,0
110,2035,656,1033,0
111,2035,1813,1554,0
112,2035,1061,209,0
113,2035,859,117,0
114,2035,546,335,0
115,2035,979,1007,0
116,2035,793,117,0
117,2035,873,27,0
118,2035,1935,5182,0
119,2035,716,835,0
120,2035,1130,770,0
121,2035,727,4347,0
122,2035,1013,310,0
123,2035,1375,1390,0
124,2035,973,647,0
125,2035,969,355,0
126,2035,0,0,0
127,2035,1888,159,0
128,2035,3780,1063,0
129,2035,798,985,0
130,2035,1205,1422,0
131,2035,433,1177,0
132,2035,3145,2052,0
133,2035,2177,2070,0
134,2035,368,4,0
135,2035,1285,2268,0
136,2035,1069,517,0
137,2035,2161,520,0
138,2035,1105,1396,0
139,2035,928,1395,0
140,2035,1103,753,0
141,2035,458,910,0
142,2035,1331,1660,0
143,2035,455,1432,0
144,2035,1854,1136,0
145,2035,926,885,0
146,2035,935,1368,0
147,2035,1169,1439,0
148,2035,1201,481,0
149,2035,2919,14,0
150,2035,617,595,0
151,2035,618,303,0
152,2035,1528,28,0
153,2035,2723,429,0
154,2035,992,2805,0
155,2035,1123,1758,0
156,2035,1985,2206,0
157,2035,1071,1247,0
158,2035,1011,1426,0
159,2035,680,1126,0
160,2035,1435,213,0
161,2035,1340,396,0
162,2035,3359,101,0
163,2035,1320,1322,0
164,2035,1618,455,0
165,2035,1098,1301,0
166,2035,2334,1068,0
167,2035,427,1638,0
168,2035,327,770,0
169,2035,1561,15,0
170,2035,9,4794,0
171,2035,34,93,0
172,2035,1133,567,0
173,2035,2399,2102,0
174,2035,1146,390,0
175,2035,768,1162,0
176,2035,1618,752,0
177,2035,2001,272,0
178,2035,789,20,0
179,2035,2211,109,0
180,2035,2525,957,0
181,2035,1203,546,0
182,2035,1928,288,0
183,2035,1301,66,0
184,2035,2968,543,0
185,2035,1364,114,0
186,2035,1107,1408,0
187,2035,814,560,0
188,2035,2088,334,0
189,2035,1876,280,0
190,2035,1053,2184,0
191,2035,2173,364,0
192,2035,1237,86,0
193,2035,2106,711,0
194,2035,1249,1177,0
195,2035,1452,962,0
196,2035,1456,1777,0
197,2035,2369,27,0
198,2035,787,794,0
199,2035,479,219,0
200,2035,2684,574,0
201,2035,1864,826,0
202,2035,3010,543,0
203,2035,934,620,0
204,2035,959,1579,0
205,2035,138,1029,0
206,2035,274,3201,0
207,2035,556,1457,0
208,2035,2762,664,0
209,2035,2273,124,0
210,2035,4203,406,0
211,2035,1586,498,0
212,2035,3380,570,0
213,2035,1024,739,0
214,2035,2245,1004,0
215,2035,2414,167,0
216,2035,934,693,0
217,2035,1598,1190,0
218,2035,3122,175,0
219,2035,2966,445,0
220,2035,2218,1009,0
221,2035,2082,854,0
222,2035,366,1751,0
223,2035,2904,833,0
224,2035,1086,241,0
225,2035,0,0,0
226,2035,2035,637,0
227,2035,1246,622,0
228,2035,1401,927,0
229,2035,2466,101,0
230,2035,928,79,0
231,2035,2354,0,0
232,2035,7037,37,0
233,2035,3930,549,0
234,2035,2063,9,0
235,2035,1806,162,0
236,2035,3388,950,0
237,2035,1656,154,0
238,2035,1790,495,0
239,2035,1512,5,0
240,2035,1683,66,0
241,2035,2371,3,0
242,2035,1943,313,0
243,2035,1780,321,0
244,2035,926,49,0
245,2035,1794,0,0
246,2035,2077,345,0
247,2035,2053,106,0
248,2035,0,0,0
249,2035,2225,320,0
250,2035,1648,1455,0
251,2035,144,6,0
252,2035,2804,3127,0
253,2035,1521,2326,0
254,2035,2118,1556,0
255,2035,1504,609,0
256,2035,1089,1143,0
257,2035,833,1371,0
258,2035,1743,1091,0
259,2035,1233,456,0
260,2035,2549,1334,0
261,2035,95,3028,0
262,2035,2129,2700,0
263,2035,1602,1063,0
264,2035,130,813,0
265,2035,1057,54,0
266,2035,844,2575,0
267,2035,1984,2175,0
268,2035,2103,1385,0
269,2035,787,717,0
270,2035,950,1819,0
271,2035,488,1041,0
272,2035,513,1664,0
273,2035,1242,2365,0
274,2035,28,1592,0
275,2035,1455,682,0
276,2035,1857,677,0
277,2035,1728,1045,0
278,2035,625,30,0
279,2035,1316,1658,0
280,2035,3256,227,0
281,2035,4774,1919,0
282,2035,681,95,0
283,2035,2201,385,0
284,2035,4597,460,0
285,2035,2873,891,0
286,2035,1022,409,0
287,2035,1090,9443,0
288,2035,1072,1397,0
289,2035,1846,2166,0
290,2035,1147,774,0
291,2035,2146,1919,0
292,2035,1759,171,0
293,2035,1821,280,0
294,2035,106,1328,0
295,2035,11,3334,0
296,2035,1551,436,0
297,2035,3007,543,0
298,2035,635,574,0
299,2035,1669,1588,0
300,2035,7706,1194,0
301,2035,2400,198,0
302,2035,1076,134,0
303,2035,1125,952,0
304,2035,591,2493,0
305,2035,1579,828,0
306,2035,902,1,0
307,2035,2762,784,0
308,2035,1020,308,0
309,2035,2591,1393,0
310,2035,4397,846,0
311,2035,2198,10,0
312,2035,3318,911,0
313,2035,905,398,0
314,2035,1427,357,0
315,2035,1277,1374,0
316,2035,191,1594,0
317,2035,0,0,0
318,2035,199,1768,0
319,2035,3943,1498,0
320,2035,1154,71,0
321,2035,843,7,0
322,2035,2074,433,0
323,2035,897,0,0
324,2035,1161,468,0
325,2035,6041,1205,0
326,2035,8586,1998,0
327,2035,2451,249,0
328,2035,2470,892,0
329,2035,1721,258,0
330,2035,2172,2126,0
331,2035,611,1708,0
332,2035,815,481,0
333,2035,364,1282,0
334,2035,925,166,0
335,2035,1179,292,0
336,2035,2899,440,0
337,2035,1479,1212,0
338,2035,1722,1321,0
339,2035,433,830,0
340,2035,281,476,0
341,2035,1177,391,0
342,2035,388,17,0
343,2035,2064,81,0
344,2035,596,0,0
345,2035,1195,908,0
346,2035,2391,855,0
347,2035,2217,75,0
348,2035,1605,550,0
349,2035,870,977,0
350,2035,1322,2445,902
351,2035,2192,646,0
352,2035,3867,5,0
353,2035,848,0,0
354,2035,1798,8,0
355,2035,887,0,0
356,2035,2338,49,0
357,2035,1194,2,0
358,2035,3030,216,0
359,2035,1717,0,0
360,2035,2236,1,0
361,2035,1141,17,0
362,2035,7463,523,0
363,2035,3444,124,0
364,2035,2094,526,0
365,2035,2702,471,0
366,2035,1198,164,0
367,2035,375,640,0
368,2035,1594,627,0
369,2035,1558,202,0
370,2035,2272,761,0
371,2035,1940,280,0
372,2035,1937,15,0
373,2035,2121,3,0
374,2035,2134,14,0
375,2035,1092,328,0
376,2035,2866,115,0
377,2035,1070,618,0
378,2035,2259,146,0
379,2035,1269,9,0
380,2035,1760,0,0
381,2035,3747,12,0
382,2035,3090,167,0
383,2035,1571,221,0
384,2035,1430,19,0
385,2035,1486,9,0
386,2035,2166,153,0
387,2035,921,528,0
388,2035,946,105,0
389,2035,1858,245,0
390,2035,3340,421,0
391,2035,1214,518,0
392,2035,1755,98,0
393,2035,1941,352,0
394,2035,3515,444,0
395,2035,1725,113,0
396,2035,840,20,0
397,2035,1719,612,0
398,2035,1109,152,0
399,2035,1766,1098,0
400,2035,1791,7,0
401,2035,2700,3,0
402,2035,2556,27,0
403,2035,1642,643,0
404,2035,1948,98,0
405,2035,1534,317,0
406,2035,696,397,0
407,2035,1025,386,0
408,2035,1509,34,0
409,2035,1066,786,0
410,2035,994,931,0
411,2035,1204,152,0
412,2035,1046,399,0
413,2035,2082,190,0
414,2035,1032,9,0
415,2035,1297,2857,0
416,2035,1770,527,0
417,2035,150,1164,0
418,2035,1119,763,0
419,2035,1352,1542,0
420,2035,1262,596,0
421,2035,829,1142,0
422,2035,1930,392,0
423,2035,1102,794,0
424,2035,1869,623,0
425,2035,985,954,0
426,2035,295,809,0
427,2035,1028,1532,0
428,2035,1282,1151,0
429,2035,1582,416,0
430,2035,1637,972,0
431,2035,1724,500,0
432,2035,590,1346,0
433,2035,1239,1067,0
434,2035,1912,71,0
435,2035,842,2,0
436,2035,3300,4,0
437,2035,1927,1176,0
438,2035,619,622,0
439,2035,1553,39,0
440,2035,616,427,0
441,2035,1248,11,0
442,2035,1075,4,0
443,2035,3127,402,0
444,2035,845,469,0
445,2035,462,1883,0
446,2035,688,885,0
447,2035,1043,572,0
448,2035,732,482,0
449,2035,600,150,0
450,2035,761,394,0
451,2035,546,1095,0
452,2035,77,3207,0
453,2035,415,1746,0
454,2035,637,3030,0
455,2035,656,1552,0
456,2035,864,283,0
457,2035,453,431,0
458,2035,371,242,0
459,2035,1802,344,0
1,2040,1704,2392,0
2,2040,1582,2804,0
3,2040,1606,1679,602
4,2040,2898,277,366
5,2040,2303,735,0
6,2040,791,559,0
7,2040,1867,258,0
8,2040,2438,2117,0
9,2040,1522,1761,0
10,2040,2045,2534,0
11,2040,1093,614,0
12,2040,2148,1198,0
13,2040,765,1174,0
14,2040,598,979,0
15,2040,2055,1379,0
16,2040,1415,5123,0
17,2040,1594,2378,0
18,2040,3,1002,0
19,2040,78,307,0
20,2040,585,2951,0
21,2040,1246,2567,0
22,2040,510,1024,0
23,2040,830,588,0
24,2040,744,449,0
25,2040,0,0,0
26,2040,3131,2250,0
27,2040,1748,2877,0
28,2040,1709,2945,0
29,2040,1115,1574,0
30,2040,626,928,0
31,2040,483,338,0
32,2040,1865,636,0
33,2040,908,6987,0
34,2040,29,1550,0
35,2040,162,2028,0
36,2040,12,6141,0
37,2040,960,1226,0
38,2040,344,3472,0
39,2040,1509,81,0
40,2040,581,2261,0
41,2040,217,716,0
42,2040,2170,498,0
43,2040,761,1847,0
44,2040,1592,1015,0
45,2040,198,295,0
46,2040,0,0,0
47,2040,2281,1587,0
48,2040,2062,1368,0
49,2040,1699,782,0
50,2040,1549,172,0
51,2040,737,56,0
52,2040,2546,2947,0
53,2040,1153,914,0
54,2040,809,1298,0
55,2040,461,1076,0
56,2040,831,514,0
57,2040,380,1386,0
58,2040,909,1220,0
59,2040,3652,1323,471
60,2040,176,58,0
61,2040,1146,467,0
62,2040,668,1375,0
63,2040,1231,2090,0
64,2040,835,1328,0
65,2040,1283,1948,0
66,2040,3898,1087,0
67,2040,900,212,0
68,2040,1205,1007,0
69,2040,1823,1098,1674
70,2040,2912,2020,0
71,2040,1610,3750,0
72,2040,0,0,0
73,2040,1149,2326,0
74,2040,14,1298,0
75,2040,1239,2545,0
76,2040,1428,1117,0
77,2040,156,3867,0
78,2040,0,0,0
79,2040,65,4513,0
80,2040,24,2403,0
81,2040,16,12391,0
82,2040,72,3550,0
83,2040,0,0,0
84,2040,57,3546,1299
85,2040,87,11543,549
86,2040,111,1466,0
87,2040,859,4066,0
88,2040,862,883,0
89,2040,775,1109,0
90,2040,1207,1,0
91,2040,1513,283,0
92,2040,1620,36,1168
93,2040,2778,480,0
94,2040,955,2155,0
95,2040,843,1154,0
96,2040,2327,367,0
97,2040,866,3216,0
98,2040,1484,805,0
99,2040,902,2091,0
100,2040,1075,2003,0
101,2040,1572,3248,0
102,2040,559,10,0
103,2040,910,324,0
104,2040,1517,863,0
105,2040,4253,1045,0
106,2040,1301,102,0
107,2040,50,4065,0
108,2040,825,1481,0
109,2040,263,66,0
110,2040,659,1116,0
111,2040,1821,1741,0
112,2040,1069,217,0
113,2040,848,142,0
114,2040,551,339,0
115,2040,982,1082,0
116,2040,805,126,0
117,2040,877,27,0
118,2040,2031,5593,0
119,2040,721,916,0
120,2040,1156,794,0
121,2040,697,4994,0
122,2040,1032,333,0
123,2040,1421,1432,0
124,2040,992,701,0
125,2040,980,405,0
126,2040,0,0,0
127,2040,1904,176,0
128,2040,3910,1178,0
129,2040,819,1027,0
130,2040,1229,1480,0
131,2040,441,1229,0
132,2040,3189,2234,0
133,2040,2241,2194,0
134,2040,369,4,0
135,2040,1340,2379,0
136,2040,1080,558,0
137,2040,2180,564,0
138,2040,1106,1476,0
139,2040,914,1562,0
140,2040,1111,807,0
141,2040,460,939,0
142,2040,1337,1719,0
143,2040,458,1456,0
144,2040,1868,1155,0
145,2040,934,914,0
146,2040,938,1397,0
147,2040,1181,1468,0
148,2040,1208,496,0
149,2040,3138,18,0
150,2040,620,595,0
151,2040,624,304,0
152,2040,1565,31,0
153,2040,2938,467,0
154,2040,1022,3086,0
155,2040,1138,1792,0
156,2040,2011,2257,0
157,2040,1075,1287,0
158,2040,1024,1474,0
159,2040,658,1189,0
160,2040,1448,234,0
161,2040,1347,398,0
162,2040,3677,78,0
163,2040,1325,1336,0
164,2040,1672,458,0
165,2040,1137,1341,0
166,2040,2436,1086,0
167,2040,430,1650,0
168,2040,332,772,0
169,2040,1592,23,0
170,2040,1,5094,0
171,2040,36,112,0
172,2040,1151,580,0
173,2040,2440,2171,0
174,2040,1178,389,0
175,2040,772,1162,0
176,2040,1634,755,0
177,2040,2024,272,0
178,2040,797,41,0
179,2040,2186,163,0
180,2040,2594,1026,0
181,2040,1268,579,0
182,2040,1972,283,0
183,2040,1348,65,0
184,2040,3035,552,0
185,2040,1388,117,0
186,2040,1127,1464,0
187,2040,811,582,0
188,2040,2085,333,0
189,2040,1882,282,0
190,2040,1075,2237,0
191,2040,2189,366,0
192,2040,1248,87,0
193,2040,2129,735,0
194,2040,1259,1191,0
195,2040,1492,970,0
196,2040,1470,1800,0
197,2040,2397,28,0
198,2040,796,799,0
199,2040,484,223,0
200,2040,2696,606,0
201,2040,1870,833,0
202,2040,3110,560,0
203,2040,969,622,0
204,2040,1001,1697,0
205,2040,144,1044,0
206,2040,281,3435,0
207,2040,603,1581,0
208,2040,2847,670,0
209,2040,2285,115,0
210,2040,4656,516,0
211,2040,1624,591,0
212,2040,3819,495,0
213,2040,1032,782,0
214,2040,2260,1016,0
215,2040,2624,170,0
216,2040,947,714,0
217,2040,1644,1227,0
218,2040,3223,177,0
219,2040,3056,585,0
220,2040,2266,1326,0
221,2040,2134,950,0
222,2040,372,1769,0
223,2040,2988,859,0
224,2040,1180,286,0
225,2040,0,0,0
226,2040,2162,691,0
227,2040,1329,680,0
228,2040,1492,970,0
229,2040,2659,147,0
230,2040,962,81,0
231,2040,2387,0,0
232,2040,8265,57,0
233,2040,4318,741,0
234,2040,2105,10,0
235,2040,1858,163,0
236,2040,3609,995,0
237,2040,1800,164,0
238,2040,1845,497,0
239,2040,1527,7,0
240,2040,1696,70,0
241,2040,2394,4,0
242,2040,2008,319,0
243,2040,1857,337,0
244,2040,931,44,0
245,2040,1799,0,0
246,2040,2125,352,0
247,2040,2100,107,0
248,2040,0,0,0
249,2040,2240,326,0
250,2040,1803,1495,0
251,2040,140,13,0
252,2040,2975,3337,0
253,2040,1613,2415,0
254,2040,2192,1707,0
255,2040,1554,629,0
256,2040,1106,1226,0
257,2040,856,1386,0
258,2040,1764,1118,0
259,2040,1249,463,0
260,2040,2579,1458,0
261,2040,84,3569,0
262,2040,2206,2898,0
263,2040,1616,1069,0
264,2040,139,821,0
265,2040,1088,55,0
266,2040,868,2958,0
267,2040,1997,2226,0
268,2040,2117,1386,0
269,2040,790,730,0
270,2040,958,1833,0
271,2040,492,1084,0
272,2040,517,1718,0
273,2040,1259,2467,0
274,2040,31,1652,0
275,2040,1473,712,0
276,2040,1861,708,0
277,2040,1745,1047,0
278,2040,626,32,0
279,2040,1407,1762,0
280,2040,3421,259,0
281,2040,5426,2410,0
282,2040,685,96,0
283,2040,2229,388,0
284,2040,4774,461,0
285,2040,2921,935,0
286,2040,1027,429,0
287,2040,1021,10777,0
288,2040,1076,1398,0
289,2040,1864,2180,0
290,2040,1155,781,0
291,2040,2282,1988,0
292,2040,1786,173,0
293,2040,1839,293,0
294,2040,113,1365,0
295,2040,23,3418,0
296,2040,1585,450,0
297,2040,3068,550,0
298,2040,656,598,0
299,2040,1739,1603,0
300,2040,8162,2025,0
301,2040,2383,319,0
302,2040,1084,138,0
303,2040,1161,992,0
304,2040,596,2529,0
305,2040,1654,834,0
306,2040,954,2,0
307,2040,2780,796,0
308,2040,1046,314,0
309,2040,2611,1629,0
310,2040,4537,1212,0
311,2040,2273,10,0
312,2040,3390,1006,0
313,2040,908,402,0
314,2040,1453,359,0
315,2040,1292,1405,0
316,2040,193,1596,0
317,2040,0,0,0
318,2040,201,1778,0
319,2040,3966,1746,0
320,2040,1169,72,0
321,2040,861,14,0
322,2040,2109,432,0
323,2040,908,0,0
324,2040,1289,568,0
325,2040,6606,1640,0
326,2040,9510,3096,0
327,2040,2501,251,0
328,2040,2508,909,0
329,2040,1754,261,0
330,2040,2239,2258,0
331,2040,629,1801,0
332,2040,805,482,0
333,2040,368,1428,0
334,2040,955,168,0
335,2040,1207,297,0
336,2040,3006,466,0
337,2040,1508,1338,0
338,2040,1740,1388,0
339,2040,421,809,0
340,2040,281,458,0
341,2040,1188,396,0
342,2040,391,18,0
343,2040,2119,78,0
344,2040,623,0,0
345,2040,1230,941,0
346,2040,2518,1014,0
347,2040,2252,75,0
348,2040,1766,620,0
349,2040,910,1035,0
350,2040,1443,2606,902
351,2040,2278,677,0
352,2040,4340,13,0
353,2040,857,0,0
354,2040,1891,7,0
355,2040,893,1,0
356,2040,2457,50,0
357,2040,1242,3,0
358,2040,3185,280,0
359,2040,1796,0,0
360,2040,2316,2,0
361,2040,1253,36,0
362,2040,8322,653,0
363,2040,3763,183,0
364,2040,2221,538,0
365,2040,2855,678,0
366,2040,1222,243,0
367,2040,395,655,0
368,2040,1638,654,0
369,2040,1677,243,0
370,2040,2297,962,0
371,2040,2086,293,0
372,2040,2061,33,0
373,2040,2176,5,0
374,2040,2194,20,0
375,2040,1126,338,0
376,2040,2994,121,0
377,2040,1088,626,0
378,2040,2426,184,0
379,2040,1316,19,0
380,2040,1816,0,0
381,2040,4089,18,0
382,2040,3357,202,0
383,2040,1638,254,0
384,2040,1436,22,0
385,2040,1527,13,0
386,2040,2151,211,0
387,2040,919,562,0
388,2040,898,162,0
389,2040,1962,268,0
390,2040,3583,511,0
391,2040,1268,535,0
392,2040,1792,141,0
393,2040,1998,369,0
394,2040,3766,493,0
395,2040,1739,148,0
396,2040,871,31,0
397,2040,1743,626,0
398,2040,1133,165,0
399,2040,1805,1152,0
400,2040,1913,10,0
401,2040,2888,5,0
402,2040,2614,31,0
403,2040,1658,652,0
404,2040,1992,172,0
405,2040,1549,328,0
406,2040,720,400,0
407,2040,1035,393,0
408,2040,1510,43,0
409,2040,1094,805,0
410,2040,1001,967,0
411,2040,1235,154,0
412,2040,1059,408,0
413,2040,2123,214,0
414,2040,1046,19,0
415,2040,1285,2869,0
416,2040,1787,555,0
417,2040,152,1165,0
418,2040,1117,821,0
419,2040,1376,1543,0
420,2040,1264,598,0
421,2040,830,1149,0
422,2040,1960,400,0
423,2040,1100,798,0
424,2040,1886,624,0
425,2040,1015,957,0
426,2040,295,811,0
427,2040,1099,1593,0
428,2040,1293,1203,0
429,2040,1594,418,0
430,2040,1645,997,0
431,2040,1923,501,0
432,2040,592,1352,0
433,2040,1234,1072,0
434,2040,1931,86,0
435,2040,848,2,0
436,2040,3439,6,0
437,2040,1949,1198,0
438,2040,636,679,0
439,2040,1554,42,0
440,2040,629,427,0
441,2040,1249,20,0
442,2040,1076,5,0
443,2040,3388,410,0
444,2040,863,482,0
445,2040,468,1965,0
446,2040,692,885,0
447,2040,1044,571,0
448,2040,731,499,0
449,2040,593,184,0
450,2040,756,400,0
451,2040,520,1174,0
452,2040,86,3660,0
453,2040,443,1962,0
454,2040,638,3222,0
455,2040,669,1564,0
456,2040,856,293,0
457,2040,454,472,0
458,2040,373,241,0
459,2040,1811,345,0
1,2045,1685,2531,0
2,2045,1566,2961,0
3,2045,1604,1751,602
4,2045,2840,362,366
5,2045,2286,796,0
6,2045,775,622,0
7,2045,1891,276,0
8,2045,2428,2301,0
9,2045,1495,1951,0
10,2045,2005,2801,0
11,2045,1096,645,0
12,2045,2107,1329,0
13,2045,759,1236,0
14,2045,576,1085,0
15,2045,2058,1414,0
16,2045,1419,5403,0
17,2045,1599,2478,0
18,2045,3,1055,0
19,2045,77,322,0
20,2045,590,2967,0
21,2045,1248,2615,0
22,2045,510,1040,0
23,2045,829,601,0
24,2045,721,497,0
25,2045,0,0,0
26,2045,3104,2344,0
27,2045,1662,3191,0
28,2045,1623,3215,0
29,2045,1068,1692,0
30,2045,621,970,0
31,2045,485,348,0
32,2045,1785,754,0
33,2045,893,7382,0
34,2045,30,1683,0
35,2045,154,2185,0
36,2045,13,6819,0
37,2045,944,1306,0
38,2045,344,3645,0
39,2045,1492,103,0
40,2045,581,2320,0
41,2045,174,807,0
42,2045,2096,600,0
43,2045,751,1962,0
44,2045,1544,1136,0
45,2045,197,307,0
46,2045,0,0,0
47,2045,2249,1694,0
48,2045,2027,1475,0
49,2045,1684,842,0
50,2045,1552,177,0
51,2045,713,84,0
52,2045,2527,3158,0
53,2045,1142,980,0
54,2045,809,1347,0
55,2045,451,1137,0
56,2045,827,555,0
57,2045,374,1475,0
58,2045,888,1340,0
59,2045,3645,1402,471
60,2045,171,68,0
61,2045,1135,505,0
62,2045,663,1435,0
63,2045,1180,2331,0
64,2045,790,1505,0
65,2045,1260,2097,0
66,2045,3883,1175,0
67,2045,892,232,0
68,2045,1205,1021,0
69,2045,1806,1174,1674
70,2045,2882,2132,0
71,2045,1580,4028,0
72,2045,0,0,0
73,2045,1145,2441,0
74,2045,14,1406,0
75,2045,1256,2600,0
76,2045,1433,1135,0
77,2045,153,3907,0
78,2045,0,0,0
79,2045,65,4680,0
80,2045,23,2506,0
81,2045,21,12920,0
82,2045,73,3669,0
83,2045,0,0,0
84,2045,86,3535,1299
85,2045,88,12501,549
86,2045,110,1560,0
87,2045,865,4342,0
88,2045,845,953,0
89,2045,757,1226,0
90,2045,1214,1,0
91,2045,1478,336,0
92,2045,1640,36,1168
93,2045,2802,487,0
94,2045,950,2336,0
95,2045,841,1211,0
96,2045,2335,379,0
97,2045,859,3485,0
98,2045,1485,868,0
99,2045,897,2278,0
100,2045,1043,2181,0
101,2045,1564,3471,0
102,2045,565,10,0
103,2045,910,333,0
104,2045,1433,1085,0
105,2045,4383,1139,0
106,2045,1306,112,0
107,2045,46,4398,0
108,2045,822,1574,0
109,2045,265,68,0
110,2045,643,1175,0
111,2045,1778,1889,0
112,2045,1072,222,0
113,2045,831,166,0
114,2045,553,341,0
115,2045,966,1139,0
116,2045,807,134,0
117,2045,879,27,0
118,2045,2080,5830,0
119,2045,716,970,0
120,2045,1166,808,0
121,2045,618,5463,0
122,2045,1039,352,0
123,2045,1444,1451,0
124,2045,984,742,0
125,2045,966,449,0
126,2045,0,0,0
127,2045,1908,192,0
128,2045,3964,1267,0
129,2045,826,1052,0
130,2045,1233,1514,0
131,2045,437,1261,0
132,2045,3158,2379,0
133,2045,2254,2272,0
134,2045,370,4,0
135,2045,1365,2435,0
136,2045,1077,588,0
137,2045,2181,602,0
138,2045,1091,1533,0
139,2045,888,1675,0
140,2045,1102,846,0
141,2045,455,957,0
142,2045,1330,1760,0
143,2045,457,1469,0
144,2045,1874,1164,0
145,2045,935,933,0
146,2045,938,1413,0
147,2045,1181,1486,0
148,2045,1207,507,0
149,2045,3318,22,0
150,2045,621,596,0
151,2045,628,303,0
152,2045,1584,33,0
153,2045,3107,509,0
154,2045,1027,3291,0
155,2045,1142,1813,0
156,2045,2025,2285,0
157,2045,1070,1308,0
158,2045,1032,1518,0
159,2045,645,1225,0
160,2045,1455,250,0
161,2045,1351,399,0
162,2045,3876,73,0
163,2045,1327,1343,0
164,2045,1706,458,0
165,2045,1162,1375,0
166,2045,2486,1101,0
167,2045,431,1654,0
168,2045,335,773,0
169,2045,1601,31,0
170,2045,1,5319,0
171,2045,35,128,0
172,2045,1161,589,0
173,2045,2465,2209,0
174,2045,1196,386,0
175,2045,774,1162,0
176,2045,1643,755,0
177,2045,2036,270,0
178,2045,788,63,0
179,2045,2144,216,0
180,2045,2611,1091,0
181,2045,1299,599,0
182,2045,1997,275,0
183,2045,1371,64,0
184,2045,3067,554,0
185,2045,1398,120,0
186,2045,1153,1516,0
187,2045,811,595,0
188,2045,2094,334,0
189,2045,1889,283,0
190,2045,1084,2265,0
191,2045,2202,368,0
192,2045,1258,87,0
193,2045,2144,751,0
194,2045,1263,1199,0
195,2045,1527,974,0
196,2045,1479,1811,0
197,2045,2415,30,0
198,2045,802,801,0
199,2045,487,226,0
200,2045,2689,637,0
201,2045,1873,837,0
202,2045,3201,568,0
203,2045,987,623,0
204,2045,1018,1790,0
205,2045,147,1048,0
206,2045,280,3568,0
207,2045,633,1656,0
208,2045,2892,674,0
209,2045,2298,114,0
210,2045,5021,627,0
211,2045,1637,689,0
212,2045,4167,393,0
213,2045,1038,827,0
214,2045,2268,1026,0
215,2045,2778,172,0
216,2045,950,727,0
217,2045,1665,1250,0
218,2045,3295,177,0
219,2045,3049,747,0
220,2045,2265,1566,0
221,2045,2127,1036,0
222,2045,376,1777,0
223,2045,3027,878,0
224,2045,1223,323,0
225,2045,0,0,0
226,2045,2221,725,0
227,2045,1368,716,0
228,2045,1543,987,0
229,2045,2753,194,0
230,2045,974,81,0
231,2045,2405,0,0
232,2045,9276,77,0
233,2045,4522,923,0
234,2045,2122,11,0
235,2045,1889,163,0
236,2045,3729,1011,0
237,2045,1881,169,0
238,2045,1870,494,0
239,2045,1530,9,0
240,2045,1696,74,0
241,2045,2403,5,0
242,2045,2040,320,0
243,2045,1893,347,0
244,2045,937,40,0
245,2045,1800,0,0
246,2045,2152,351,0
247,2045,2128,105,0
248,2045,0,0,0
249,2045,2244,330,0
250,2045,1947,1526,0
251,2045,135,19,0
252,2045,3090,3485,0
253,2045,1658,2477,0
254,2045,2235,1814,0
255,2045,1578,638,0
256,2045,1115,1280,0
257,2045,873,1390,0
258,2045,1776,1139,0
259,2045,1262,469,0
260,2045,2572,1554,0
261,2045,67,4032,0
262,2045,2250,3031,0
263,2045,1624,1070,0
264,2045,146,820,0
265,2045,1103,55,0
266,2045,866,3278,0
267,2045,1997,2256,0
268,2045,2129,1384,0
269,2045,789,739,0
270,2045,960,1840,0
271,2045,488,1110,0
272,2045,513,1745,0
273,2045,1265,2525,0
274,2045,33,1671,0
275,2045,1477,737,0
276,2045,1852,731,0
277,2045,1757,1045,0
278,2045,626,33,0
279,2045,1466,1824,0
280,2045,3496,286,0
281,2045,6103,2830,0
282,2045,686,96,0
283,2045,2246,386,0
284,2045,4865,460,0
285,2045,2936,964,0
286,2045,1024,441,0
287,2045,932,12056,0
288,2045,1079,1399,0
289,2045,1876,2187,0
290,2045,1158,783,0
291,2045,2354,2023,0
292,2045,1799,173,0
293,2045,1850,299,0
294,2045,118,1380,0
295,2045,34,3451,0
296,2045,1601,457,0
297,2045,3103,551,0
298,2045,666,610,0
299,2045,1780,1606,0
300,2045,8278,3055,0
301,2045,2312,448,0
302,2045,1085,140,0
303,2045,1175,1013,0
304,2045,597,2546,0
305,2045,1692,835,0
306,2045,980,2,0
307,2045,2783,806,0
308,2045,1053,317,0
309,2045,2532,1852,0
310,2045,4564,1669,0
311,2045,2308,10,0
312,2045,3392,1085,0
313,2045,907,405,0
314,2045,1465,358,0
315,2045,1299,1426,0
316,2045,196,1596,0
317,2045,0,0,0
318,2045,203,1782,0
319,2045,3902,2018,0
320,2045,1176,72,0
321,2045,863,21,0
322,2045,2124,428,0
323,2045,913,0,0
324,2045,1361,691,0
325,2045,6972,2137,0
326,2045,10327,4224,0
327,2045,2528,251,0
328,2045,2525,919,0
329,2045,1772,261,0
330,2045,2270,2328,0
331,2045,633,1851,0
332,2045,799,485,0
333,2045,357,1523,0
334,2045,971,167,0
335,2045,1220,299,0
336,2045,3074,485,0
337,2045,1506,1425,0
338,2045,1739,1437,0
339,2045,415,803,0
340,2045,286,446,0
341,2045,1191,398,0
342,2045,391,19,0
343,2045,2142,79,0
344,2045,637,0,0
345,2045,1246,958,0
346,2045,2569,1157,0
347,2045,2267,75,0
348,2045,1857,667,0
349,2045,929,1066,0
350,2045,1517,2686,902
351,2045,2324,692,0
352,2045,4777,22,0
353,2045,859,0,0
354,2045,1942,4,0
355,2045,894,1,0
356,2045,2527,49,0
357,2045,1268,5,0
358,2045,3271,344,0
359,2045,1841,0,0
360,2045,2360,3,0
361,2045,1346,60,0
362,2045,9070,799,0
363,2045,4006,248,0
364,2045,2317,541,0
365,2045,2945,892,0
366,2045,1211,337,0
367,2045,407,663,0
368,2045,1664,672,0
369,2045,1757,282,0
370,2045,2306,1159,0
371,2045,2205,302,0
372,2045,2135,55,0
373,2045,2204,7,0
374,2045,2224,25,0
375,2045,1145,344,0
376,2045,3069,125,0
377,2045,1098,630,0
378,2045,2533,220,0
379,2045,1338,29,0
380,2045,1848,0,0
381,2045,4396,26,0
382,2045,3565,234,0
383,2045,1679,285,0
384,2045,1438,25,0
385,2045,1547,18,0
386,2045,2116,268,0
387,2045,906,592,0
388,2045,846,218,0
389,2045,2029,285,0
390,2045,3737,595,0
391,2045,1306,539,0
392,2045,1798,185,0
393,2045,2026,382,0
394,2045,3948,537,0
395,2045,1731,182,0
396,2045,892,42,0
397,2045,1753,636,0
398,2045,1143,176,0
399,2045,1823,1189,0
400,2045,1997,12,0
401,2045,3005,7,0
402,2045,2643,34,0
403,2045,1666,656,0
404,2045,2035,227,0
405,2045,1554,336,0
406,2045,736,400,0
407,2045,1039,398,0
408,2045,1507,51,0
409,2045,1110,814,0
410,2045,996,996,0
411,2045,1254,153,0
412,2045,1065,414,0
413,2045,2136,235,0
414,2045,1049,28,0
415,2045,1274,2880,0
416,2045,1786,579,0
417,2045,153,1165,0
418,2045,1097,871,0
419,2045,1390,1543,0
420,2045,1265,599,0
421,2045,829,1154,0
422,2045,1976,406,0
423,2045,1098,801,0
424,2045,1898,624,0
425,2045,1032,959,0
426,2045,296,812,0
427,2045,1152,1634,0
428,2045,1296,1254,0
429,2045,1600,419,0
430,2045,1646,1013,0
431,2045,2127,485,0
432,2045,593,1355,0
433,2045,1230,1076,0
434,2045,1935,99,0
435,2045,851,2,0
436,2045,3538,9,0
437,2045,1971,1219,0
438,2045,646,723,0
439,2045,1553,45,0
440,2045,642,428,0
441,2045,1245,29,0
442,2045,1076,6,0
443,2045,3609,413,0
444,2045,873,489,0
445,2045,471,2036,0
446,2045,695,884,0
447,2045,1044,571,0
448,2045,728,512,0
449,2045,578,216,0
450,2045,751,405,0
451,2045,492,1247,0
452,2045,93,4115,0
453,2045,467,2174,0
454,2045,638,3408,0
455,2045,677,1570,0
456,2045,846,304,0
457,2045,455,502,0
458,2045,374,240,0
459,2045,1816,345,0
1,2050,1663,2676,0
2,2050,1548,3126,0
3,2050,1601,1826,602
4,2050,2780,449,366
5,2050,2268,858,0
6,2050,756,689,0
7,2050,1916,295,0
8,2050,2414,2499,0
9,2050,1461,2160,0
10,2050,1955,3089,0
11,2050,1098,677,0
12,2050,2062,1465,0
13,2050,752,1300,0
14,2050,550,1199,0
15,2050,2062,1449,0
16,2050,1420,5702,0
17,2050,1603,2583,0
18,2050,3,1110,0
19,2050,77,337,0
20,2050,596,2984,0
21,2050,1250,2665,0
22,2050,509,1057,0
23,2050,827,614,0
24,2050,698,547,0
25,2050,0,0,0
26,2050,3076,2441,0
27,2050,1564,3529,0
28,2050,1527,3504,0
29,2050,1018,1815,0
30,2050,616,1014,0
31,2050,488,357,0
32,2050,1701,877,0
33,2050,874,7805,0
34,2050,30,1828,0
35,2050,145,2354,0
36,2050,14,7593,0
37,2050,926,1392,0
38,2050,345,3837,0
39,2050,1475,126,0
40,2050,581,2379,0
41,2050,126,905,0
42,2050,2020,704,0
43,2050,739,2083,0
44,2050,1492,1264,0
45,2050,195,319,0
46,2050,0,0,0
47,2050,2213,1805,0
48,2050,1988,1587,0
49,2050,1667,905,0
50,2050,1554,182,0
51,2050,689,113,0
52,2050,2502,3385,0
53,2050,1129,1049,0
54,2050,809,1397,0
55,2050,440,1200,0
56,2050,822,598,0
57,2050,367,1569,0
58,2050,864,1469,0
59,2050,3636,1484,471
60,2050,165,77,0
61,2050,1124,545,0
62,2050,658,1498,0
63,2050,1121,2593,0
64,2050,735,1701,0
65,2050,1233,2255,0
66,2050,3866,1265,0
67,2050,884,252,0
68,2050,1205,1035,0
69,2050,1788,1252,1674
70,2050,2851,2246,0
71,2050,1543,4324,0
72,2050,0,0,0
73,2050,1138,2561,0
74,2050,14,1523,0
75,2050,1274,2657,0
76,2050,1437,1154,0
77,2050,150,3947,0
78,2050,0,0,0
79,2050,66,4856,0
80,2050,22,2614,0
81,2050,26,13480,0
82,2050,73,3793,0
83,2050,0,0,0
84,2050,116,3523,1299
85,2050,89,13581,549
86,2050,108,1660,0
87,2050,868,4639,0
88,2050,827,1028,0
89,2050,735,1353,0
90,2050,1222,1,0
91,2050,1442,392,0
92,2050,1660,36,1168
93,2050,2826,494,0
94,2050,943,2534,0
95,2050,839,1271,0
96,2050,2342,392,0
97,2050,850,3775,0
98,2050,1485,935,0
99,2050,889,2481,0
100,2050,1005,2372,0
101,2050,1552,3709,0
102,2050,571,10,0
103,2050,909,343,0
104,2050,1330,1334,0
105,2050,4524,1239,0
106,2050,1311,122,0
107,2050,42,4760,0
108,2050,817,1672,0
109,2050,267,70,0
110,2050,626,1235,0
111,2050,1731,2046,0
112,2050,1075,227,0
113,2050,813,190,0
114,2050,556,343,0
115,2050,948,1199,0
116,2050,808,142,0
117,2050,881,27,0
118,2050,2130,6081,0
119,2050,709,1026,0
120,2050,1176,822,0
121,2050,523,5975,0
122,2050,1047,372,0
123,2050,1467,1470,0
124,2050,975,784,0
125,2050,951,495,0
126,2050,0,0,0
127,2050,1912,208,0
128,2050,4017,1364,0
129,2050,833,1078,0
130,2050,1236,1549,0
131,2050,432,1294,0
132,2050,3123,2531,0
133,2050,2266,2352,0
134,2050,371,4,0
135,2050,1391,2493,0
136,2050,1074,620,0
137,2050,2179,644,0
138,2050,1075,1591,0
139,2050,859,1796,0
140,2050,1091,887,0
141,2050,450,974,0
142,2050,1322,1805,0
143,2050,456,1483,0
144,2050,1880,1174,0
145,2050,936,952,0
146,2050,938,1430,0
147,2050,1182,1505,0
148,2050,1206,518,0
149,2050,3523,27,0
150,2050,623,596,0
151,2050,631,303,0
152,2050,1604,35,0
153,2050,3292,562,0
154,2050,1030,3518,0
155,2050,1146,1834,0
156,2050,2040,2313,0
157,2050,1065,1329,0
158,2050,1040,1569,0
159,2050,631,1264,0
160,2050,1462,268,0
161,2050,1356,400,0
162,2050,4091,66,0
163,2050,1328,1351,0
164,2050,1742,458,0
165,2050,1188,1415,0
166,2050,2537,1116,0
167,2050,432,1659,0
168,2050,338,773,0
169,2050,1611,38,0
170,2050,1,5566,0
171,2050,33,146,0
172,2050,1171,599,0
173,2050,2491,2248,0
174,2050,1215,384,0
175,2050,776,1161,0
176,2050,1653,754,0
177,2050,2049,269,0
178,2050,779,85,0
179,2050,2103,270,0
180,2050,2620,1169,0
181,2050,1330,621,0
182,2050,2023,268,0
183,2050,1395,62,0
184,2050,3099,557,0
185,2050,1408,122,0
186,2050,1180,1575,0
187,2050,812,609,0
188,2050,2102,335,0
189,2050,1895,284,0
190,2050,1093,2293,0
191,2050,2216,370,0
192,2050,1268,87,0
193,2050,2159,768,0
194,2050,1268,1208,0
195,2050,1563,978,0
196,2050,1487,1822,0
197,2050,2433,32,0
198,2050,808,804,0
199,2050,490,228,0
200,2050,2681,668,0
201,2050,1877,840,0
202,2050,3296,576,0
203,2050,1005,624,0
204,2050,1036,1896,0
205,2050,151,1051,0
206,2050,278,3707,0
207,2050,664,1738,0
208,2050,2937,678,0
209,2050,2312,114,0
210,2050,5432,757,0
211,2050,1646,807,0
212,2050,4542,280,0
213,2050,1044,881,0
214,2050,2277,1035,0
215,2050,2943,174,0
216,2050,953,740,0
217,2050,1687,1274,0
218,2050,3369,177,0
219,2050,3021,944,0
220,2050,2247,1845,0
221,2050,2113,1132,0
222,2050,381,1785,0
223,2050,3067,898,0
224,2050,1268,363,0
225,2050,0,0,0
226,2050,2282,761,0
227,2050,1407,755,0
228,2050,1595,1004,0
229,2050,2853,247,0
230,2050,986,82,0
231,2050,2423,0,0
232,2050,10424,101,0
233,2050,4734,1139,0
234,2050,2139,12,0
235,2050,1920,163,0
236,2050,3852,1027,0
237,2050,1966,174,0
238,2050,1895,491,0
239,2050,1532,11,0
240,2050,1696,78,0
241,2050,2412,6,0
242,2050,2073,320,0
243,2050,1929,357,0
244,2050,943,35,0
245,2050,1801,0,0
246,2050,2178,351,0
247,2050,2157,103,0
248,2050,0,0,0
249,2050,2247,335,0
250,2050,2108,1568,0
251,2050,130,26,0
252,2050,3210,3657,0
253,2050,1704,2545,0
254,2050,2278,1932,0
255,2050,1603,647,0
256,2050,1124,1338,0
257,2050,890,1394,0
258,2050,1788,1159,0
259,2050,1275,475,0
260,2050,2562,1655,0
261,2050,47,4558,0
262,2050,2295,3178,0
263,2050,1632,1071,0
264,2050,154,819,0
265,2050,1118,55,0
266,2050,863,3645,0
267,2050,1997,2286,0
268,2050,2140,1383,0
269,2050,788,748,0
270,2050,962,1847,0
271,2050,483,1137,0
272,2050,509,1773,0
273,2050,1272,2585,0
274,2050,35,1692,0
275,2050,1481,762,0
276,2050,1842,754,0
277,2050,1768,1043,0
278,2050,625,34,0
279,2050,1528,1890,0
280,2050,3572,315,0
281,2050,6884,3334,0
282,2050,687,97,0
283,2050,2262,385,0
284,2050,4959,459,0
285,2050,2950,994,0
286,2050,1021,454,0
287,2050,840,13542,0
288,2050,1082,1399,0
289,2050,1888,2194,0
290,2050,1161,786,0
291,2050,2429,2060,0
292,2050,1813,173,0
293,2050,1860,306,0
294,2050,123,1396,0
295,2050,46,3484,0
296,2050,1618,464,0
297,2050,3139,551,0
298,2050,677,622,0
299,2050,1822,1610,0
300,2050,8275,4381,0
301,2050,2228,592,0
302,2050,1087,143,0
303,2050,1190,1035,0
304,2050,597,2563,0
305,2050,1732,835,0
306,2050,1007,3,0
307,2050,2785,816,0
308,2050,1061,320,0
309,2050,2440,2094,0
310,2050,4530,2254,0
311,2050,2344,10,0
312,2050,3393,1166,0
313,2050,906,408,0
314,2050,1478,357,0
315,2050,1306,1449,0
316,2050,198,1596,0
317,2050,0,0,0
318,2050,205,1786,0
319,2050,3801,2359,0
320,2050,1183,71,0
321,2050,865,28,0
322,2050,2140,425,0
323,2050,918,0,0
324,2050,1419,853,0
325,2050,7342,2760,0
326,2050,11219,5613,0
327,2050,2555,251,0
328,2050,2541,929,0
329,2050,1789,261,0
330,2050,2303,2400,0
331,2050,636,1904,0
332,2050,792,488,0
333,2050,345,1623,0
334,2050,987,166,0
335,2050,1234,300,0
336,2050,3147,505,0
337,2050,1501,1517,0
338,2050,1738,1489,0
339,2050,409,797,0
340,2050,291,435,0
341,2050,1193,400,0
342,2050,392,19,0
343,2050,2165,80,0
344,2050,651,0,0
345,2050,1263,975,0
346,2050,2618,1318,0
347,2050,2282,75,0
348,2050,1953,717,0
349,2050,948,1098,0
350,2050,1595,2768,902
351,2050,2371,708,0
352,2050,5285,35,0
353,2050,861,0,0
354,2050,1994,2,0
355,2050,895,1,0
356,2050,2598,49,0
357,2050,1294,7,0
358,2050,3360,415,0
359,2050,1887,0,0
360,2050,2406,5,0
361,2050,1447,88,0
362,2050,9897,977,0
363,2050,4269,324,0
364,2050,2421,542,0
365,2050,3028,1146,0
366,2050,1187,453,0
367,2050,419,672,0
368,2050,1691,690,0
369,2050,1840,328,0
370,2050,2301,1397,0
371,2050,2337,311,0
372,2050,2211,82,0
373,2050,2233,9,0
374,2050,2254,31,0
375,2050,1165,349,0
376,2050,3145,129,0
377,2050,1108,633,0
378,2050,2644,260,0
379,2050,1361,40,0
380,2050,1880,0,0
381,2050,4742,33,0
382,2050,3795,269,0
383,2050,1721,319,0
384,2050,1440,28,0
385,2050,1568,22,0
386,2050,2080,327,0
387,2050,893,622,0
388,2050,793,275,0
389,2050,2099,304,0
390,2050,3901,687,0
391,2050,1346,542,0
392,2050,1799,235,0
393,2050,2056,394,0
394,2050,4143,588,0
395,2050,1722,217,0
396,2050,914,55,0
397,2050,1762,646,0
398,2050,1154,186,0
399,2050,1841,1226,0
400,2050,2085,15,0
401,2050,3126,9,0
402,2050,2672,38,0
403,2050,1674,661,0
404,2050,2078,294,0
405,2050,1560,344,0
406,2050,752,400,0
407,2050,1043,403,0
408,2050,1503,60,0
409,2050,1126,824,0
410,2050,990,1025,0
411,2050,1272,152,0
412,2050,1071,420,0
413,2050,2149,258,0
414,2050,1052,38,0
415,2050,1262,2892,0
416,2050,1785,604,0
417,2050,155,1165,0
418,2050,1076,923,0
419,2050,1404,1544,0
420,2050,1265,601,0
421,2050,828,1159,0
422,2050,1993,412,0
423,2050,1096,804,0
424,2050,1910,624,0
425,2050,1049,961,0
426,2050,296,813,0
427,2050,1209,1677,0
428,2050,1300,1312,0
429,2050,1607,419,0
430,2050,1647,1030,0
431,2050,2376,450,0
432,2050,595,1358,0
433,2050,1226,1080,0
434,2050,1939,114,0
435,2050,854,2,0
436,2050,3644,12,0
437,2050,1995,1243,0
438,2050,657,770,0
439,2050,1552,48,0
440,2050,654,431,0
441,2050,1241,38,0
442,2050,1076,7,0
443,2050,3854,415,0
444,2050,883,497,0
445,2050,473,2116,0
446,2050,698,882,0
447,2050,1044,571,0
448,2050,724,525,0
449,2050,560,251,0
450,2050,746,411,0
451,2050,463,1326,0
452,2050,100,4638,0
453,2050,493,2415,0
454,2050,638,3619,0
455,2050,684,1576,0
456,2050,836,315,0
457,2050,455,534,0
458,2050,375,239,0
459,2050,1821,345,0
